LAMBX,LAMBY,train_n,test_n,rmse,mae,bias,aic,bic,lon,lat
3880,19850,432,48,1.3486069552544948,1.1072241221697405,-0.4270698951251524,1541.723406376534,1561.7428417120668,-0.3437065371810482,44.83319998089103
7160,24250,432,48,1.4795111962971337,1.172159125037214,-0.19239694419477174,1613.2111173575368,1633.2305526930695,3.9152146003192922,48.812922952306224
4280,23850,432,48,1.4345179363226284,1.1455422996943343,-0.44485942573276266,1545.3752022341846,1565.3946375697174,0.012137773658859359,48.440947100613045
7240,20330,432,48,1.418871166728184,1.123571220235349,-0.1932697895561951,1571.9002851496336,1591.9197204851664,3.916857501847985,45.286296864846356
8040,24410,432,48,1.494772581890642,1.172499802878557,0.2030829077657593,1644.2620170068926,1664.2814523424254,5.119778706645515,48.934732581146406
9480,18810,432,48,1.7355314850725045,1.3580258585126168,0.6555705518022016,1476.928707708199,1496.9481430437318,6.66114245404165,43.844453918123236
6760,23530,432,48,1.4048501947465863,1.1229861337015072,-0.033817104576951196,1607.03003399859,1627.0494693341227,3.358183363427627,48.17168259995474
9400,18650,432,48,1.3426273847616454,1.0847783827508561,-0.18877419803685566,1435.824983142557,1455.8444184780897,6.551269953867832,43.70474542083603
8840,21610,432,48,1.6985023754599549,1.3924761260195864,-0.1940118415322307,1651.4890402532699,1671.5084755888026,6.030446514307831,46.38904514103136
6600,23050,432,48,1.3991462325837831,1.140355445499875,-0.042846656444082726,1627.6929655647505,1647.7124009002832,3.1365504735480867,47.74172102996719
8920,20890,432,48,1.4917135557502585,1.2078943037313703,-0.08634162413452935,1597.5779667392158,1617.5974020747485,6.089667301660655,45.73858668479392
11640,17610,432,48,1.0964403860716567,0.8824857583820384,0.01781273328192523,1320.3829310660167,1340.4023664015494,9.204164402624144,42.63077513074267
9240,22250,432,48,1.6117145296622981,1.2798222911038541,0.09517744215484399,1657.0580595981025,1677.0774949336353,6.594819115878879,46.94590575097832
6520,20810,432,48,1.571069352148254,1.2421779340552819,-0.25101913764322864,1631.5313027297657,1651.5507380652984,3.004528544099773,45.727339872218415
8280,18330,432,48,1.3760602199087348,1.1520785748323623,-0.5250119253011295,1441.4866903327768,1461.5061256683096,5.15019055627673,43.462398883005676
4760,19370,432,48,1.4780687524834983,1.2266957197751271,-0.649702047584182,1518.1845866631465,1538.2040219986793,0.780476508229845,44.42298718225987
10680,22010,432,48,1.7966513530412216,1.4218899822073414,-0.3299564854299683,1641.8316638442461,1661.8510991797789,8.45639019276016,46.64498300638106
6520,24570,432,48,1.5147286043923363,1.213178591662736,-0.24345748676508094,1595.9776047917644,1615.9970401272972,3.048218639598011,49.10884402686894
5480,20250,432,48,1.5078224616965517,1.2509827941384233,-0.28013266645041507,1582.0708965912165,1602.0903319267493,1.6746297262350296,45.22356221963489
9720,21530,432,48,1.9068769074261736,1.5151723376298787,-0.5711838069496266,1639.528800863005,1659.5482361985378,7.1661111832515765,46.274271001467795
3640,20170,432,48,1.268985257621942,1.0435855808946253,-0.3786306299509592,1485.1553662348754,1505.1748015704081,-0.6622862559692047,45.113049983536904
5960,18890,432,48,1.6189661390754937,1.329797064456585,-0.27263395841243654,1590.275394169431,1610.2948295049637,2.2867460989971278,44.00242543181841
7880,18730,432,48,1.1537232111156377,0.9312113503363836,-0.12803409562608037,1423.7746495186625,1443.7940848541953,4.671548425365162,43.833505400650864
9000,21690,432,48,1.3471624750257138,1.0741052754913192,-0.24710134300348172,1610.669357170698,1630.6887925062308,6.243388079018283,46.453980207026355
9480,24010,432,48,1.501509423760845,1.2046068975454187,-0.13354227142897926,1678.1358345129086,1698.1552698484413,7.048017186630587,48.51390032004734
6840,22090,432,48,1.392227263942142,1.1225278663403697,-0.44036118940962643,1609.6088078644266,1629.6282431999593,3.4385903455129543,46.87562553979648
6040,25770,432,48,1.6114886436701665,1.267909885767038,-0.4086558557819357,1577.9985063753352,1598.017941710868,2.3924030751184118,50.188616020221936
6120,19210,432,48,1.5889326543875546,1.3029205053241182,-0.1211211761046291,1615.238741139628,1635.2581764751608,2.4867885595743084,44.290054647791415
8280,18730,432,48,1.5153550347213411,1.1454048063128373,0.5143306182613688,1470.0903483170773,1490.10978365261,5.167960788070232,43.82169271024305
6440,19050,432,48,1.626706921759322,1.328890094498046,-0.2153915877800263,1601.7523396263557,1621.7717749618885,2.8859809015413282,44.14491116066633
8920,24970,432,48,1.4992705895352325,1.1708435184618204,0.14516274879275767,1629.8721526139302,1649.891587949463,6.357694013112993,49.40322821626065
8840,24570,432,48,1.5254087419964988,1.183582913513123,-0.013869048817891638,1624.8182115039144,1644.8376468394472,6.220514045705048,49.04791313618468
2520,24010,432,48,1.2895494907571532,1.050261515265037,-0.5166584999044431,1442.121318381654,1462.1407537171867,-2.374991397788832,48.513841557194795
9880,18650,432,48,1.0358416366067627,0.8888527390281057,-0.4295749497531199,1232.550015451323,1252.5694507868557,7.144894889140916,43.67999742028453
5960,26410,432,48,1.620451575184751,1.2920343008392463,-0.2733626752382656,1544.8442962545619,1564.8637315900946,2.2799153200667845,50.76281238910349
6280,24650,432,48,1.5092773249151163,1.208630974261424,-0.24592229842781668,1595.5067668452793,1615.526202180812,2.72027498484366,49.1822248285827
7560,19770,432,48,1.5527762799056268,1.2624041332205633,-0.36398240847050234,1580.840527063492,1600.8599623990247,4.306644674326915,44.7762019693343
10280,23610,432,48,1.5341046545433012,1.2479359659550557,0.17281097890363872,1690.4425805312355,1710.4620158667683,8.088043737227107,48.10721510450955
4840,17770,432,48,1.3308517683274488,1.0641596947049972,0.06243953832095183,1518.8920924682743,1538.911527803807,0.9171186979895157,42.98647068917397
3240,23930,432,48,1.3171180315788231,1.0193842738004084,-0.13568954482601067,1394.3423145033848,1414.3617498389176,-1.3967154831508755,48.476786862595816
8760,21050,432,48,1.4069430801503984,1.137670941446695,-0.33731700224806604,1577.7500587255,1597.7694940610327,5.893603602700586,45.88906982996677
1400,24010,432,48,1.4178040297386423,1.1524807715339682,-0.47401854805133264,1394.4111432525895,1414.4305785881222,-3.885773504722232,48.44385213781571
2680,24010,432,48,1.2774355119896248,1.039860558535563,-0.5036575280471359,1442.0815374419906,1462.1009727775233,-2.158854283727258,48.522262430654486
5800,25530,432,48,1.6618624133388982,1.3290359926458015,-0.4849190856022032,1584.9895717579939,1605.0090070935266,2.0580913237950127,49.97287608380977
3800,24170,432,48,1.3867071959599278,1.1061441681587805,-0.3341075119659833,1515.9598514450865,1535.9792867806193,-0.6524112161322422,48.71385855566636
6360,20810,432,48,1.5395449352853041,1.2151296483672989,-0.2976722663787634,1626.300566760186,1646.3200020957188,2.7990015496101894,45.728373786546676
7080,19610,432,48,1.5208237357795904,1.2243896078045664,-0.21898336161817625,1610.1833205795797,1630.2027559151124,3.697116741006426,44.64147302749177
6600,17770,432,48,1.1877581999871598,0.9777113141151478,-0.4774136226335308,1394.4437312080536,1414.4631665435863,3.0708398259179353,42.993375054358395
3560,22090,432,48,1.4448468070392682,1.2316708654052186,-0.551060570435519,1557.7040449019314,1577.7234802374642,-0.8631217613532252,46.83621062965992
7240,25290,432,48,1.5645316862299885,1.2660903263955863,-0.10352846140805476,1601.531070928178,1621.5505062637108,4.054986030503846,49.7455466299386
9640,19130,432,48,1.554992048052959,1.21194430741364,-0.33628879564357317,1467.4202001239923,1487.439635459525,6.882513474373223,44.12357504380008
6360,24570,432,48,1.5238867528034352,1.2186280145834996,-0.23658317921250063,1597.4800566856784,1617.4994920212112,2.8292358616905533,49.10994419743852
9800,22890,432,48,1.5427087550306806,1.2176779929019879,-0.020203384383127927,1661.9266322714238,1681.9460676069566,7.382891750361071,47.49082670544206
1000,24170,432,48,1.1134857558876041,0.9368547135818671,-0.45249343037009937,1311.5325509872991,1331.551986322832,-4.442898316884305,48.55748714110353
8680,24570,432,48,1.5458227076861404,1.1988363718159596,-0.2118574606423702,1630.1470824996036,1650.1665178351363,6.002022907737359,49.054814077077786
4440,21050,432,48,1.2810596283500317,1.051497664169384,-0.20406966526477413,1552.700386538637,1572.7198218741698,0.32509991820397305,45.92727459950431
10360,23050,432,48,1.5421875896112192,1.218128332145823,-0.034630276232112844,1660.04061844647,1680.0600537820028,8.139705037806019,47.59966635328038
4440,19690,432,48,1.3483938820261843,1.068267081199745,-0.34594647346098845,1531.8902311681381,1551.909666503671,0.3690021744361107,44.70424899276143
5560,23290,432,48,1.474716259456346,1.1542956480838402,-0.23464666077724053,1601.688321224043,1621.7077565595757,1.7474222701334343,47.9588160091222
6920,20970,432,48,1.4135002572459374,1.110595721409705,0.09715727994609856,1636.1132659437149,1656.1327012792476,3.52139617917602,45.867039984203586
8760,23210,432,48,1.298813002516192,1.0667560226961899,0.06211219750239536,1619.5380357973863,1639.557471132919,6.024091913498648,47.83014336926809
6360,20410,432,48,1.505887625984546,1.2063193017902907,-0.16005014262289186,1616.5313387986102,1636.550774134143,2.7960022578080967,45.36852544247005
9960,25050,432,48,1.6651270665448812,1.319497079137322,-0.06379432706080183,1684.9421232815014,1704.9615586170341,7.793547188133378,49.41867541178487
9480,20970,432,48,1.792994427376636,1.4150136093462053,-0.2894564880587042,1647.731221810277,1667.7506571458098,6.81386525311984,45.7841000202038
7480,21450,432,48,1.372294872673456,1.1479383261622376,-0.29984822088932905,1628.9027432668709,1648.9221786024036,4.257478978226235,46.2888639752725
5480,22810,432,48,1.4466935259019063,1.1712360278430864,-0.5708504179871413,1575.2265046601865,1595.2459399957193,1.6459709959105804,47.52654189412896
1480,23690,432,48,1.235883057894796,0.9943886897866995,-0.3562807998201299,1379.3715158779,1399.3909512134328,-3.7445710753079715,48.16264487276882
1000,24010,432,48,1.1943993569438998,1.0009034868044,-0.42945642376860604,1352.51649395005,1372.5359292855828,-4.424281790625985,48.414181578549005
7000,19050,432,48,1.6757139327820414,1.352308664402731,-0.2958366758494044,1612.0687286821176,1632.0881640176503,3.5851522867819674,44.13915621498539
3720,24730,432,48,1.3787592754968625,1.1394523809278303,-0.5904586106147915,1437.8399377057588,1457.8593730412915,-0.7912549811806691,49.21392990915608
9000,20890,432,48,1.6612646702752316,1.3068435524721813,-0.28393737899072724,1611.63026571557,1631.6497010511027,6.192329901010725,45.73510488449413
4360,18330,432,48,1.2530148570645938,1.0177323147230897,-0.22729168723262405,1501.1737500893623,1521.193185424895,0.3123264187484635,43.480069695755674
6120,24410,432,48,1.6686359203122254,1.3395836318413048,-0.4509673118722322,1594.591747749575,1614.6111830851078,2.500294175919252,48.9670668704694
11640,23610,432,48,1.6618982823214246,1.3682288532071893,0.2715540175054042,1704.9170497339585,1724.9364850694913,9.905705579138834,48.00371056945916
4040,17610,432,48,1.573326246419395,1.2486981665747994,-0.03838738245837799,1603.7204263785434,1623.7398617140761,-0.05537817161646453,42.82536392616437
10200,22650,432,48,1.5554926511188198,1.2309275338976344,0.011440121649640145,1667.2646175545137,1687.2840528900465,7.8899210217463605,47.25119171494113
9160,22650,432,48,1.4474694383415359,1.1775938800761203,-0.10601225464951214,1645.525262378615,1665.5446977141478,6.517811654191937,47.309082591629775
1560,23530,432,48,1.3474355328035352,1.121606191068789,-0.46580686877986466,1455.7566738479877,1475.7761091835205,-3.6210710793014345,48.024696422923114
3480,23850,432,48,1.4477401629937434,1.177737495854455,-0.5150933918727184,1517.1975680342016,1537.2170033697344,-1.0678281171932371,48.41473489517077
6680,20250,432,48,1.4002256276255807,1.0935146467688508,-0.028555242127172763,1578.1057950736833,1598.125230409216,3.2021308122992074,45.22217269383995
8280,23850,432,48,1.4789676629505977,1.1664366304024678,0.20359010977750616,1655.8098995285031,1675.829334864036,5.416980403814785,48.42367385713321
1080,23610,432,48,1.315203768368599,1.0927428900969054,-0.4334886359980719,1421.4653987512384,1441.4848340867711,-4.271258182001954,48.061936717771154
5640,18890,432,48,1.5285832576320952,1.252878658077143,-0.2619382440318116,1563.9559139564315,1583.9753492919642,1.8881828063207116,44.001511332146706
4120,18570,432,48,1.1909173186631614,0.979740712890876,-0.1940392354187741,1491.1498197003702,1511.169255035903,0.007479156703527829,43.68971872326662
5160,24090,432,48,1.4971803195428197,1.1553078270671253,-0.23843979255458414,1569.4430142609826,1589.4624495965154,1.1963913913988204,48.67408948842505
7000,24250,432,48,1.4938087951427366,1.1933314513417492,-0.2756618837223827,1607.7502195393904,1627.7696548749232,3.6975086528445646,48.815610687295184
2840,23770,432,48,1.4004326845522639,1.1141005885884565,-0.4678322368180153,1484.943435134946,1504.9628704704787,-1.925042100638562,48.31483904004273
6200,23770,432,48,1.4156452030473539,1.1115753268620794,-0.06680379881034075,1599.1731624564227,1619.1925977919554,2.606494572197926,48.391598030232885
6040,18090,432,48,1.3739189726196592,1.132577139506877,-0.6180220588763525,1485.1251632601627,1505.1445985956955,2.3857722893699274,43.28337819833502
7800,24250,432,48,1.4628645892475525,1.1643411291860168,0.0005880121337203392,1621.0388387928372,1641.05827412837,4.785762967309552,48.79819052760252
5400,21690,432,48,1.3278299500558017,1.0734401876014141,0.04491760750850513,1599.2718475708643,1619.291282906397,1.5545492226432418,46.51836079141421
6840,24170,432,48,1.4892890233141602,1.1921614161369811,-0.29679808112281564,1605.3330865788546,1625.3525219143874,3.4782013710426845,48.74600396827183
8920,18090,432,48,1.2442657605414424,0.9653096850064008,0.109157141760247,1389.6411190651606,1409.6605544006934,5.9254857287867315,43.223498316436924
9880,19050,432,48,1.4694578958063946,1.154902814271279,-0.355651954734936,1441.3531999576405,1461.3726352931733,7.175369896825011,44.03890299080729
3080,22730,432,48,1.382255257631615,1.146061191116398,-0.39465112860246215,1538.6982521341572,1558.71768746969,-1.5329298906096789,47.39195259787597
1000,23850,432,48,1.1698668321211454,0.9688328777677496,-0.390328691481173,1354.320312907883,1374.3397482434157,-4.4057669727508735,48.270859280871726
8520,21130,432,48,1.5120469119127038,1.2182528326240936,0.1931563899439722,1648.6894231947317,1668.7088585302645,5.588926267922547,45.97032608777171
8920,20490,432,48,1.5682194479403413,1.2435300893669914,0.38915973226829426,1560.931243001286,1580.9506783368188,6.065299660091912,45.379138691722595
7160,23770,432,48,1.4743650248344955,1.175692382996045,-0.32663570904207245,1603.753483318708,1623.7729186542408,3.9022093975049184,48.381527139749856
4440,24490,432,48,1.3890179810164136,1.061869139267103,-0.22102759786563153,1510.6161952817756,1530.6356306173084,0.20478867035510878,49.020044246483586
5800,17210,432,48,1.4639501325255677,1.1200972511168492,0.20182903099787172,1562.0771628437165,1582.0965981792492,2.09393873105407,42.492675276765226
6040,26170,432,48,1.648958877016867,1.2984351150265907,-0.25004702422961705,1551.3629773401203,1571.382412675653,2.3927981112397307,50.547540972625605
5080,25450,432,48,1.4276173274310962,1.159308308837737,-0.5226531869086393,1474.7450618725113,1494.764497208044,1.0577804584273456,49.894645383217835
8120,20490,432,48,1.471976370071959,1.1983809798602019,-0.1920133860260467,1609.8308578082608,1629.8502931437936,5.044684700289377,45.40859461434481
2120,23290,432,48,1.348800553059994,1.1102882635646,-0.47640356460836375,1479.4100473440303,1499.429482679563,-2.8507852357590227,47.84508499063923
9480,23530,432,48,1.7129788507401746,1.4141139892710968,-0.3173033463494451,1677.7515715852717,1697.7710069208044,7.009432686052291,48.083098643485116
6360,20330,432,48,1.5149427111100782,1.220643873930772,-0.18515819352852994,1617.3507239028572,1637.37015923839,2.795407065569132,45.296559256592715
5720,21210,432,48,1.5670858872835665,1.2584731595431864,0.6230452928273404,1623.5203373773836,1643.5397727129164,1.9744872103612032,46.08861494135423
5080,23770,432,48,1.576545484201497,1.2704421851155219,-0.5766882479334251,1578.1313835445612,1598.150818880094,1.0946919788916347,48.385363148427
4120,23770,432,48,1.4830148808468138,1.210524008332321,-0.5325839452931634,1544.590150057967,1564.6095853934999,-0.2004496148065159,48.36460870636844
9480,19130,432,48,1.649832948517781,1.2668788900216879,0.2957192883906193,1544.339990992757,1564.3594263282898,6.683107894257867,44.13170748748959
3720,23690,432,48,1.4439325590708034,1.178972409640295,-0.4886553659385587,1530.3351763674018,1550.3546117029346,-0.7355080134858804,48.27989367522629
5800,25290,432,48,1.6720434068670404,1.3234049377169943,-0.42661689850705226,1592.8052832914982,1612.824718627031,2.059272908362165,49.75739053473796
5080,25290,432,48,1.5077348546867604,1.208185170046968,-0.4871007522621397,1513.948924973285,1533.9683603088179,1.061390073439755,49.75099954568556
8440,22650,432,48,1.3988373397799818,1.1320034709625464,-0.01166178161186989,1618.5218887376711,1638.541324073204,5.5663430962602485,47.339600327739625
3560,22170,432,48,1.4435634981451977,1.2316561550383944,-0.5634130173020316,1554.6116053638168,1574.6310406993496,-0.8673966668565551,46.908122070918694
3400,21610,432,48,1.248384004360873,1.0368406518383402,-0.2214655044129014,1518.0853961157702,1538.104831451303,-1.045608162625109,46.398718896553085
7880,21930,432,48,1.2546725366152813,1.0264573002913715,0.027355813672340135,1606.2016692285915,1626.2211045641243,4.7958332700478845,46.7105246165993
7000,20970,432,48,1.4100490182634706,1.1268689759875032,-0.16163191896551354,1637.7822207917857,1657.8016561273184,3.6244090119827845,45.86590848481182
6280,19530,432,48,1.5975048303596424,1.334380111147432,-0.183487982036779,1615.2282175784235,1635.2476529139562,2.6888786232760364,44.57736150254473
7480,23290,432,48,1.392052597414755,1.1659767911211214,-0.3024737617003809,1636.4143015261848,1656.4337368617175,4.317640882494073,47.94354018821258
8920,24730,432,48,1.5171788052774466,1.1855750805779448,0.026405226423383017,1631.7359538848818,1651.7553892204146,6.340873246483686,49.18789413385738
6120,17290,432,48,1.3252186235264205,1.0283485646283266,-0.06143343086024492,1517.7255706144574,1537.7450059499902,2.4823495489509333,42.564686573587814
8840,21930,432,48,1.7007859930346476,1.337051492747774,0.7798439939024814,1652.89674130639,1672.9161766419227,6.0500933207094825,46.67662455816015
10520,22730,432,48,1.5546609365181974,1.2300278501068098,0.00833938691859785,1667.0172455559127,1687.0366808914455,8.319499737345307,47.30185838430067
9080,23770,432,48,1.4819099439033607,1.2165474018359703,-0.23455498252948428,1641.053015464715,1661.0724508002477,6.490388290819929,48.31874014033078
3080,18090,432,48,1.227934819560572,0.981888026965315,-0.06541033918927475,1511.6092249016972,1531.62866023723,-1.252331955408932,43.22345733773973
6120,17450,432,48,1.2232004433448036,0.9772589178935077,-0.1864391314254802,1477.9823116538164,1498.0017469893492,2.4827094005617685,42.708366386473216
3560,21610,432,48,1.2498765715277091,1.0367085062665624,-0.22844454978421877,1518.5434277404297,1538.5628630759625,-0.8377098346679337,46.40472234661788
6680,21850,432,48,1.3136865608993669,1.0558564174119578,-0.3335774869110428,1617.5707422857354,1637.5901776212681,3.2251377122413922,46.6615465833506
9480,22410,432,48,1.5564046767882143,1.2393031820629978,0.12036435124534668,1652.5527718466108,1672.5722071821435,6.921811279021025,47.077478271888936
5080,24570,432,48,1.4764941248975851,1.145293081621227,-0.4305223082538722,1563.5998159557348,1583.6192512912676,1.0773844222142566,49.10432550597352
2360,23610,432,48,1.3218328042475294,1.1041724740456427,-0.44400097040925335,1465.0872281972895,1485.1066635328223,-2.5573802896798967,48.14609223482479
5720,24170,432,48,1.419442350922829,1.0752826241297895,-0.01562840032956737,1578.4061834031966,1598.4256187387293,1.9559186253174887,48.75086872100634
7560,23130,432,48,1.4100809858050933,1.1867285280214446,-0.33217490545101414,1640.7868340154346,1660.8062693509673,4.419008323997915,47.79783712619379
7720,20650,432,48,1.6884828196538042,1.3631741127618195,-0.6574739113680254,1649.2922800250624,1669.3117153605951,4.539739686900917,45.563703330971144
4360,21210,432,48,1.2838047045765546,1.0537474243571217,-0.20507185963886365,1553.557861398134,1573.5772967336668,0.2164324272884385,46.06928335280611
8360,20090,432,48,1.3544049416717903,1.0480214712115519,-0.10673678809276455,1539.8457519097146,1559.8651872452474,5.331526067417421,45.04117580034632
9000,17930,432,48,0.9888500902883709,0.8260870365386358,-0.23455189144704794,1236.5043611328501,1256.523796468383,6.0144763909571015,43.07657909297174
1320,23850,432,48,1.3745996370547762,1.098819632774429,-0.3733295296314177,1404.062443523384,1424.0818788589168,-3.9761778192778,48.29472906908305
9400,19450,432,48,1.601845919294443,1.271497451485935,0.15282219763317867,1541.8549446326956,1561.8743799682284,6.605066290353213,44.42295766039345
11800,17530,432,48,1.256101599214759,1.0296140888175123,0.020971451466516283,1281.6390760460376,1301.6585113815704,9.389241995191329,42.54651512165463
5720,25450,432,48,1.6649809126449708,1.3259226798822918,-0.4551756335917177,1588.345670012207,1608.3651053477397,1.947286359729502,49.900747869197005
9720,19850,432,48,1.5431794947177362,1.2271534571512355,0.13050768844783725,1573.2229723370651,1593.242407672598,7.03588331885861,44.76570492675799
6840,24410,432,48,1.530412105249106,1.2163378159091924,-0.2533055679383256,1613.9289972057647,1633.9484325412975,3.482955926812453,48.96167991333718
5160,23770,432,48,1.464105435568137,1.1129341650048865,-0.2381547059630104,1580.1050379912379,1600.1244733267706,1.2026606296417672,48.386450754908616
1400,23690,432,48,1.2315973214207425,0.9862418218141897,-0.33910318602207484,1381.3217901544035,1401.3412254899363,-3.851760366853903,48.15703533609477
9240,23690,432,48,1.5530440695298704,1.2569943681902174,-0.16953981689453626,1659.3503300643144,1679.3697653998472,6.69975915458614,48.239126848500526
6200,26490,432,48,1.5712472418784023,1.2664681580863928,-0.061441256841340185,1535.177671338839,1555.1971066743718,2.619688199873871,50.83424724356469
10040,23690,432,48,1.5827244438131025,1.2417082366572822,0.1220695990759567,1647.3043398179861,1667.323775153519,7.774009226754115,48.19431396192703
6840,21290,432,48,1.3721894994716524,1.0971580735903435,-0.2926669381892932,1636.0705599935013,1656.089995329034,3.4240778030958317,46.15595104577012
8680,18010,432,48,1.2465012256741241,1.0556089999079636,-0.29539034480517884,1346.6026376217796,1366.6220729573124,5.626754121313348,43.16112007922176
7560,25530,432,48,1.6748037299505982,1.3368301985006832,-0.03478851580272163,1615.5910601537687,1635.6104954893015,4.5074483533981144,49.953866787316116
6520,22810,432,48,1.3782262618787136,1.1038697521073877,-0.4271673360664215,1606.4252193466173,1626.44465468215,3.027077225300349,47.526550385160874
4600,24250,432,48,1.5285623250068907,1.1854520236027855,-0.381853566835574,1555.8781224684985,1575.8975578040313,0.43128625167190016,48.808120815336885
6040,24010,432,48,1.4805472989777761,1.1840637357521568,-0.301161143490114,1588.9830741525534,1609.0025094880862,2.3907293092206108,48.60764951825126
8120,22650,432,48,1.2557760413944417,1.0161098030906477,0.019606679401461047,1608.7847284724821,1628.804163808015,5.143147435321208,47.35064857716937
5480,19850,432,48,1.5410327773691004,1.2823983113176796,-0.40166804760302804,1582.5726613127856,1602.5920966483184,1.6788942811602612,44.86377031777951
3960,21210,432,48,1.2474062591246982,1.0207279156391127,-0.1653377407079568,1531.3810874367393,1551.400522772272,-0.300317473189018,46.05839150951078
8840,23050,432,48,1.4822334599218305,1.2194716094648148,-0.35434786557162634,1642.2881560675978,1662.3075914031306,6.12053307947303,47.68298784149935
9240,21850,432,48,1.3416847982852471,1.0995698178194078,-0.3943525766319009,1604.5056242853684,1624.5250596209012,6.566558229852209,46.58656760439451
6200,23530,432,48,1.423321414793506,1.110358413627438,-0.1832264363715078,1604.321977765313,1624.3414131008458,2.6053893030641864,48.175811839305446
6520,19610,432,48,1.8744553022405972,1.4283470157591445,-0.40013627285376746,1643.006255055216,1663.0256903907487,2.99169296308495,44.647926873622694
3240,18490,432,48,1.2978673915163021,1.0741890687864732,-0.4982396154824724,1506.3454380608416,1526.3648733963744,-1.0772764356618814,43.58896322079408
4840,22010,432,48,1.2961771853228423,1.0463544120957116,-0.16643247868227126,1573.5473411177309,1593.5667764532636,0.8167643493140422,46.7988463255476
6840,23610,432,48,1.4407504984391113,1.1611347041381228,-0.17270258537552388,1610.7542178188025,1630.7736531543353,3.46725935010077,48.242624255068165
2840,24090,432,48,1.2595941471231598,0.9694693743816618,-0.12270613418027417,1387.2278510505498,1407.2472863860826,-1.9485504005290102,48.6020969887219
3640,22490,432,48,1.382674455782301,1.1689822714657885,-0.4168484896065339,1559.322977725374,1579.3424130609067,-0.7791124696601095,47.19865519245863
8200,25450,432,48,1.6013367775968101,1.2844750491078105,0.23233357213671024,1638.7293863390198,1658.7488216745526,5.39300434424528,49.86298064944672
5080,22570,432,48,1.4212998802423333,1.1401263564927555,-0.455574354284956,1578.7819104829346,1598.8013458184673,1.1197795422713124,47.30630737582018
3800,19690,432,48,1.2717581017561173,1.0029266922955264,-0.3213258467048565,1520.2144849228762,1540.233920258409,-0.43762741614179346,44.686883835189974
4440,22810,432,48,1.3637846863624832,1.1011008619616607,-0.2827761029138971,1582.7247455582872,1602.74418089382,0.2652916749982164,47.51009878112472
3560,18570,432,48,1.286875147755708,1.0633222967667095,-0.4310941043341409,1491.9403589953113,1511.959794330844,-0.6856870528630958,43.67258265562916
11720,17930,432,48,1.1143810425077427,0.9359964909500444,-0.3906344206526103,1243.8928491495028,1263.9122844850356,9.335672626852242,42.910728365194615
7480,22090,432,48,1.351335990422326,1.164345280711213,-0.20210746841269653,1626.0935972759885,1646.1130326115212,4.277985988953293,46.86448361717169
11560,23610,432,48,1.6618982823214246,1.3682288532071893,0.2715540175054042,1704.9170497339585,1724.9364850694913,9.798989686450485,48.010578658382364
9960,23050,432,48,1.5656356899160349,1.2464853617552005,-0.06613645129692462,1654.3694448586189,1674.3888801941516,7.608978294551637,47.62499088668604
5160,17850,432,48,1.3301669841691832,1.0644053254733512,-0.23975997507260796,1489.1532736196214,1509.1727089551541,1.3073578364411642,43.062809841648836
5720,20330,432,48,1.4118884875734103,1.1805969296492576,-0.11568966631534605,1596.7372285360666,1616.7566638715994,1.9796635538478504,45.29692787772072
4520,18890,432,48,1.3137405284983568,1.0759594842959024,-0.3084602506533878,1517.652534346928,1537.6719696824607,0.49352767164965483,43.986825522082
6200,26010,432,48,1.6306825095645001,1.283318502250508,-0.3854772174809768,1584.718599387147,1604.7380347226797,2.6172668596369237,50.40368482094751
11480,22810,432,48,1.5416496733027027,1.2179286566371552,-0.028802453104386855,1660.5515405100414,1680.5709758455741,9.593396016647004,47.3009273334894
3880,20890,432,48,1.2337449303654902,1.0119803523767268,-0.15302627581897474,1523.7011235422758,1543.7205588778086,-0.3892994010474161,45.76820455839315
3880,24810,432,48,1.2141310720641683,0.966017377898436,-0.34665942960294377,1421.7376248608557,1441.7570601963885,-0.5760376216798478,49.29127504203833
8360,18650,432,48,1.4130889311300863,1.1376925642717945,-0.24683623014484732,1458.9853696680364,1479.0048050035691,5.263520431362399,43.74719506572534
2760,23210,432,48,1.3703840475869156,1.1571172987764147,-0.47274698021963896,1520.72536353954,1540.7447988750728,-1.9911650886876044,47.80809207953713
4600,21850,432,48,1.365166153955912,1.12969597979548,-0.47492544464620573,1564.7810765967329,1584.8005119322656,0.507313057401963,46.65033107470108
5960,26730,432,48,1.5587042039671495,1.2442874125216892,-0.1832478793455282,1480.4532004817588,1500.4726358172916,2.2795831708630168,51.049738562322666
1400,23370,432,48,1.3085248463899162,1.0889491369203985,-0.4674832814693614,1410.0013682575545,1430.0208035930873,-3.8181162866902194,47.87016004576697
7960,20650,432,48,1.459205136798544,1.2044845796076886,-0.28456821777012614,1596.0621345288755,1616.0815698644083,4.846965545324027,45.55723187090663
8840,24490,432,48,1.5227561905960754,1.1832841251510102,-0.0020939134805495288,1626.3374284267375,1646.3568637622702,6.2151204435973035,48.976110597856476
7160,25290,432,48,1.5477534217697955,1.2557682132410368,-0.10616205098179492,1599.0017492657632,1619.021184601296,3.944147420106087,49.74706585616565
7400,19930,432,48,1.70844069989384,1.3464362892338204,-0.26947965445308847,1616.058949909466,1636.0783852449988,4.109211378078245,44.923497771151304
5160,24650,432,48,1.3627851942336,1.0437371260729833,-0.12070802976501144,1568.3261938790565,1588.3456292145893,1.1852518499903955,49.17730185532106
9320,18090,432,48,1.1242663308897152,0.8555692192449923,0.15739841453669304,1329.89890672661,1349.9183420621428,6.416288096617104,43.20597519583316
6360,17450,432,48,1.0583305713608422,0.8737127924490936,-0.3036547493468322,1381.2411590715383,1401.260594407071,2.774962111161826,42.7075666087421
3960,22810,432,48,1.3295095502110952,1.0390623280558398,-0.26654765386311,1576.1179059094022,1596.137341244935,-0.37156530721395764,47.49697018573484
3880,17770,432,48,1.453900565672265,1.131089934115966,-0.1607795279762965,1573.76078134628,1593.7802166818128,-0.25694617043040074,42.96445087057669
9960,23130,432,48,1.4793243460106154,1.1823730950181959,-0.027763353094897174,1663.4713640554091,1683.490799390942,7.6161213507524215,47.696782077671
7160,19930,432,48,1.4964340848872473,1.1786901942488472,-0.1759243452206266,1582.2544859789132,1602.273921314446,3.805405672343324,44.92794713226978
9400,20490,432,48,1.6745746250438869,1.3257710862921228,-0.17282099506717918,1611.1383807125926,1631.1578160481254,6.677087348704173,45.3569861541951
11800,17690,432,48,1.0626205999285052,0.8580104464896485,-0.19158752915204547,1272.9978604497517,1293.0172957852844,9.406694225321472,42.689613129734745
8200,22730,432,48,1.2568825553710954,1.0175297827092802,0.01088054135636938,1610.205324730563,1630.2247600660958,5.252889444312517,47.41994335291779
4840,24170,432,48,1.4521956770888653,1.1739162587356624,-0.3967038534512521,1562.7426065812438,1582.7620419167765,0.759982931222199,48.7410136275697
4680,25130,432,48,1.515063579650754,1.2495212067424342,-0.596130278447549,1488.6585959349472,1508.67803127048,0.5123153630276995,49.600253160375686
1480,23770,432,48,1.3720642542254249,1.0969856624927565,-0.3690010987426742,1404.5983758858183,1424.617811221351,-3.75289404306887,48.23436226693922
3480,22570,432,48,1.3808320399603848,1.1702149239037476,-0.4262136558193801,1558.5737216621064,1578.5931569976392,-0.9945720644478143,47.26465710045243
9000,18890,432,48,1.4906602070744113,1.2822490133856697,-0.5603683850548272,1433.8353935301307,1453.8548288656634,6.070334729396573,43.93838543940767
2920,22570,432,48,1.3843285123601041,1.1466610356155094,-0.39566740706142123,1538.5090285412723,1558.528463876805,-1.7336130804430923,47.240943228882415
7560,21770,432,48,1.3339074486426468,1.0990897965463138,-0.2623015864322492,1622.1691294694406,1642.1885648049733,4.3720186483969,46.57486338704764
3240,23130,432,48,1.3424770354989852,1.0647743183957854,-0.29035662200275975,1540.1107968058006,1560.1302321413334,-1.3460438288462953,47.758228205469415
6440,18330,432,48,1.3516630304276067,1.1093233264320972,-0.22355831577697027,1539.874067594664,1559.8935029301967,2.8797747582310507,43.49769838175345
5080,24970,432,48,1.504398056603701,1.205161002709498,-0.5083907797029176,1538.3218406632886,1558.3412759988214,1.068548536333808,49.46364059330981
8520,23290,432,48,1.3738302666089912,1.136082651561263,-0.04509136180677226,1634.4967745078707,1654.5162098434034,5.708426340331492,47.91170483543165
11640,17130,432,48,1.4323377372050965,1.1836549089592614,0.3903410994508496,1384.005233183403,1404.0246685189359,9.153603993218299,42.201469361089124
7160,21370,432,48,1.5618269658660464,1.2763098836472087,-0.7099683636036405,1646.055452575246,1666.0748879107787,3.840270768674582,46.22317420139745
9800,24810,432,48,1.6218040557200948,1.302759711466048,0.16170677718980198,1671.6703218485088,1691.6897571840416,7.551813197268183,49.21331091965917
6600,26410,432,48,1.6670039156270264,1.3154758477206905,-0.2895559180449657,1584.7922796051546,1604.8117149406874,3.1848628580318135,50.75992698965241
4600,20810,432,48,1.360278978744904,1.1158152918303568,-0.11802942582748022,1567.1262656047363,1587.145700940269,0.5384063965438993,45.714904988022845
9720,24490,432,48,1.6700672889253807,1.3194932536285935,-0.06542278183358748,1684.6448632194606,1704.6642985549934,7.413999496060282,48.931084432977805
1480,23850,432,48,1.3797702316555998,1.1040227028869678,-0.38949576248911894,1402.021094595189,1422.0405299307217,-3.7612397777457036,48.30607589997719
6920,21530,432,48,1.3682762776750874,1.0929572785200248,-0.2873817417445142,1633.4498557095233,1653.469291045056,3.5323618624860367,46.370810882840345
5000,21450,432,48,1.3587250428996638,1.1101813682839523,-0.12892418351063187,1579.587291790454,1599.6067271259867,1.0384683067855267,46.29768736413237
10120,21850,432,48,1.8150345458757051,1.440299013330508,-0.4598810839541419,1624.9402778965434,1644.9597132320762,7.712255487959104,46.538224139032685
6120,21050,432,48,1.4904197678469493,1.1890417810454785,0.008421489599028368,1629.5306285752777,1649.5500639108104,2.4913045123322894,45.94514119010761
8680,19130,432,48,1.4071902982884565,1.1564326937113865,-0.41141688823735745,1490.4681755745562,1510.487610910089,5.685290775109641,44.16690030692032
5800,18250,432,48,1.4382667334874943,1.1950058124920582,-0.08588388632088544,1554.8498388269304,1574.8692741624632,2.089970149520856,43.426883223158626
8520,23690,432,48,1.3879908518169735,1.1377539039577613,-0.14379255072356542,1635.2786314649666,1655.2980668004993,5.73152578240777,48.271058871679365
3400,22410,432,48,1.3804098632910162,1.1694639905544986,-0.42622902621313435,1558.4792902570741,1578.498725592607,-1.0909698688902045,47.11776530432266
7400,25530,432,48,1.6782604158822672,1.3303891260567073,0.008745912402691014,1616.9627793012537,1636.9822146367865,4.284882193345269,49.95762912455049
3640,23130,432,48,1.3924392220457902,1.1224711906756122,-0.39268406139415163,1543.4015042962114,1563.4209396317442,-0.8129586080885548,47.77386195983746
7080,18650,432,48,1.2779111254687303,0.9508777281671082,0.5285661912434776,1455.9370733782525,1475.9565087137853,3.676510993858082,43.7784146853411
4360,24570,432,48,1.3786417754725198,1.0781941808965863,-0.27080945973867915,1502.0429560072857,1522.0623913428185,0.09240649863356805,49.08990228758014
9160,18090,432,48,1.1034939293659245,0.8375119527443271,0.15023773318810216,1314.75421119373,1334.7736465292628,6.220003204669065,43.213253392578736
10840,22970,432,48,1.5571384232963081,1.2340177445019398,0.01441525806107824,1667.898019128991,1687.9174544645239,8.767186160958177,47.49436426568733
3240,18330,432,48,1.1490392475848767,0.9073531927345179,-0.15812945348389798,1488.672667552279,1508.6921028878119,-1.068706066501551,43.44530216930405
5160,17770,432,48,1.3963093672540483,1.1137845505895914,-0.13499100199017453,1505.8483983679728,1525.8678337035055,1.3086404717579199,42.99094821595616
6280,22250,432,48,1.3499574010605935,1.102912344595544,-0.27496845624221555,1599.8412148556388,1619.8606501911715,2.7048884807580476,47.024268800583336
5320,23850,432,48,1.4383916815553073,1.1060295334244892,-0.26849361310251835,1577.280401144741,1597.2998364802738,1.4173465539895644,48.46024723341796
3560,18650,432,48,1.284976641957611,1.0645575855427862,-0.511163183551579,1496.0456449466678,1516.0650802822006,-0.6895009705713399,43.74443815375532
6120,21530,432,48,1.4104732335335426,1.1279301735847544,-0.04890281721036571,1620.772085291212,1640.7915206267448,2.492527697365567,46.376994192962776
4680,22650,432,48,1.3801792578403027,1.1311845159353442,-0.41652124224208187,1581.3572119860564,1601.3766473215892,0.588553325117419,47.371468258805685
5640,19130,432,48,1.6183306188152575,1.3304240663776314,-0.32358142750961943,1584.1953518831187,1604.2147872186515,1.8864686244483309,44.21729280206699
6120,25690,432,48,1.6304657259708262,1.2858843080721105,-0.3936689755231444,1583.4956724370861,1603.5151077726189,2.5040004765750177,50.11671008601479
10040,21210,432,48,1.8285436505569905,1.4344049527998262,-0.2693319471372902,1660.1212243029324,1680.1406596384652,7.552854081444255,45.96857105664148
8600,21610,432,48,1.552487869121157,1.2631520111502825,0.5543911964163378,1657.9792259909386,1677.9986613264714,5.718688014950777,46.39875971134247
5240,19050,432,48,1.4639160868170134,1.2159171738941124,-0.3386076478484447,1539.7345222320444,1559.7539575675771,1.387606157657753,44.14215999801127
5320,23210,432,48,1.39483939846621,1.1307353752643414,-0.33716604100004943,1575.808888416609,1595.8283237521418,1.4273607819977978,47.88481589345498
7640,22810,432,48,1.4045132854685156,1.1629796443336007,-0.39167453146317216,1626.8674546673499,1646.8868900028826,4.513921947557721,47.508180291055474
8360,24090,432,48,1.4825852350340925,1.168335090993482,0.20280785858881414,1654.9583520402161,1674.977787375749,5.538148225594543,48.6363810044338
2600,24170,432,48,1.2479955081268674,1.02583203968963,-0.4553037841430389,1443.2023802200497,1463.2218155555825,-2.2796420315315773,48.66168231081727
4920,21610,432,48,1.3057370638065788,1.0590684437820117,-0.16799973642663865,1577.5184299192588,1597.5378652547915,0.9309282128217898,46.44037872127714
7000,23290,432,48,1.388222372251314,1.1324506619548378,-0.011746035637458666,1620.799945037558,1640.8193803730908,3.6752685325698535,47.952651918179285
5080,19690,432,48,1.4715554699632518,1.2055309302856052,-0.467733989294997,1559.5208473643675,1579.5402826999002,1.1760467129370198,44.71570724115051
3640,24410,432,48,1.4530511918394857,1.2065700386569442,-0.6544687319738366,1441.3380422718487,1461.3574776073815,-0.8829044413672266,48.923716006391366
3000,23690,432,48,1.3964877380090777,1.1118383886026961,-0.4679939469305927,1484.589571640864,1504.6090069763968,-1.7041155096319454,48.250605649896904
2920,25130,432,48,1.0398558717235438,0.8875257400745223,-0.474783804036959,1208.8167029539595,1228.8361382894923,-1.9165301264662087,49.53913422395676
7960,19610,432,48,1.27704016413824,0.9971480412216205,-0.021078453680024017,1511.9569339978646,1531.9763693333973,4.805153736793739,44.622202369559496
3800,20970,432,48,1.2356452523068608,1.0130339789469787,-0.1546411576055204,1525.425680761074,1545.4451160966069,-0.49578010694702107,45.83758858304854
5560,18410,432,48,1.52123006843806,1.2422455916508592,-0.44543700811055614,1525.709920167129,1545.7293555026617,1.7926864151403499,43.56958958378904
7320,24570,432,48,1.6019659207354262,1.2969218259751245,-0.40553069820999327,1618.9185362783737,1638.9379716139065,4.142899100793524,49.097336058493845
8360,23690,432,48,1.4792896899444168,1.2170675265509538,-0.1576244657024227,1655.7225083887529,1675.7419437242856,5.5162123823658975,48.27707266198797
8680,20250,432,48,1.3680479463264608,1.101427774893195,-0.14872830024948755,1515.8105963096177,1535.8300316451505,5.745946963458975,45.17326040557272
6120,17370,432,48,1.180355627013564,0.9568164167278447,-0.19293039801880715,1437.6653979679509,1457.6848333034836,2.4825292524947478,42.636523783453114
5080,18090,432,48,1.318662411462709,1.0870211407854604,-0.2797011068422092,1497.1749770133413,1517.194412348874,1.2051146962155843,43.277432474048204
5480,18650,432,48,1.443327269492764,1.1776823389175204,-0.1918340816853004,1528.2714953544057,1548.2909306899385,1.6913646625817738,43.784760102980044
7080,23130,432,48,1.3753535176229337,1.1237079586561023,-0.08345657726393534,1631.1746022929906,1651.1940376285233,3.77841826216633,47.80751104648171
4440,17450,432,48,1.7182134446998207,1.392510397658933,-0.11569861325277418,1636.4459915992718,1656.4654269348046,0.43728043404672085,42.69152722402282
9000,22490,432,48,1.491401336309246,1.2070908162771241,-0.1738636544074621,1650.26352930039,1670.2829646359228,6.295815624807621,47.17279523429488
9400,22490,432,48,1.5447626872331015,1.2363435677865613,0.18105277912732895,1653.7701332917509,1673.7895686272836,6.822642456217362,47.15347572675412
8600,18570,432,48,1.3019880087881746,1.0486065636466584,-0.12192767532606848,1415.1882029516687,1435.2076382872015,5.5567965783532935,43.6669090889213
6120,20410,432,48,1.4385340726837514,1.149651227362056,0.37761035060797976,1594.470425772217,1614.4898611077497,2.4897032009752196,45.36936501167677
8360,22730,432,48,1.397799117812492,1.1292644056406045,-0.004664569629452238,1618.0920283018354,1638.1114636373682,5.464772444925475,47.41441190913235
5240,23770,432,48,1.4420151415577562,1.104860361791036,-0.26382358536993583,1577.6870766947,1597.7065120302327,1.3106335639868454,48.38743956819584
5640,20570,432,48,1.4668792117974545,1.2126441743519745,-0.03525387656469552,1621.026886138693,1641.0463214742258,1.875902040470549,45.51245614819096
6680,19050,432,48,1.5477819380567168,1.2702056614105148,-0.06877669534277274,1579.7290224958783,1599.748457831411,3.1856428629144413,44.14299316508902
5160,18250,432,48,1.3754353567655522,1.1502048566218528,-0.4103636543091578,1505.998538768565,1526.0179741040977,1.3008963614314568,43.42218716649724
5000,21290,432,48,1.3646873395518724,1.1137665012893758,-0.11840749647190812,1581.0075212605911,1601.026956596124,1.0418908290491085,46.1537553384995
9880,21690,432,48,1.924887590089842,1.5270161070478079,-0.5834407629846573,1638.811756484945,1658.8311918204777,7.386603290660401,46.40889842081973
11160,22170,432,48,1.737762489117496,1.394104251448927,-0.0005343252102832005,1650.01010445472,1670.0295397902528,9.099081514218376,46.753101404678
5320,21050,432,48,1.4155209615057844,1.1665860070379284,-0.06180124674377944,1581.8613218448786,1601.8807571804114,1.4596056651725764,45.94182834263515
4760,24890,432,48,1.47188842174807,1.1881813753277808,-0.4954825686847732,1524.5288042507577,1544.5482395862905,0.6300386220061428,49.38634908520383
3720,22650,432,48,1.4536921569083554,1.2062686720310996,-0.47701200499436264,1569.8708660175912,1589.890301353124,-0.6817122420363971,47.345281057476804
6200,23450,432,48,1.4063264132747169,1.1112589734662217,-0.17216319903216834,1606.3384569732461,1626.357892308779,2.6050228914984883,48.10387676145088
2360,23050,432,48,1.3345627848609876,1.1015457723674047,-0.4409377957481592,1479.039633418689,1499.0590687542217,-2.5109976333431114,47.643444864790155
6840,18490,432,48,1.1893579211360465,0.9919635256403264,-0.2127613117125489,1460.29807706449,1480.3175124000227,3.376162078372432,43.63787707035175
5000,22890,432,48,1.3945763820918609,1.1310673917294747,-0.33935413800020536,1575.4841461046776,1595.5035814402104,1.0068317787495924,47.5929404007595
5160,18730,432,48,1.4488101072596933,1.1983485684743556,-0.40427507987996436,1533.4991773626075,1553.5186126981403,1.2930347227110832,43.853578182450576
4040,23690,432,48,1.485643583075436,1.2128946205185371,-0.531007787951507,1545.9026361369843,1565.922071472517,-0.30469830442783385,48.29035100015007
7800,22090,432,48,1.3086410999027045,1.0623519341180396,-0.23194985258791379,1617.4274385351405,1637.4468738706732,4.697529814054323,46.85660774740517
8280,23770,432,48,1.389899806661652,1.1406469256016354,-0.14959865383517393,1635.9445582876756,1655.9639936232084,5.412753199495399,48.351804629806225
5400,20650,432,48,1.597276172387467,1.340315117410025,-0.4145484414288383,1593.2505161893941,1613.269951524927,1.567817304066209,45.58273468403576
7000,19930,432,48,1.462713100302086,1.1246498614223945,-0.09433863670496163,1579.6341209300572,1599.65355626559,3.60284360084496,44.930449870477005
5880,21530,432,48,1.4374013890177655,1.1673987244106894,0.5080298022553972,1620.6684808987297,1640.6879162342625,2.1805503031449516,46.376992310118425
4360,18570,432,48,1.3127176357479293,1.074432176317355,-0.31599656862360814,1517.1692206297312,1537.188655965264,0.30466770765332096,43.69570432947421
7400,18970,432,48,1.186403325897226,0.9449282295810982,-0.03279555541368399,1456.2154383309555,1476.2348736664883,4.082228871298505,44.06039389288003
5960,19050,432,48,1.474505577430144,1.2073589673168934,-0.03925255115973558,1575.1966804735516,1595.2161158090844,2.286617852625425,44.14627896031564
3240,23530,432,48,1.38689482743478,1.1377838832855398,-0.4730744982387371,1495.51527767022,1515.5347130057528,-1.371206683033817,48.11754771298402
10920,23210,432,48,1.504304328567909,1.1772427061228405,0.18837554929177816,1680.8861731415202,1700.905608477053,8.899552754209648,47.70355241150821
7320,21450,432,48,1.3616569103509388,1.085848105122264,-0.32511836114296666,1623.4551846100837,1643.4746199456165,4.049879598150695,46.29219048749557
9080,18090,432,48,1.1764091657764937,0.9040477732997484,-0.07862783432920549,1289.4875856443,1309.5070209798328,6.1218424270812815,43.21675803393791
7000,22170,432,48,1.3243743562334085,1.082721535663681,-0.28519465618414425,1612.977390071646,1632.9968254071787,3.6502234077440208,46.945377084716924
4040,18890,432,48,1.3643112021163128,1.104803868615566,0.2436899044052018,1523.845955148343,1543.8653904838757,-0.10387751568278725,43.9750644878632
5480,21450,432,48,1.3873113008842404,1.153635103797274,-0.06271950242040754,1601.823271455538,1621.8427067910707,1.6614978261722189,46.30311159932343
5160,18970,432,48,1.3904777415661211,1.1443341154479896,-0.4076954212436316,1519.455167676115,1539.4746030116478,1.289058991149459,44.06932351710774
3240,22570,432,48,1.3635182767857386,1.125095247961722,-0.3746643230328044,1536.1320225091094,1556.1514578446422,-1.3113837589647732,47.25507340496717
6520,21290,432,48,1.518885116313053,1.2565091735542275,-0.5371202046797764,1632.893886750468,1652.9133220860008,3.009804791866691,46.15917336961031
6680,19770,432,48,1.9398788272334817,1.5250870412621182,-0.8384394867472181,1622.6257282363363,1642.645163571869,3.1954593551617694,44.79043906460839
7640,20730,432,48,1.7518323697949258,1.465575083238977,-0.9022647723657796,1649.5776277620344,1669.5970630975671,4.440056667042713,45.63761904122277
8760,19370,432,48,1.307189383235717,0.9884580135388831,0.032607363526871,1488.3835250268799,1508.4029603624126,5.798323039730525,44.37938915112742
5160,21530,432,48,1.330812136144787,1.0779108061568687,0.04352695296358123,1600.8395478918003,1620.858983227333,1.2446871141833544,46.37184449723847
920,23610,432,48,1.1764903684654804,0.9706204798886645,-0.4144406975984873,1350.5731159029376,1370.5925512384704,-4.485084180772285,48.049658788053705
4680,20090,432,48,1.517213057084117,1.2645082095956164,-0.6337673315307822,1561.448522196713,1581.4679575322457,0.6608452516382202,45.068940878585856
7240,22890,432,48,1.4040162538781031,1.1580997407227773,-0.1864539132794704,1641.7510176376354,1661.7704529731682,3.9852565206918387,47.58886892844676
6280,25530,432,48,1.5966427079246746,1.2686235656647755,-0.32018238134028776,1585.2017428719616,1605.2211782074944,2.726244153711751,49.97257508103931
7400,20010,432,48,1.6587931624566008,1.312758125007227,-0.329897346199901,1600.4982075847715,1620.5176429203043,4.111497622030087,44.99543831818698
4360,24970,432,48,1.7061142118352886,1.4218649997057293,-0.8350723712121094,1444.3585592602196,1464.3779945957524,0.07666858652766921,49.449121148678614
5000,20730,432,48,1.4369816301485925,1.1998911838438173,-0.09245218333998335,1581.3871756738079,1601.4066110093406,1.0537288804558897,45.65000144843797
4760,17530,432,48,1.5179500073298484,1.170467388597216,0.15471533935790088,1591.6770318911804,1611.6964672267131,0.8248983371871677,42.769595209752595
10040,21610,432,48,1.4839031753176501,1.1604052661823854,0.0011952928613372753,1588.5709648971251,1608.5904002326579,7.587301151203563,46.327652301229186
6520,20250,432,48,1.5613781230438744,1.2625759047195,-0.21144574912233297,1629.4299924171319,1649.4494277526646,2.99847655125488,45.223570055833825
7320,22570,432,48,1.6230148930129322,1.3748465539175756,-0.38083958515873806,1664.165644569056,1684.1850799045887,4.082148116075785,47.29954517807161
6120,24890,432,48,1.574518292829292,1.2431490857796967,-0.3172738920631355,1585.2701684039725,1605.2896037395053,2.5016646036361068,49.39834023336512
3960,18970,432,48,1.3376954258259226,1.0837849728146995,0.19327766959306117,1520.3917601458943,1540.411195481427,-0.20664214798325842,44.04467172965966
5560,20250,432,48,1.5619029385820526,1.303405644314853,-0.38115831773761794,1586.6932562030934,1606.7126915386261,1.7764603171141657,45.224122259276776
3800,22090,432,48,1.3828134867360724,1.1714855463740026,-0.45136291555386626,1571.3832746834596,1591.4027100189924,-0.5486998598990668,46.84456825905773
2120,24250,432,48,1.2304716765084174,1.0108050158087072,-0.43314412692844834,1410.2238251434198,1430.2432604789526,-2.9367793408409035,48.70632002056657
6440,23450,432,48,1.4369358542417217,1.1417424058327905,-0.1833073677611704,1613.7022289020997,1633.7216642376325,2.9272221345647305,48.10269917400657
7640,23530,432,48,1.4633599122703003,1.2214679973217948,-0.2985367064156588,1648.675840423537,1668.6952757590698,4.540714143493448,48.15545260834287
8360,24650,432,48,1.578227946913375,1.1924877524048292,0.21238690794014572,1630.149893248791,1650.1693285843237,5.569371620673477,49.13924153175093
5960,21770,432,48,1.3806758229595917,1.1339912763628448,-0.24506605203200896,1610.7904932509268,1630.8099285864596,2.284332758271843,46.59301320513984
10520,22810,432,48,1.5440948057887243,1.218637976683295,-0.010890364563672225,1663.202672220396,1683.2221075559287,8.327554729910812,47.37361201026217
3480,18730,432,48,1.2684557727395536,1.0544372113639786,-0.5197678786096247,1491.5176872645015,1511.5371226000343,-0.7925619623121115,43.81347980181426
7960,18250,432,48,1.1619603431099534,0.9343327049838425,-0.10733180834289589,1394.135259425605,1414.1546947611378,4.752533155446718,43.40010802081252
3240,20970,432,48,1.2094851794418187,1.0122803061290726,-0.22064509121023188,1470.4477249330919,1490.4671602686246,-1.2158532028894875,45.81712652107833
6760,19850,432,48,1.3765285834402636,1.0893890032948281,-0.19865032090505066,1566.4797004043469,1586.4991357398796,3.2977318423952897,44.861556831468185
4040,23610,432,48,1.4986970443784597,1.2227997722668802,-0.5327088907752149,1550.4051670324172,1570.42460236795,-0.3010809675352704,48.21846108687295
8760,23370,432,48,1.3006288091137432,1.0705825837682135,0.027539645055452183,1625.400177538936,1645.4196128744688,6.034139367163698,47.973874496597844
6760,26170,432,48,1.5671870186214927,1.2602303924556237,-0.050167517054723276,1602.1662048883916,1622.1856402239243,3.4064581204311275,50.54291952635465
4120,20410,432,48,1.3614417956158957,1.1215547091930809,-0.38781413603121506,1562.594894252821,1582.6143295883537,-0.06208467231218419,45.34364668846196
6040,18650,432,48,1.4904286423010125,1.2131415439510012,-0.15787563978266744,1558.039487960108,1578.0589232956409,2.386201755328517,43.786671319197396
4040,24170,432,48,1.3750689043575812,1.0986836388722023,-0.3274158023370241,1509.7701750110677,1529.7896103466005,-0.326612305784651,48.721615271448385
3320,22170,432,48,1.2826504598653121,1.0770242360010738,-0.34070914808551356,1522.2771439390626,1542.2965792745954,-1.1821348879025155,46.89888936540492
6360,21930,432,48,1.342435563919104,1.0750910394121396,-0.33705917699558174,1604.655522161795,1624.6749574973278,2.807611940512414,46.73600507322902
9080,21210,432,48,1.6485545427637152,1.310398180881027,-0.383123195052993,1607.6573867423554,1627.6768220778881,6.315779442566909,46.019060468187014
6440,25930,432,48,1.6092116610963665,1.2828077553165196,-0.34807648732124385,1587.98585877126,1608.0052941067927,2.953318026734523,50.33067305308876
8040,23450,432,48,1.3777676603920501,1.1217244564163724,-0.2229905240035471,1649.2034232633541,1669.222858598887,5.0741886013375606,48.07224871516386
5720,19370,432,48,1.5862861298356534,1.3021335371149392,-0.28687299679927647,1591.883172760885,1611.9026080964177,1.985144419418704,44.43346994454169
6600,24570,432,48,1.4881733893192386,1.1885617878721348,-0.17031723521983808,1604.8323790474653,1624.851814382998,3.1577061037215635,49.108143741836166
5320,22410,432,48,1.3436055860465475,1.0869501564239659,-0.2773401989100828,1581.6274756350972,1601.64691097063,1.4395759794146652,47.165295789475856
4440,21130,432,48,1.2917568360102283,1.0604081541969903,-0.2104866734280566,1555.7515815137485,1575.7710168492813,0.3224563626891051,45.99922610577575
3960,20490,432,48,1.2972640184172188,1.0804756820622012,-0.3406580615245587,1528.7432846810257,1548.7627200165584,-0.26946413741038927,45.41099555991682
9960,24330,432,48,1.5505471089016916,1.2282521725581095,0.12247018286215113,1646.5352076578156,1666.5546429933484,7.725634446034405,48.77325396250878
9080,18170,432,48,1.2004608560353247,0.9357981691214737,-0.0031234753222063407,1332.6395433460343,1352.658978681567,6.126578890544865,43.288557061266815
9960,18970,432,48,1.2980617889457777,1.0479103129153164,-0.34823425652139894,1402.4301413153457,1422.4495766508785,7.268628245315439,43.962651340322886
11080,23610,432,48,1.6618982823214246,1.3682288532071893,0.2715540175054042,1704.9170497339585,1724.9364850694913,9.15812816048445,48.0497431587023
10040,22250,432,48,1.7297620991869629,1.3707288162863032,0.43887867100442474,1677.341202219497,1697.3606375550298,7.6433715134702185,46.90214552545135
6040,23850,432,48,1.4542221091600087,1.1308853243532841,-0.32164246932702206,1590.3909787949383,1610.410414130471,2.3905821449551166,48.46381553956555
4680,25050,432,48,1.5536033523756596,1.2869332478143625,-0.6865297310791357,1476.6509003625893,1496.670335698122,0.5148782667408999,49.528420055610866
7320,18570,432,48,1.1050029286489118,0.8839589337356003,-0.08857031398351556,1413.579411926028,1433.5988472615606,3.9721332882670333,43.702435455291315
2360,22970,432,48,1.3474611649010877,1.0894371729201,-0.30811338991962417,1489.5263766824783,1509.545812018011,-2.504443118170027,47.57162674983195
5880,17210,432,48,1.4495921907238611,1.1293287544993682,0.16021234618931937,1557.71455250912,1577.7339878446528,2.1909962462054757,42.492853220463935
10200,22010,432,48,1.642170098514394,1.303973355194522,0.27584465305846156,1667.7571234784,1687.7765588139328,7.8308709062415724,46.67685631027467
11400,23050,432,48,1.5449396663197201,1.243770034290019,0.15763580198906368,1671.5500662440595,1691.5695015795923,9.516998206755181,47.52249780462744
9080,18010,432,48,1.1789408691374554,0.9101526402100791,-0.1048725128196899,1281.4754352421228,1301.4948705776555,6.117117779439106,43.14496333186349
6760,25690,432,48,1.6197880139801142,1.2843099692428392,-0.04652269702522732,1607.2462183770128,1627.2656537125456,3.3973443271771377,50.11222677060418
6680,26010,432,48,1.6582209918182378,1.3115895058304747,-0.2958811515744051,1584.0380997286968,1604.0575350642296,3.2911070814286694,50.400304337090475
6600,25770,432,48,1.5851012548236258,1.2683367418569809,-0.05038648632139344,1603.4176552467372,1623.43709058227,3.1752155220662943,50.185760515374014
7880,22650,432,48,1.5041238354558968,1.2687386016219946,-0.4522889982687599,1638.868854049162,1658.8882893846949,4.825642510972004,47.35791814610028
3560,21450,432,48,1.2293954166643035,1.0073755474886659,-0.14289421959260862,1521.7852269877708,1541.8046623233035,-0.8293285973520717,46.2608881510014
7160,26170,432,48,1.5318121071152746,1.2554937457985962,-0.045054694046926524,1596.0486165041925,1616.0680518397253,3.9694705387877462,50.53675314451431
2520,22890,432,48,1.3495890553540506,1.0917019987186714,-0.31366540009140503,1489.511938727305,1509.5313740628378,-2.285904924764335,47.50846010818678
7480,22890,432,48,1.4215943628831842,1.198672536861908,-0.37950765195317854,1646.0932742611121,1666.112709596645,4.304243807390937,47.583905116832504
6440,25130,432,48,1.6009098347888162,1.2966831169821942,-0.33943631263183544,1596.6002933060372,1616.61972864157,2.9446514334072553,49.6124976128844
5800,22330,432,48,1.3109083219658413,1.0528251272346267,-0.21004486151333568,1586.3577758227884,1606.3772111583212,2.073063342027382,47.096521779269324
7880,18970,432,48,1.2155446096325229,0.9273795292509753,0.16240213733536887,1459.352558516554,1479.3719938520867,4.680432447295062,44.049171505607234
7320,24730,432,48,1.4822735087490344,1.1740477082922027,-0.01926261007234294,1617.938394006519,1637.9578293420518,4.147942375405259,49.24105822859322
4280,19450,432,48,1.4054285286605794,1.1722682806872429,-0.6445190303658551,1509.2641054665833,1529.283540802116,0.17562151903757084,44.484700715153686
11320,23610,432,48,1.6591742342105313,1.366126495109425,0.2692953574990391,1704.4928006238174,1724.5122359593502,9.478677941011828,48.03059912990367
760,24010,432,48,1.1089542944099477,0.9330590032304406,-0.44442672407281886,1312.1768545131497,1332.1962898486825,-4.747084808053265,48.3952010735339
8360,24410,432,48,1.506268890800553,1.1935580409947844,0.17910820835147986,1649.1925996597806,1669.2120349953134,5.555915934623899,48.92375643391177
5880,23130,432,48,1.424977396092985,1.1182941215626079,-0.35807935096860954,1602.9467623625374,1622.9661976980701,2.176291531311378,47.8163007153507
3240,21050,432,48,1.2086370839800353,1.011711971380253,-0.21918218696644284,1470.1333307544776,1490.1527660900103,-1.2205108347369518,45.889027268582524
7160,25610,432,48,1.5894900784236172,1.28633781437725,-0.035898573556541,1602.3988404504676,1622.4182757860003,3.953264425276491,50.03431290386722
5880,18010,432,48,1.374165399949079,1.1341410593177994,-0.6094864792106912,1486.7077298717306,1506.7271652072634,2.18916844838076,43.21140512065089
2280,23450,432,48,1.345772502884325,1.10789398724952,-0.43744964831756233,1490.2022219873447,1510.2216573228775,-2.6510180963744157,47.99798020970629
8040,19930,432,48,1.350144566668262,1.0642770945489834,-0.22050471536305002,1538.9777657487625,1558.9972010842953,4.919076513777963,44.907555558540075
7400,24570,432,48,1.4800510742894484,1.1717778889021835,-0.004720308380996592,1616.6930181440966,1636.7124534796294,4.252335634916117,49.095634758282166
4680,17690,432,48,1.3866868453688042,1.1064309495690126,0.1337354224403606,1539.6627550673168,1559.6821904028495,0.723392646196182,42.91184783039248
9240,22810,432,48,1.4087048797290769,1.1314836390448906,0.15408819667073212,1643.2252919872217,1663.2447273227544,6.635024185836896,47.44891641526497
8840,20970,432,48,1.371567798917289,1.1222620787076443,-0.3619601264238443,1566.936748111064,1586.9561834465967,5.991769655790731,45.81387066565948
4120,21290,432,48,1.3571665998317706,1.1504443755485003,-0.46376414781399006,1564.7673571927223,1584.786792528255,-0.09684386532481873,46.13497323442714
7880,24250,432,48,1.517709115905263,1.1860082095348634,0.21637767756228876,1635.91668883576,1655.9361241712927,4.894543657668936,48.795901222704195
9000,24010,432,48,1.504449723508316,1.1832179828581646,-0.12163210422759785,1641.1749730128224,1661.1944083483552,6.399402862265726,48.53796972373498
7560,24330,432,48,1.481087476218353,1.1697949008912836,-0.20457031215937885,1609.998641066154,1630.0180764016868,4.4623089091828545,48.87633572384055
4360,24090,432,48,1.4404332727677982,1.1518189905976335,-0.44831434917828056,1546.957042346339,1566.9764776818718,0.11100517042836189,48.65868736152988
8920,23210,432,48,1.4269118656233881,1.1549061531322165,-0.17130046655632794,1634.362563717526,1654.3819990530587,6.237523078410221,47.823200921848674
11480,16650,432,48,1.3720011038949091,1.1771177239823685,-0.7222095392032766,1248.54077157029,1268.5602069058227,8.912711196423121,41.78452305076906
1640,23530,432,48,1.3321478112521794,1.1057059838292924,-0.4078842870173498,1460.4648893778058,1480.4843247133385,-3.5141269879171353,48.03009596739529
3480,24330,432,48,1.3830219098470915,1.1230196414866105,-0.48485904971474086,1397.802428511873,1417.8218638474057,-1.0961361014594848,48.84579803499624
3880,21130,432,48,1.2356286718896066,1.0135472071069336,-0.1547320718762377,1525.1287940472314,1545.1482293827642,-0.4000418625203773,45.983997696702055
6120,22250,432,48,1.343551572768278,1.0930799423690762,-0.27170136698465314,1597.368135336903,1617.3875706724357,2.4943992541210234,47.02474935652149
4200,23530,432,48,1.4503357451980672,1.1734101472299006,-0.48754623765213007,1548.2120211140655,1568.2314564495982,-0.08259591551596737,48.151193163057265
3080,22570,432,48,1.3820225746626416,1.1454437209698682,-0.3933252517199288,1538.4996372253058,1558.5190725608386,-1.5225262911694522,47.24820138711771
9320,21610,432,48,1.5000706667005583,1.167769127952065,-0.03636611478340229,1607.6550090142005,1627.6744443497332,6.653605052270524,46.367050390620776
4360,17770,432,48,1.534074034903408,1.2236158901586363,-0.238823718321069,1583.4060511145913,1603.425486450124,0.329974255959676,42.977070412600426
3240,23610,432,48,1.3932929588149705,1.1414552717106328,-0.4728482904425641,1495.833644103879,1515.8530794394117,-1.3762805405160636,48.18940243566706
6440,21210,432,48,1.42867653001892,1.1701109818292388,-0.24950882402735797,1617.7147339130697,1637.7341692486025,2.9054809447083243,46.087767990330455
9960,24570,432,48,1.669496930061641,1.3194990914386444,-0.06295731007351117,1685.1682650926778,1705.1877004282105,7.748083707678963,48.98843927170548
3240,20570,432,48,1.1823263176072218,0.9813975212754494,-0.2895079546849881,1457.396863725181,1477.4162990607138,-1.1927466778944138,45.457631425833
5560,24330,432,48,1.402218254204692,1.0725304081121565,0.028687120738660643,1578.6494335158127,1598.6688688513455,1.7367849726180424,48.8937707686198
11320,22330,432,48,1.7955461503314114,1.4228458932917414,-0.36148617584381065,1632.405857591123,1652.4252929266559,9.326285759189991,46.88391953335526
6040,18970,432,48,1.6751704255747004,1.3853775697412332,-0.2729222876377977,1608.4605239293373,1628.47995926487,2.3864505693445377,44.07435113938426
5160,20810,432,48,1.3701253276177905,1.1413887090004604,-0.136843942061956,1570.121660943366,1590.1410962788987,1.2575420462418259,45.72413003953184
8520,20730,432,48,1.4608469548318437,1.205589395410712,-0.2868556591739532,1597.1238324855196,1617.1432678210524,5.567719676528965,45.61076312358822
7640,20490,432,48,1.5163835198422249,1.1720044842189414,0.189305108473336,1624.024384229644,1644.0438195651768,4.431854968851224,45.42178386652094
4600,18650,432,48,1.3485343452522354,1.1118111965866841,-0.5681651185113089,1500.1641137636775,1520.1835490992103,0.5997235840922984,43.77276717622816
7960,19770,432,48,1.3495318355012489,1.0636598521168805,-0.21963208200039852,1536.3604386304833,1556.379873966016,4.811495451288728,44.766033188019094
7640,22090,432,48,1.3872285271000149,1.195031879849977,-0.21244797777437677,1632.7418954069324,1652.7613307424651,4.487773221840189,46.86073769705765
11800,16330,432,48,1.0199905932329303,0.8324917764212585,-0.30889508248669056,1242.6732332816891,1262.692668617222,9.26103987334734,41.47394608425031
5160,25290,432,48,1.5063159289384789,1.2054250241242768,-0.4781203006447076,1515.4772387243233,1535.496674059856,1.172251511076404,49.75211497505036
5960,25370,432,48,1.664743612881108,1.3261165825800576,-0.4595667368008581,1587.8667701959284,1607.8862055314612,2.2809687393923572,49.82953074978567
9640,18330,432,48,1.0836005551315198,0.9493409982068757,-0.5452369079243827,1262.4695558110725,1282.4889911466053,6.825522651559933,43.405649134954814
6600,18650,432,48,1.4899216491644878,1.2286870211612326,0.046105102171473546,1531.2545397431686,1551.2739750787014,3.081031236515429,43.78413240264326
3960,18170,432,48,1.6091292448122088,1.312707952431472,-0.5365312410346932,1535.1125553279535,1555.1319906634862,-0.17477872665253696,43.32597293124296
6920,22330,432,48,1.3318993435436852,1.0971313139367072,-0.22408633519198454,1621.0784163942253,1641.097851729758,3.548384029115393,47.0904519110408
5640,21450,432,48,1.4002553659339187,1.1668233735879914,-0.0695317247648974,1603.45336681432,1623.4728021498527,1.8691970811101648,46.30415897092707
3000,23050,432,48,1.3862411285382816,1.1431674219462495,-0.39132040770178333,1538.1009374159153,1558.120372751448,-1.6603118960469947,47.675819882257265
10760,22250,432,48,1.5464952727124188,1.2089198691596674,-0.08307905223933033,1601.3025837357402,1621.322019071273,8.585464890075242,46.854576927286196
6920,24730,432,48,1.5184249011602138,1.2127316001511534,-0.2921910412898499,1609.0951511311328,1629.1145864666655,3.5991352108430434,49.24808217501025
5800,20650,432,48,1.5510494010583349,1.2624233623516707,0.2105168062837951,1638.6090687097455,1658.6285040452783,2.080297660320309,45.58508413715216
7880,22890,432,48,1.4648136603726216,1.2358842294846266,-0.4362251153990088,1632.9253166504802,1652.944751986013,4.835740136520741,47.57368616043409
6440,22250,432,48,1.3370302392901858,1.063831314160539,-0.336116054797113,1600.8963537114655,1620.9157890469983,2.915372438238089,47.023402783515245
7240,23450,432,48,1.4425879575257097,1.1869500534410595,-0.25160741216152255,1623.3611819099106,1643.3806172454433,4.00101569716465,48.09238554636899
3640,19610,432,48,1.254756559228988,1.0169388303650855,-0.2414291577915598,1508.9838531862858,1529.0032885218186,-0.6353869111703018,44.609722383772635
11480,16970,432,48,1.5079842509184296,1.2671934831757448,-0.6953720341531765,1317.1832352679949,1337.2026706035276,8.944918842557001,42.070640719443055
5000,22490,432,48,1.3444823528914551,1.0765285899822379,-0.2486124106743921,1576.1156813168234,1596.1351166523561,1.0157732907017314,47.233190685694176
9560,22970,432,48,1.54889067671263,1.2224047731628043,-0.05836753085449501,1657.1245411293921,1677.143976464925,7.071360066954809,47.57606615307581
3400,21450,432,48,1.2282978718329296,1.0067076487192737,-0.13966176928680682,1521.0995007185224,1541.1189360540552,-1.0366794217860689,46.25490051322621
8440,23770,432,48,1.3807625396784895,1.1215291246417467,-0.11417402810848824,1632.2629667053727,1652.2824020409055,5.628385776542605,48.34598003030608
6120,20490,432,48,1.4707016802775916,1.1645535012529196,0.39151403987956,1608.9641257698245,1628.9835611053572,2.489901546033636,45.44133361030531
4280,23930,432,48,1.4964900328377906,1.1983831743959397,-0.46307226766485377,1565.7399686288634,1585.7594039643961,0.008936163190105604,48.51283556165585
3400,19370,432,48,1.275410176771809,1.0237001906920389,-0.45161920754908064,1487.4191780271426,1507.4386133626754,-0.9247507116129359,44.38550159211316
6600,18330,432,48,1.3082501130029096,1.086482168284471,-0.5273865691668459,1480.988426704444,1501.0078620399768,3.0772926870118678,43.496525075816095
9480,22810,432,48,1.4961467970564848,1.2117763738577974,-0.09775254617548694,1660.5506599268635,1680.5700952623963,6.952725276732305,47.43668232647963
6920,25530,432,48,1.6216093072687674,1.2912781738868901,-0.276217948706313,1595.1006895928126,1615.1201249283454,3.6170105346915564,49.966475814167254
5400,21370,432,48,1.4226721485740983,1.189008991376457,-0.06721217831291175,1606.4366765436175,1626.4561118791503,1.5586802096345416,46.2304730007567
5480,18170,432,48,1.3872164710070223,1.159985673540761,-0.385111802007458,1510.6943188352554,1530.7137541707882,1.6962214613939872,43.353368551652785
8360,25050,432,48,1.623201161455307,1.282649250248114,-0.018478998814999814,1635.8423415841364,1655.8617769196692,5.592049362732848,49.498285432705245
4680,22810,432,48,1.372593342558786,1.1072031762438594,-0.27205533082871053,1584.6146192826432,1604.634054618176,0.5838274913026249,47.51535149913467
4280,24330,432,48,1.400955944927642,1.0755867373761185,-0.30897707267951496,1467.6636156017964,1487.6830509373292,-0.007205042222749718,48.87221969779019
9400,22010,432,48,1.42760932576501,1.1382479880736753,0.22648965169432578,1646.9982066265015,1667.0176419620343,6.786826892695028,46.72235259105051
9080,19290,432,48,1.457996394553432,1.1436760904835725,0.10977398152578566,1542.448969944334,1562.4684052798668,6.194155285945566,44.29413775783725
3320,20890,432,48,1.209996813040102,1.0120117041394678,-0.22211101890275434,1470.9839527049062,1491.003388040439,-1.10850797235218,45.74842745289722
5080,19850,432,48,1.5221771153137251,1.2341116189167962,-0.5900635919123133,1541.64660162168,1561.6660369572128,1.1730575854069922,44.85959927523555
2440,22810,432,48,1.4091316105742697,1.145297499749266,-0.4057468988550172,1507.6744151535027,1527.6938504890354,-2.3855371965591714,47.43235281012742
8120,25450,432,48,1.6030518870986772,1.2875767987678366,0.23307546360545137,1638.9276663859498,1658.9471017214826,5.281964306456112,49.86572181404954
9800,21290,432,48,1.6310729373905757,1.2668089825800524,-0.0542538102518666,1610.4144060054216,1630.4338413409544,7.250253279791765,46.05430041196406
8680,22170,432,48,1.5128909804552293,1.2071219954551375,0.5572777723289217,1640.0178247581707,1660.0372600937035,5.855202174555509,46.89893217326326
6360,25370,432,48,1.5951433014118845,1.2676952061256708,-0.32360022812473566,1585.0403631485106,1605.0597984840433,2.8361863821279245,49.82851944199456
9400,24090,432,48,1.5011645412032026,1.1950184787283449,-0.06827076969377424,1663.5174542754467,1683.5368896109794,6.946301475444834,48.589951443299505
10440,22570,432,48,1.6361799666648047,1.2987439228759443,0.35985609510004707,1679.3267766692938,1699.3462120048266,8.19823966608169,47.16375400828791
4040,19930,432,48,1.298678312119453,1.0841484792882816,-0.25973792515460553,1547.5278700698948,1567.5473054054276,-0.14475500340072722,44.90984334089468
5400,20250,432,48,1.437960849088977,1.1778461311112478,-0.27796892622324787,1570.0386520756394,1590.0580874111722,1.5728013607485671,45.22290894778757
9400,21770,432,48,1.3952623521820267,1.1205928614287783,-0.36545372474940857,1612.727104633402,1632.7465399689347,6.769132508375485,46.50677474880686
3560,21290,432,48,1.2308583887630342,1.0094562912089546,-0.1474423512948737,1522.7612297117453,1542.780665047278,-0.8209914746215313,46.11705307308399
6840,18810,432,48,1.5580805111118607,1.2292505839653791,0.7690359293374751,1522.4395254594358,1542.4589607949686,3.3814233215824645,43.925501943788234
8920,19770,432,48,1.5011995736383,1.1960054319015008,-0.09513287482749905,1546.611799075381,1566.6312344109137,6.022225583684138,44.73220973327097
6200,25690,432,48,1.6325750472188876,1.2843340233338718,-0.38365680770682425,1584.7604616245335,1604.7798969600663,2.615675543492296,50.116506745222395
6760,20730,432,48,1.455390234879817,1.1373112040181763,-0.2767407716767529,1624.1480932644831,1644.1675286000159,3.3115272577684545,45.653115998146816
11000,23530,432,48,1.6618982823214246,1.3682288532071893,0.2715540175054042,1704.9170497339585,1724.9364850694913,9.042084584813743,47.984251096617896
9080,21770,432,48,1.394046076392914,1.113854368010618,-0.33440472740700516,1613.7130921549383,1633.732527490471,6.352710095382939,46.522238411490726
6920,18890,432,48,1.5097366486965038,1.1454809813972215,0.5819488017831085,1534.9253815042252,1554.944816839758,3.4823696573788436,43.996414822353564
7480,23530,432,48,1.446942191128059,1.1963255880992116,-0.26683063401746326,1626.059120018896,1646.0785553544288,4.325767052392004,48.15928875118362
2920,21770,432,48,1.2781507578607902,1.0760344988078476,-0.34441466797833215,1519.8190126554846,1539.8384479910173,-1.6796323746359876,46.52218985875897
7640,23050,432,48,1.4407079745173836,1.2214690035331286,-0.38721116890113666,1647.7000080977398,1667.7194434332725,4.522780019640456,47.72396077715537
2440,23530,432,48,1.3540757741534906,1.1050178783870201,-0.39180686878061505,1499.8479620744542,1519.867397409987,-2.4435563840469645,48.07871671857687
4120,18970,432,48,1.4128057881101939,1.1464074728868472,0.3150333946405603,1529.6219647491698,1549.6414000847026,-0.007298150029626348,44.049144329182205
3960,22570,432,48,1.457240937138182,1.2023979729185943,-0.4548121830793086,1570.1062603406795,1590.1256956762122,-0.3606337979538436,47.281215264164516
8680,20570,432,48,1.5692275880436737,1.253405018464569,0.7640481621842995,1543.3889792850564,1563.4084146205892,5.763682789758463,45.46085657467609
10040,21930,432,48,1.756392426030602,1.3884671168357243,-0.4336185512350099,1616.826919519275,1636.8463548548077,7.615187650727476,46.61490728927943
6360,17770,432,48,1.2597267568233774,1.0380911439262306,-0.4089963800928939,1436.3481956083472,1456.36763094388,2.777143287643766,42.99498465290138
4920,19770,432,48,1.3960090196783241,1.1221188604394383,-0.37156157770601334,1536.1266288498537,1556.1460641853864,0.972504021614717,44.78533857304795
1640,24250,432,48,1.168798626528416,0.9689503304120167,-0.43470363233838993,1381.7629432247122,1401.782378560245,-3.5868116945584654,48.675610695004856
3400,18490,432,48,1.3098243129533058,1.0816395301012678,-0.4869257386428323,1509.9240886130513,1529.943523948584,-0.8795999484362786,43.59502774401753
2600,22490,432,48,1.4201430027300386,1.1381801892560455,-0.48230191355209256,1496.498462159874,1516.5178974954067,-2.149580147328933,47.15342094669511
5560,20970,432,48,1.389137081531616,1.1266334653312837,0.2868503838005036,1602.041117933957,1622.0605532694897,1.7698444771746797,45.871841255760046
8920,22410,432,48,1.4222093036733032,1.1545577132895728,-0.046388317185764784,1642.0745178454408,1662.0939531809736,6.185240894344759,47.10448976747793
8040,23210,432,48,1.3637275213088436,1.1287849140099306,0.16913920965901186,1640.9422971623017,1660.9617324978344,5.063023434917984,47.85655140499021
2440,23770,432,48,1.332257653862098,1.105073847121193,-0.456447007158586,1464.0347037406846,1484.0541390762173,-2.463213830185646,48.29411627262911
5320,22250,432,48,1.3479042179977891,1.0923591183872137,-0.2733668637472185,1583.9050599910884,1603.9244953266211,1.441979754310091,47.02137014972327
7800,21610,432,48,1.3402071167861382,1.107691640952672,-0.2692152141653346,1623.3214993255165,1643.3409346610492,4.678778808048708,46.42495837472138
7080,23370,432,48,1.3895400611483963,1.132323472596009,-0.017355454932574437,1621.4221264479734,1641.4415617835061,3.7843168861978693,48.02330775879972
9080,23530,432,48,1.4917327304580172,1.224303433997995,-0.24319973588084376,1644.49728532217,1664.5167206577028,6.473370945797098,48.10324283553444
6040,21530,432,48,1.4488307980832336,1.154422888851953,0.30542160242092425,1625.9114640273424,1645.9308993628752,2.3885352898346035,46.377088795212686
10440,24250,432,48,1.5041786338405725,1.2410526053306512,0.28619079943681763,1646.5754024883552,1666.594837823888,8.3680984061693,48.67022185707342
4440,22970,432,48,1.347198454156204,1.085994876926453,-0.24314691040865025,1581.0086481621606,1601.0280834976934,0.25967779155579473,47.653959752186985
4680,20330,432,48,1.3543848527849087,1.1218199593856886,-0.1761370000056408,1556.034975814896,1576.0544111504287,0.6543227989731486,45.28478401760681
9480,20810,432,48,1.6322184501869184,1.2911393254104044,-0.13650836294892613,1597.9218946005967,1617.9413299361295,6.80218386110953,45.64038663900136
5480,20090,432,48,1.4823583483156892,1.225350395032075,-0.22347729050400564,1579.9330146236202,1599.952449959153,1.6763421642846554,45.07964011097058
