DATE,TEMPERATURE_REELLE,TEMPERATURE_CONVLSTM,TEMPERATURE_PERSISTANCE,TEMPERATURE_TCN,ERREUR_CONVLSTM
1994-01-30,3.1,2.367,3.1,2.133,-0.7328124
1994-01-31,4.0,5.418,3.1,4.816,1.4179688
1994-02-01,3.5,3.46,4.0,3.3,-0.0390625
1994-02-02,7.9,6.227,3.5,5.348,-1.6734376
1994-02-03,8.0,7.86,7.9,7.254,-0.140625
1994-02-04,4.8,7.133,8.0,6.508,2.3328123
1994-02-05,4.8,4.215,4.8,3.727,-0.58515644
1994-02-06,3.9,4.543,4.8,3.977,0.64296865
1994-02-07,3.1,2.746,3.9,2.824,-0.35390615
1994-02-08,2.5,3.781,3.1,3.691,1.28125
1994-02-09,5.2,1.992,2.5,1.773,-3.2078123
1994-02-10,4.9,7.188,5.2,7.688,2.2875
1994-02-11,1.3000002,4.38,4.9,3.938,3.078906
1994-02-12,1.5,1.133,1.3,0.797,-0.3671875
1994-02-13,-1.1000004,2.238,1.5,2.07,3.3382816
1994-02-14,0.3000002,-1.102,-1.1,-1.008,-1.4015627
1994-02-15,5.3,1.766,0.3,1.07,-3.5343752
1994-02-16,1.0,5.492,5.3,5.93,4.4921875
1994-02-17,0.8000002,0.3828,1.0,0.3516,-0.4171877
1994-02-18,3.1999998,2.3,0.8,1.234,-0.89921856
1994-02-19,4.7,4.996,3.2,4.656,0.29609394
1994-02-20,6.5,4.516,4.7,4.113,-1.984375
1994-02-21,4.2,6.367,6.5,5.902,2.1671877
1994-02-22,9.1,4.75,4.2,4.68,-4.3500004
1994-02-23,7.5,8.27,9.1,8.1,0.7734375
1994-02-24,9.0,6.406,7.5,5.58,-2.59375
1994-02-25,9.8,8.13,9.0,7.457,-1.6671877
1994-02-26,11.4,8.914,9.8,8.125,-2.485937
1994-02-27,9.3,10.45,11.4,9.766,1.1531248
1994-02-28,8.8,8.55,9.3,7.47,-0.2531252
1994-03-01,6.7,7.766,8.8,7.56,1.0656252
1994-03-02,7.5,6.38,6.7,5.273,-1.1210938
1994-03-03,8.7,7.633,7.5,7.188,-1.0671873
1994-03-04,5.8,8.05,8.7,7.207,2.2468748
1994-03-05,9.4,6.234,5.8,6.71,-3.1656246
1994-03-06,7.9,9.945,9.4,9.33,2.0453124
1994-03-07,8.1,7.57,7.9,6.52,-0.5296879
1994-03-08,9.5,8.586,8.1,7.43,-0.9140625
1994-03-09,11.8,9.516,9.5,9.35,-2.2843752
1994-03-10,8.8,11.56,11.8,11.055,2.7624998
1994-03-11,8.3,8.734,8.8,7.39,0.4343748
1994-03-12,8.1,10.2,8.3,9.44,2.1031246
1994-03-13,8.4,7.492,8.1,6.99,-0.9078121
1994-03-14,9.3,9.24,8.4,9.484,-0.05781269
1994-03-15,9.3,8.51,9.3,8.53,-0.7921877
1994-03-16,7.8,8.43,9.3,8.41,0.6296873
1994-03-17,7.1,7.805,7.8,7.906,0.7046876
1994-03-18,8.0,6.4,7.1,6.324,-1.6015625
1994-03-19,9.0,7.812,8.0,7.22,-1.1875
1994-03-20,10.4,8.33,9.0,7.47,-2.0718746
1994-03-21,9.1,9.266,10.4,9.41,0.16562462
1994-03-22,9.4,8.32,9.1,8.31,-1.0796871
1994-03-23,11.0,8.2,9.4,8.336,-2.796875
1994-03-24,13.4,10.09,11.0,9.66,-3.3062496
1994-03-25,14.2,11.805,13.4,11.96,-2.3953123
1994-03-26,8.3,12.5,14.2,12.09,4.2
1994-03-27,6.6,6.402,8.3,6.03,-0.19765615
1994-03-28,11.1,9.17,6.6,8.16,-1.9281254
1994-03-29,11.7,12.16,11.1,11.85,0.4562502
1994-03-30,14.2,10.805,11.7,10.1,-3.3953123
1994-03-31,13.2,13.89,14.2,12.55,0.6906252
1994-04-01,9.2,12.586,13.2,12.7,3.3859377
1994-04-02,3.4,9.016,9.2,9.67,5.615625
1994-04-03,4.7,1.773,3.4,3.395,-2.9265623
1994-04-04,7.2,6.402,4.7,6.008,-0.79765606
1994-04-05,5.2,6.176,7.2,6.36,0.97578144
1994-04-06,6.1,5.617,5.2,5.367,-0.4828124
1994-04-07,6.2,6.805,6.1,6.57,0.6046877
1994-04-08,6.8,5.36,6.2,4.996,-1.4406252
1994-04-09,4.8,7.1,6.8,7.08,2.3015623
1994-04-10,4.0,4.453,4.8,4.47,0.453125
1994-04-11,4.7,5.223,4.0,4.777,0.52265644
1994-04-12,7.1,5.8,4.7,5.81,-1.2992187
1994-04-13,7.5,7.797,7.1,8.016,0.296875
1994-04-14,4.1,5.973,7.5,6.8,1.8726563
1994-04-15,2.4000006,3.527,4.1,3.781,1.1273432
1994-04-16,5.6,3.008,2.4,3.223,-2.5921874
1994-04-17,6.7,8.234,5.6,7.617,1.5343752
1994-04-18,5.2,8.055,6.7,7.34,2.8546877
1994-04-19,6.2,4.76,5.2,5.688,-1.438281
1994-04-20,9.5,8.98,6.2,8.18,-0.5234375
1994-04-21,10.0,10.31,9.5,10.73,0.3125
1994-04-22,12.5,9.58,10.0,9.03,-2.921875
1994-04-23,12.1,13.305,12.5,13.21,1.2046871
1994-04-24,10.9,11.98,12.1,11.586,1.0765629
1994-04-25,9.6,10.57,10.9,10.28,0.9703121
1994-04-26,11.1,10.28,9.6,9.6,-0.8187504
1994-04-27,12.2,12.26,11.1,11.04,0.05781269
1994-04-28,13.8,11.66,12.2,12.21,-2.1437502
1994-04-29,16.4,14.15,13.8,13.51,-2.251562
1994-04-30,17.8,15.7,16.4,14.64,-2.0968742
1994-05-01,14.6,16.8,17.8,15.3,2.1968746
1994-05-02,12.8,11.7,14.6,11.25,-1.0968752
1994-05-03,17.0,13.36,12.8,12.445,-3.640625
1994-05-04,11.8,16.44,17.0,15.75,4.6375
1994-05-05,10.1,10.734,11.8,9.66,0.6343746
1994-05-06,12.9,10.44,10.1,9.98,-2.4624996
1994-05-07,15.1,12.55,12.9,12.15,-2.5531254
1994-05-08,10.7,14.39,15.1,13.06,3.6906252
1994-05-09,10.7,10.375,10.7,10.11,-0.3249998
1994-05-10,12.5,11.47,10.7,10.984,-1.03125
1994-05-11,14.1,13.17,12.5,12.9,-0.9281254
1994-05-12,12.6,14.64,14.1,13.97,2.0406246
1994-05-13,16.2,12.3,12.6,12.625,-3.9031258
1994-05-14,14.6,16.27,16.2,15.41,1.6656246
1994-05-15,16.3,12.52,14.6,12.695,-3.7765617
1994-05-16,13.9,16.05,16.3,16.17,2.1468754
1994-05-17,13.4,11.15,13.9,11.49,-2.251562
1994-05-18,12.3,12.414,13.4,12.39,0.11406231
1994-05-19,12.6,12.09,12.3,11.72,-0.5062504
1994-05-20,13.5,14.07,12.6,13.04,0.5703125
1994-05-21,14.6,13.61,13.5,13.53,-0.9906254
1994-05-22,14.3,14.32,14.6,13.7,0.02031231
1994-05-23,15.4,13.84,14.3,13.76,-1.5562496
1994-05-24,14.6,15.125,15.4,14.91,0.5249996
1994-05-25,14.3,13.85,14.6,13.67,-0.4484377
1994-05-26,13.2,14.67,14.3,14.19,1.4718752
1994-05-27,13.5,11.98,13.2,12.64,-1.5234375
1994-05-28,14.9,13.68,13.5,13.44,-1.2203121
1994-05-29,14.4,14.79,14.9,14.84,0.38906288
1994-05-30,13.5,13.734,14.4,13.984,0.234375
1994-05-31,17.8,14.11,13.5,14.14,-3.6906242
1994-06-01,21.5,18.58,17.8,18.6,-2.921875
1994-06-02,16.4,20.0,21.5,19.44,3.6000004
1994-06-03,13.4,14.766,16.4,14.56,1.3656254
1994-06-04,11.5,14.164,13.4,13.63,2.6640625
1994-06-05,11.8,12.4,11.5,12.055,0.5984373
1994-06-06,14.6,12.73,11.8,12.125,-1.8734379
1994-06-07,19.2,16.56,14.6,16.6,-2.6375008
1994-06-08,17.0,18.4,19.2,18.47,1.40625
1994-06-09,12.6,14.65,17.0,15.61,2.048437
1994-06-10,11.2,12.51,12.6,13.05,1.3078127
1994-06-11,9.4,11.02,11.2,11.91,1.6234379
1994-06-12,13.3,10.54,9.4,10.625,-2.7609377
1994-06-13,16.4,15.53,13.3,15.625,-0.8687496
1994-06-14,17.4,16.5,16.4,16.66,-0.8999996
1994-06-15,17.0,17.56,17.4,17.55,0.5625
1994-06-16,17.1,17.12,17.0,17.03,0.024999619
1994-06-17,18.5,17.36,17.1,18.02,-1.140625
1994-06-18,20.9,19.62,18.5,20.25,-1.2749996
1994-06-19,17.9,20.88,20.9,20.97,2.9750004
1994-06-20,17.7,16.02,17.9,16.69,-1.6843758
1994-06-21,18.2,18.1,17.7,17.48,-0.10625076
1994-06-22,17.5,18.48,18.2,18.84,0.984375
1994-06-23,21.3,17.66,17.5,17.88,-3.6437492
1994-06-24,24.5,20.84,21.3,20.48,-3.65625
1994-06-25,17.9,22.16,24.5,22.56,4.2562504
1994-06-26,16.8,16.16,17.9,17.0,-0.64374924
1994-06-27,18.2,17.22,16.8,16.4,-0.98125076
1994-06-28,22.0,19.1,18.2,19.03,-2.90625
1994-06-29,21.3,21.73,22.0,22.22,0.43437576
1994-06-30,20.7,19.27,21.3,20.34,-1.4343758
1994-07-01,22.9,20.53,20.7,21.0,-2.3687496
1994-07-02,21.3,21.4,22.9,20.56,0.10625076
1994-07-03,25.3,19.94,21.3,20.61,-5.362499
1994-07-04,23.0,23.48,25.3,23.53,0.484375
1994-07-05,19.5,20.03,23.0,20.78,0.53125
1994-07-06,18.4,19.66,19.5,20.31,1.2562504
1994-07-07,16.7,18.9,18.4,18.95,2.2062492
1994-07-08,17.0,17.39,16.7,17.5,0.390625
1994-07-09,16.0,17.14,17.0,17.22,1.140625
1994-07-10,18.7,16.6,16.0,17.53,-2.1062508
1994-07-11,22.1,20.22,18.7,20.58,-1.8812504
1994-07-12,23.8,22.11,22.1,22.03,-1.6906242
1994-07-13,24.099998,22.95,23.8,23.38,-1.1468735
1994-07-14,23.1,22.94,24.1,23.25,-0.16250038
1994-07-15,22.3,21.0,23.1,21.4,-1.2999992
1994-07-16,24.0,21.98,22.3,21.72,-2.015625
1994-07-17,24.8,23.22,24.0,23.38,-1.5812492
1994-07-18,20.0,23.11,24.8,23.12,3.109375
1994-07-19,18.2,18.95,20.0,19.22,0.75312424
1994-07-20,19.1,18.6,18.2,17.56,-0.5062504
1994-07-21,20.4,19.4,19.1,19.42,-0.9937496
1994-07-22,22.2,20.72,20.4,20.97,-1.4812508
1994-07-23,23.5,22.31,22.2,22.03,-1.1875
1994-07-24,23.5,22.0,23.5,20.9,-1.5
1994-07-25,22.0,21.11,23.5,20.62,-0.890625
1994-07-26,23.5,22.12,22.0,21.48,-1.375
1994-07-27,25.1,23.34,23.5,22.44,-1.7562504
1994-07-28,22.5,24.08,25.1,23.48,1.578125
1994-07-29,23.7,20.69,22.5,21.78,-3.0125008
1994-07-30,22.0,22.84,23.7,22.03,0.84375
1994-07-31,21.4,18.62,22.0,18.42,-2.7749996
1994-08-01,19.5,20.78,21.4,20.77,1.28125
1994-08-02,21.1,19.16,19.5,18.9,-1.9437504
1994-08-03,24.899998,21.78,21.1,21.56,-3.1187477
1994-08-04,25.8,23.53,24.9,23.83,-2.2687492
1994-08-05,24.5,23.6,25.8,23.62,-0.90625
1994-08-06,24.7,22.6,24.5,22.64,-2.1062508
1994-08-07,23.899998,22.84,24.7,22.62,-1.0562477
1994-08-08,22.6,22.12,23.9,21.7,-0.47500038
1994-08-09,24.399998,22.66,22.6,22.69,-1.7437477
1994-08-10,19.5,22.4,24.4,22.08,2.90625
1994-08-11,17.1,18.88,19.5,19.72,1.7749996
1994-08-12,17.6,17.33,17.1,17.1,-0.27187538
1994-08-13,16.4,17.45,17.6,17.69,1.0531254
1994-08-14,16.8,16.56,16.4,17.52,-0.23749924
1994-08-15,17.2,17.56,16.8,17.89,0.36249924
1994-08-16,17.8,17.25,17.2,17.84,-0.54999924
1994-08-17,16.5,18.62,17.8,19.0,2.125
1994-08-18,17.7,15.07,16.5,16.4,-2.6296883
1994-08-19,17.6,17.16,17.7,17.28,-0.44375038
1994-08-20,20.1,17.58,17.6,17.36,-2.5218754
1994-08-21,21.3,19.34,20.1,19.19,-1.9562492
1994-08-22,20.6,19.27,21.3,19.64,-1.3343754
1994-08-23,19.3,18.77,20.6,19.03,-0.53437424
1994-08-24,16.4,18.38,19.3,18.23,1.9750004
1994-08-25,15.7,16.34,16.4,16.83,0.6437502
1994-08-26,18.1,16.5,15.7,16.81,-1.6000004
1994-08-27,19.6,18.19,18.1,18.16,-1.4125004
1994-08-28,16.9,18.52,19.6,19.11,1.6156254
1994-08-29,15.4,14.94,16.9,16.94,-0.46249962
1994-08-30,17.3,15.375,15.4,16.45,-1.9249992
1994-08-31,16.3,18.25,17.3,18.03,1.9500008
1994-09-01,16.5,15.34,16.3,15.78,-1.15625
1994-09-02,14.6,15.19,16.5,15.1,0.5874996
1994-09-03,13.3,14.19,14.6,14.37,0.8874998
1994-09-04,16.9,15.62,13.3,15.13,-1.2828121
1994-09-05,16.5,17.0,16.9,17.16,0.5
1994-09-06,19.5,16.69,16.5,16.3,-2.8125
1994-09-07,14.8,16.66,19.5,16.88,1.8562498
1994-09-08,13.0,15.016,14.8,14.445,2.015625
1994-09-09,14.2,12.84,13.0,13.445,-1.3562498
1994-09-10,15.9,15.44,14.2,14.36,-0.46249962
1994-09-11,16.6,16.56,15.9,16.1,-0.03750038
1994-09-12,17.2,16.38,16.6,15.63,-0.82500076
1994-09-13,13.5,14.93,17.2,15.766,1.4296875
1994-09-14,12.7,14.74,13.5,14.6,2.0421877
1994-09-15,10.6,11.51,12.7,13.15,0.9078121
1994-09-16,9.6,10.695,10.6,11.19,1.0953121
1994-09-17,8.6,10.38,9.6,10.61,1.7828121
1994-09-18,8.5,8.664,8.6,8.836,0.1640625
1994-09-19,8.5,8.53,8.5,8.055,0.03125
1994-09-20,11.4,11.445,8.5,11.32,0.04531288
1994-09-21,12.4,11.48,11.4,11.47,-0.9234371
1994-09-22,14.0,12.61,12.4,12.16,-1.390625
1994-09-23,16.9,14.445,14.0,13.61,-2.454687
1994-09-24,17.1,16.97,16.9,15.85,-0.13125038
1994-09-25,15.2,14.89,17.1,15.914,-0.3093748
1994-09-26,14.3,15.05,15.2,15.305,0.7468748
1994-09-27,14.1,13.09,14.3,14.03,-1.0062504
1994-09-28,13.1,13.91,14.1,13.664,0.8062496
1994-09-29,14.1,12.95,13.1,13.56,-1.1468754
1994-09-30,14.3,14.734,14.1,14.91,0.4343748
1994-10-01,16.8,15.26,14.3,13.89,-1.5421867
1994-10-02,16.8,15.516,16.8,15.484,-1.2843742
1994-10-03,14.1,14.7,16.8,16.05,0.6031246
1994-10-04,9.3,13.03,14.1,14.195,3.7312498
1994-10-05,6.3,8.65,9.3,9.6,2.3484373
1994-10-06,6.8,8.27,6.3,8.414,1.4734373
1994-10-07,6.7,8.22,6.8,8.98,1.5187502
1994-10-08,7.6,7.582,6.7,6.95,-0.017968655
1994-10-09,9.7,7.49,7.6,7.594,-2.2117186
1994-10-10,13.7,10.22,9.7,11.61,-3.4812498
1994-10-11,15.3,13.62,13.7,13.26,-1.6828127
1994-10-12,15.3,13.57,15.3,13.664,-1.7296877
1994-10-13,14.8,14.06,15.3,14.625,-0.7375002
1994-10-14,15.2,13.4,14.8,14.875,-1.8015623
1994-10-15,12.3,13.484,15.2,15.0,1.1843748
1994-10-16,12.0,12.0,12.3,12.83,0.0
1994-10-17,11.1,13.05,12.0,13.54,1.9468746
1994-10-18,11.9,10.76,11.1,9.66,-1.1421871
1994-10-19,12.0,11.39,11.9,10.96,-0.609375
1994-10-20,11.2,11.89,12.0,11.45,0.6906252
1994-10-21,11.3,10.76,11.2,10.88,-0.5421877
1994-10-22,13.7,11.46,11.3,11.78,-2.2390623
1994-10-23,13.1,13.766,13.7,13.95,0.6656246
1994-10-24,10.8,11.41,13.1,12.94,0.6062498
1994-10-25,10.5,10.484,10.8,11.39,-0.015625
1994-10-26,8.9,10.07,10.5,11.48,1.1703129
1994-10-27,9.8,7.83,8.9,9.74,-1.9718752
1994-10-28,7.6,9.664,9.8,11.1,2.0640626
1994-10-29,9.0,6.79,7.6,7.273,-2.2109375
1994-10-30,13.8,10.984,9.0,12.01,-2.8156252
1994-10-31,14.4,13.11,13.8,11.54,-1.2906246
1994-11-01,9.6,11.35,14.4,11.01,1.7515621
1994-11-02,11.0,8.8,9.6,8.06,-2.203125
1994-11-03,14.4,11.42,11.0,11.99,-2.9781246
1994-11-04,14.6,13.664,14.4,13.12,-0.9359379
1994-11-05,13.0,12.9,14.6,12.97,-0.1015625
1994-11-06,9.5,11.7,13.0,11.91,2.203125
1994-11-07,8.6,6.992,9.5,8.18,-1.6078129
1994-11-08,10.0,9.375,8.6,10.695,-0.625
1994-11-09,10.0,9.84,10.0,11.6,-0.15625
1994-11-10,10.1,9.62,10.0,8.766,-0.48281288
1994-11-11,8.4,9.19,10.1,8.37,0.7875004
1994-11-12,8.2,7.215,8.4,7.37,-0.98515606
1994-11-13,9.8,9.69,8.2,10.94,-0.11250019
1994-11-14,10.8,9.36,9.8,9.695,-1.4406252
1994-11-15,11.3,9.5,10.8,9.58,-1.8000002
1994-11-16,9.1,11.22,11.3,11.06,2.1187496
1994-11-17,7.1,6.535,9.1,7.805,-0.56484365
1994-11-18,10.0,6.29,7.1,7.05,-3.7109375
1994-11-19,13.2,9.71,10.0,11.25,-3.4890623
1994-11-20,11.8,10.25,13.2,10.22,-1.5500002
1994-11-21,10.7,10.086,11.8,9.68,-0.6140623
1994-11-22,10.3,9.26,10.7,8.8,-1.0421877
1994-11-23,5.8,8.33,10.3,8.77,2.5281248
1994-11-24,7.4,3.848,5.8,4.855,-3.5523438
1994-11-25,9.1,8.516,7.4,9.695,-0.5843754
1994-11-26,7.7,6.938,9.1,7.492,-0.7624998
1994-11-27,9.7,7.633,7.7,6.96,-2.0671873
1994-11-28,6.9,8.85,9.7,8.3,1.9515624
1994-11-29,7.5,5.305,6.9,5.094,-2.1953125
1994-11-30,6.3999996,6.484,7.5,7.01,0.08437538
1994-12-01,4.6,5.938,6.4,7.164,1.3375001
1994-12-02,7.5,3.988,4.6,4.52,-3.5117188
1994-12-03,11.7,8.78,7.5,8.8,-2.9187498
1994-12-04,13.6,11.1,11.7,9.98,-2.498438
1994-12-05,11.6,11.26,13.6,10.83,-0.34218788
1994-12-06,7.2,9.34,11.6,10.28,2.1437502
1994-12-07,7.2,4.656,7.2,5.35,-2.5437498
1994-12-08,8.8,7.023,7.2,7.086,-1.7765627
1994-12-09,10.8,8.28,8.8,8.65,-2.5187502
1994-12-10,10.2,9.08,10.8,8.18,-1.1218748
1994-12-11,11.3,8.56,10.2,7.504,-2.7375002
1994-12-12,10.6,8.664,11.3,9.41,-1.9359379
1994-12-13,7.2,7.164,10.6,7.367,-0.03593731
1994-12-14,6.5,6.027,7.2,5.49,-0.47265625
1994-12-15,0.3000002,5.527,6.5,5.59,5.2273436
1994-12-16,3.1,-0.09375,0.3,1.078,-3.19375
1994-12-17,6.2,5.016,3.1,5.418,-1.1843748
1994-12-18,5.0,4.617,6.2,4.75,-0.3828125
1994-12-19,5.0,7.508,5.0,6.42,2.5078125
1994-12-20,3.6999998,5.74,5.0,5.242,2.0382814
1994-12-21,1.8999996,2.781,3.7,2.598,0.8812504
1994-12-22,0.8999996,2.367,1.9,2.148,1.4671879
1994-12-23,0.5,1.086,0.9,0.797,0.5859375
1994-12-24,-0.3000002,0.828,0.5,0.633,1.1281252
1994-12-25,-1.1000004,-0.578,-0.3,-0.5625,0.5218754
1994-12-26,2.6999993,-1.461,-1.1,-1.586,-4.160937
1994-12-27,9.3,5.363,2.7,5.445,-3.936719
1994-12-28,10.7,8.06,9.3,8.54,-2.6374998
1994-12-29,10.1,9.3,10.7,8.91,-0.8031254
1994-12-30,6.5,8.555,10.1,8.88,2.0546875
1994-12-31,5.9,4.785,6.5,3.645,-1.1148438
1995-01-01,2.4000006,4.805,5.9,4.484,2.404687
1995-01-02,0.0,2.219,2.4,2.387,2.21875
1995-01-03,-0.6000004,-0.586,0.0,-0.09375,0.0140628815
1995-01-04,-2.6999998,0.02344,-0.6,-0.6797,2.7234373
1995-01-05,-4.7,-2.352,-2.7,-1.9375,2.3484373
1995-01-06,0.3000002,-3.266,-4.7,-3.102,-3.5656252
1995-01-07,1.3999996,0.961,0.3,1.648,-0.43906212
1995-01-08,2.1000004,0.8516,1.4,0.883,-1.2484379
1995-01-09,4.6,3.277,2.1,2.656,-1.3226562
1995-01-10,6.9,3.883,4.6,3.734,-3.0171876
1995-01-11,5.5,6.38,6.9,6.066,0.87890625
1995-01-12,1.0,4.383,5.5,4.523,3.3828125
1995-01-13,0.3000002,1.43,1.0,1.1875,1.1296873
1995-01-14,2.2000003,1.5625,0.3,1.625,-0.6375003
1995-01-15,3.3000002,2.04,2.2,2.031,-1.2609377
1995-01-16,2.2000003,2.61,3.3,2.898,0.4093747
1995-01-17,7.0,3.512,2.2,3.64,-3.4882812
1995-01-18,6.1,8.14,7.0,7.945,2.040625
1995-01-19,6.6,5.535,6.1,5.477,-1.0648437
1995-01-20,7.6,7.125,6.6,6.695,-0.4749999
1995-01-21,6.3,6.625,7.6,6.242,0.3249998
1995-01-22,11.4,6.09,6.3,6.016,-5.310156
1995-01-23,7.0,9.94,11.4,9.34,2.9375
1995-01-24,5.8,6.2,7.0,5.684,0.39921856
1995-01-25,11.5,4.844,5.8,4.887,-6.65625
1995-01-26,8.3,9.82,11.5,9.62,1.5203123
1995-01-27,5.2,7.36,8.3,6.9,2.1593752
1995-01-28,8.9,4.363,5.2,4.785,-4.5367184
1995-01-29,9.6,7.926,8.9,8.03,-1.6742191
1995-01-30,7.0,8.74,9.6,7.688,1.7421875
1995-01-31,2.8999996,4.746,7.0,5.47,1.8460941
1995-02-01,8.6,4.31,2.9,4.062,-4.2914066
1995-02-02,6.5,7.992,8.6,7.906,1.4921875
1995-02-03,2.2000003,4.562,6.5,4.277,2.3624997
1995-02-04,7.8,3.617,2.2,3.59,-4.1828127
1995-02-05,10.1,8.23,7.8,8.12,-1.8734379
1995-02-06,8.7,9.0,10.1,8.414,0.3000002
1995-02-07,6.2,6.273,8.7,6.984,0.07343769
1995-02-08,8.5,7.03,6.2,6.29,-1.46875
1995-02-09,7.6,8.17,8.5,6.836,0.5718751
1995-02-10,6.9,5.72,7.6,5.207,-1.1812501
1995-02-11,8.8,7.0,6.9,6.56,-1.8000002
1995-02-12,9.6,8.47,8.8,7.47,-1.1312504
1995-02-13,8.8,8.125,9.6,7.5,-0.6750002
1995-02-14,7.7,7.73,8.8,7.61,0.03046894
1995-02-15,12.2,7.156,7.7,7.08,-5.04375
1995-02-16,9.5,10.95,12.2,10.21,1.453125
1995-02-17,8.2,8.86,9.5,7.727,0.6593752
1995-02-18,5.3,7.438,8.2,6.89,2.1374998
1995-02-19,7.7,4.453,5.3,4.523,-3.2468748
1995-02-20,10.9,7.89,7.7,7.555,-3.0093746
1995-02-21,6.3999996,8.6,10.9,9.48,2.201563
1995-02-22,2.2000003,4.254,6.4,4.434,2.053906
1995-02-23,5.0,4.234,2.2,4.062,-0.765625
1995-02-24,9.2,5.19,5.0,5.117,-4.0085936
1995-02-25,8.3,9.71,9.2,9.58,1.4109373
1995-02-26,3.8000002,7.58,8.3,7.477,3.7781248
1995-02-27,1.8999996,2.46,3.8,2.95,0.5609379
1995-02-28,6.0,4.133,1.9,4.008,-1.8671875
1995-03-01,6.9,6.992,6.0,7.383,0.092187405
1995-03-02,6.3,6.664,6.9,6.734,0.3640623
1995-03-03,4.4,7.004,6.3,6.74,2.6039062
1995-03-04,1.6999998,3.96,4.4,4.03,2.2609377
1995-03-05,4.2,2.14,1.7,2.316,-2.0593748
1995-03-06,3.8000002,5.324,4.2,5.44,1.5242186
1995-03-07,4.4,2.04,3.8,2.238,-2.3609376
1995-03-08,5.1,5.56,4.4,5.68,0.45859385
1995-03-09,4.7,4.45,5.1,4.207,-0.25078106
1995-03-10,8.4,4.945,4.7,4.414,-3.454687
1995-03-11,9.8,8.67,8.4,8.17,-1.1281252
1995-03-12,8.6,8.875,9.8,8.37,0.27499962
1995-03-13,7.3,9.17,8.6,8.3,1.8718748
1995-03-14,4.7,6.57,7.3,6.14,1.8703127
1995-03-15,6.2,6.79,4.7,7.188,0.5890627
1995-03-16,5.4,5.953,6.2,5.605,0.5531249
1995-03-17,9.7,7.04,5.4,7.656,-2.6609373
1995-03-18,10.2,10.13,9.7,9.875,-0.06718731
1995-03-19,7.7,9.11,10.2,9.34,1.4093752
1995-03-20,4.0,7.016,7.7,7.695,3.015625
1995-03-21,2.8999996,4.383,4.0,5.39,1.4828129
1995-03-22,4.8,3.883,2.9,4.1,-0.9171877
1995-03-23,7.2,5.656,4.8,5.895,-1.5437498
1995-03-24,9.2,6.797,7.2,7.945,-2.4031248
1995-03-25,8.3,9.66,9.2,9.68,1.3562498
1995-03-26,9.8,8.29,8.3,7.305,-1.5109377
1995-03-27,5.8,9.94,9.8,10.15,4.1375
1995-03-28,2.4000006,5.42,5.8,6.61,3.0218744
1995-03-29,5.3,2.922,2.4,4.797,-2.3781252
1995-03-30,2.2000003,5.68,5.3,5.15,3.4796872
1995-03-31,3.6999998,1.5,2.2,3.387,-2.1999998
1995-04-01,9.7,6.508,3.7,7.176,-3.1921873
1995-04-02,12.0,9.84,9.7,9.93,-2.15625
1995-04-03,12.5,10.125,12.0,9.836,-2.375
1995-04-04,12.8,11.586,12.5,11.04,-1.2140627
1995-04-05,10.4,11.39,12.8,11.414,0.9906254
1995-04-06,11.9,9.68,10.4,8.58,-2.220312
1995-04-07,11.9,11.5,11.9,11.22,-0.39999962
1995-04-08,8.5,11.26,11.9,10.71,2.7578125
1995-04-09,6.0,6.125,8.5,6.086,0.125
1995-04-10,6.9,7.195,6.0,7.305,0.2953124
1995-04-11,9.1,8.836,6.9,8.195,-0.26406288
1995-04-12,10.1,9.94,9.1,9.484,-0.16250038
1995-04-13,8.7,9.71,10.1,9.58,1.0109377
1995-04-14,7.8,8.305,8.7,8.39,0.5046873
1995-04-15,7.3,8.164,7.8,8.16,0.8640623
1995-04-16,7.2,8.91,7.3,9.29,1.7062502
1995-04-17,9.0,8.305,7.2,7.637,-0.6953125
1995-04-18,10.7,9.984,9.0,9.17,-0.7156248
1995-04-19,6.0,10.625,10.7,10.23,4.625
1995-04-20,5.8,5.426,6.0,6.71,-0.37421894
1995-04-21,6.5,7.227,5.8,6.965,0.7265625
1995-04-22,8.5,7.867,6.5,7.316,-0.6328125
1995-04-23,7.3,8.95,8.5,8.23,1.6531248
1995-04-24,7.3,7.445,7.3,7.406,0.14531231
1995-04-25,7.6,8.66,7.3,8.36,1.0562501
1995-04-26,9.1,8.35,7.6,7.844,-0.7484379
1995-04-27,10.2,9.56,9.1,9.055,-0.6374998
1995-04-28,12.2,9.516,10.2,9.87,-2.6843748
1995-04-29,11.7,12.1,12.2,12.586,0.4015627
1995-04-30,11.7,11.45,11.7,12.2,-0.24687481
1995-05-01,12.0,9.914,11.7,10.586,-2.0859375
1995-05-02,15.1,12.6,12.0,13.3,-2.498438
1995-05-03,17.5,15.086,15.1,15.05,-2.4140625
1995-05-04,18.8,16.36,17.5,16.31,-2.4406242
1995-05-05,18.9,17.1,18.8,16.56,-1.8062496
1995-05-06,18.3,17.47,18.9,15.92,-0.83124924
1995-05-07,18.0,17.06,18.3,15.86,-0.9375
1995-05-08,18.0,17.08,18.0,16.56,-0.921875
1995-05-09,13.0,16.23,18.0,15.95,3.234375
1995-05-10,12.4,10.766,13.0,11.17,-1.6343746
1995-05-11,13.3,12.29,12.4,12.05,-1.0109377
1995-05-12,10.7,12.36,13.3,12.33,1.6593752
1995-05-13,5.0,9.7,10.7,9.28,4.703125
1995-05-14,6.7,5.85,5.0,6.496,-0.8484373
1995-05-15,8.8,8.92,6.7,8.65,0.12187481
1995-05-16,12.1,11.75,8.8,10.95,-0.35000038
1995-05-17,12.6,13.05,12.1,12.91,0.44687462
1995-05-18,10.3,11.79,12.6,12.22,1.4890623
1995-05-19,9.2,10.586,10.3,10.86,1.3859377
1995-05-20,9.5,9.94,9.2,9.72,0.4375
1995-05-21,11.3,11.34,9.5,11.58,0.04374981
1995-05-22,13.4,12.66,11.3,12.76,-0.7437496
1995-05-23,17.1,14.75,13.4,14.95,-2.3500004
1995-05-24,15.6,17.08,17.1,17.36,1.4781246
1995-05-25,13.8,14.7,15.6,14.94,0.9031248
1995-05-26,14.4,13.2,13.8,13.266,-1.1968746
1995-05-27,17.0,14.766,14.4,14.19,-2.234375
1995-05-28,20.1,17.39,17.0,17.38,-2.7093754
1995-05-29,15.7,19.14,20.1,19.4,3.4406252
1995-05-30,13.5,14.31,15.7,14.61,0.8125
1995-05-31,12.5,13.09,13.5,13.23,0.59375
1995-06-01,13.6,13.01,12.5,12.45,-0.5921879
1995-06-02,14.1,14.83,13.6,14.07,0.7281246
1995-06-03,13.4,14.42,14.1,14.02,1.0218754
1995-06-04,14.5,13.03,13.4,13.35,-1.46875
1995-06-05,13.1,14.81,14.5,14.484,1.7124996
1995-06-06,13.7,13.47,13.1,13.3,-0.23124981
1995-06-07,14.8,14.875,13.7,14.266,0.07499981
1995-06-08,14.4,16.4,14.8,16.14,2.0062504
1995-06-09,14.0,13.57,14.4,14.25,-0.4296875
1995-06-10,12.3,14.39,14.0,14.22,2.0906248
1995-06-11,11.1,12.72,12.3,13.4,1.6187496
1995-06-12,10.7,11.516,11.1,11.69,0.8156252
1995-06-13,11.4,11.87,10.7,11.664,0.46718788
1995-06-14,10.3,12.9,11.4,12.39,2.5984373
1995-06-15,11.5,12.45,10.3,11.87,0.953125
1995-06-16,15.6,13.86,11.5,13.484,-1.7406254
1995-06-17,16.8,17.47,15.6,17.75,0.66875076
1995-06-18,15.6,16.73,16.8,17.73,1.1343746
1995-06-19,18.6,16.0,15.6,16.03,-2.6000004
1995-06-20,21.2,18.75,18.6,17.97,-2.4500008
1995-06-21,20.7,20.6,21.2,20.8,-0.10625076
1995-06-22,16.0,18.44,20.7,18.84,2.4375
1995-06-23,12.6,15.29,16.0,16.33,2.689062
1995-06-24,14.8,13.78,12.6,13.54,-1.0187502
1995-06-25,17.8,17.16,14.8,16.22,-0.64374924
1995-06-26,21.2,19.16,17.8,19.36,-2.0437508
1995-06-27,21.6,21.38,21.2,21.75,-0.22500038
1995-06-28,23.0,20.88,21.6,20.95,-2.125
1995-06-29,22.8,22.16,23.0,22.44,-0.64374924
1995-06-30,23.599998,21.25,22.8,21.22,-2.3499985
1995-07-01,21.7,23.36,23.6,23.42,1.6593742
1995-07-02,19.6,21.0,21.7,21.06,1.3999996
1995-07-03,17.1,18.66,19.6,19.12,1.5562496
1995-07-04,16.7,16.5,17.1,16.75,-0.20000076
1995-07-05,17.3,17.55,16.7,17.5,0.24687576
1995-07-06,18.0,18.61,17.3,19.03,0.609375
1995-07-07,20.3,19.06,18.0,19.14,-1.2374992
1995-07-08,23.7,21.34,20.3,21.12,-2.3562508
1995-07-09,25.1,22.72,23.7,23.25,-2.3812504
1995-07-10,25.2,23.22,25.1,23.14,-1.9812508
1995-07-11,20.8,23.47,25.2,23.06,2.6687508
1995-07-12,21.0,19.16,20.8,19.72,-1.84375
1995-07-13,23.1,21.6,21.0,21.31,-1.5062504
1995-07-14,20.8,22.94,23.1,23.05,2.1375008
1995-07-15,19.2,20.25,20.8,21.1,1.0499992
1995-07-16,18.2,19.28,19.2,18.5,1.0812492
1995-07-17,19.0,18.4,18.2,18.2,-0.59375
1995-07-18,20.8,20.16,19.0,20.55,-0.64374924
1995-07-19,23.4,20.5,20.8,20.72,-2.8999996
1995-07-20,27.4,23.22,23.4,23.34,-4.1812496
1995-07-21,28.0,24.5,27.4,24.7,-3.5
1995-07-22,18.7,23.94,28.0,23.98,5.237499
1995-07-23,17.9,15.92,18.7,17.33,-1.9781246
1995-07-24,21.1,19.75,17.9,19.53,-1.3500004
1995-07-25,25.0,21.81,21.1,21.94,-3.1875
1995-07-26,24.399998,23.81,25.0,24.34,-0.5874977
1995-07-27,20.0,21.28,24.4,20.97,1.28125
1995-07-28,19.3,19.53,20.0,20.47,0.23125076
1995-07-29,21.5,19.9,19.3,19.44,-1.59375
1995-07-30,22.6,21.3,21.5,21.33,-1.3031254
1995-07-31,20.5,21.62,22.6,22.1,1.125
1995-08-01,22.6,18.02,20.5,17.94,-4.5843754
1995-08-02,25.7,21.77,22.6,21.95,-3.9343758
1995-08-03,24.899998,24.03,25.7,23.89,-0.8687477
1995-08-04,24.2,23.4,24.9,22.95,-0.79375076
1995-08-05,25.0,24.08,24.2,23.92,-0.921875
1995-08-06,20.4,23.6,25.0,23.16,3.1937504
1995-08-07,18.1,20.62,20.4,20.5,2.5249996
1995-08-08,15.1,17.44,18.1,17.81,2.3374996
1995-08-09,17.9,15.51,15.1,16.25,-2.392187
1995-08-10,21.3,18.34,17.9,18.44,-2.9562492
1995-08-11,23.5,20.88,21.3,21.4,-2.625
1995-08-12,23.2,21.4,23.5,21.75,-1.7937508
1995-08-13,20.7,20.62,23.2,20.84,-0.07500076
1995-08-14,18.8,19.97,20.7,20.25,1.1687508
1995-08-15,18.5,18.34,18.8,18.6,-0.15625
1995-08-16,19.7,19.22,18.5,19.16,-0.48125076
1995-08-17,20.2,20.11,19.7,19.69,-0.09062576
1995-08-18,19.4,19.2,20.2,19.11,-0.19687462
1995-08-19,21.6,21.0,19.4,20.58,-0.6000004
1995-08-20,20.9,20.83,21.6,20.47,-0.07187462
1995-08-21,20.9,19.34,20.9,19.06,-1.5562496
1995-08-22,20.8,21.14,20.9,21.03,0.34062576
1995-08-23,19.8,21.03,20.8,20.45,1.2312508
1995-08-24,18.5,17.28,19.8,18.28,-1.21875
1995-08-25,18.4,17.19,18.5,17.2,-1.2124996
1995-08-26,19.2,19.06,18.4,18.6,-0.13750076
1995-08-27,17.2,18.27,19.2,17.83,1.0656242
1995-08-28,14.4,17.39,17.2,17.8,2.9906254
1995-08-29,14.4,14.31,14.4,15.83,-0.08749962
1995-08-30,13.9,15.95,14.4,16.19,2.0531254
1995-08-31,11.8,13.586,13.9,14.484,1.7859373
1995-09-01,12.7,12.984,11.8,13.44,0.2843752
1995-09-02,13.3,12.91,12.7,13.484,-0.3937502
1995-09-03,14.4,15.19,13.3,14.91,0.7875004
1995-09-04,13.2,13.51,14.4,14.3,0.3078127
1995-09-05,14.0,14.25,13.2,13.25,0.25
1995-09-06,16.6,12.9,14.0,13.6,-3.701563
1995-09-07,18.0,17.55,16.6,17.47,-0.453125
1995-09-08,16.5,17.5,18.0,17.25,1.0
1995-09-09,16.3,15.07,16.5,15.53,-1.2296867
1995-09-10,16.8,16.1,16.3,15.875,-0.70624924
1995-09-11,16.2,16.25,16.8,16.34,0.049999237
1995-09-12,13.5,15.125,16.2,15.93,1.625
1995-09-13,12.8,14.0,13.5,13.67,1.1999998
1995-09-14,13.3,13.53,12.8,13.49,0.23124981
1995-09-15,14.0,13.76,13.3,14.445,-0.2421875
1995-09-16,13.3,14.53,14.0,14.02,1.2312498
1995-09-17,14.0,13.21,13.3,13.086,-0.7890625
1995-09-18,15.9,13.7,14.0,14.03,-2.1968746
1995-09-19,14.0,15.25,15.9,15.64,1.25
1995-09-20,12.6,14.3,14.0,13.3,1.6968746
1995-09-21,10.9,12.26,12.6,12.23,1.3578129
1995-09-22,11.2,11.0,10.9,10.75,-0.19999981
1995-09-23,12.1,12.31,11.2,12.97,0.21249962
1995-09-24,12.3,13.41,12.1,13.47,1.1062498
1995-09-25,9.3,11.48,12.3,12.84,2.1765623
1995-09-26,11.4,10.02,9.3,9.79,-1.3765621
1995-09-27,12.6,12.3,11.4,13.016,-0.30312538
1995-09-28,8.7,13.516,12.6,13.41,4.815625
1995-09-29,6.8,7.516,8.7,9.34,0.7156248
1995-09-30,10.0,8.09,6.8,8.29,-1.90625
1995-10-01,15.1,12.89,10.0,12.9,-2.2093754
1995-10-02,16.3,14.42,15.1,14.27,-1.8781242
1995-10-03,18.3,17.42,16.3,16.9,-0.87812424
1995-10-04,17.5,16.27,18.3,16.6,-1.234375
1995-10-05,13.3,14.484,17.5,16.02,1.1843748
1995-10-06,12.5,12.086,13.3,12.81,-0.4140625
1995-10-07,15.0,13.53,12.5,13.63,-1.46875
1995-10-08,16.5,14.89,15.0,14.766,-1.609375
1995-10-09,16.1,15.97,16.5,15.83,-0.13125038
1995-10-10,15.6,15.1,16.1,14.84,-0.49843788
1995-10-11,15.2,14.3,15.6,14.67,-0.9031248
1995-10-12,14.6,14.08,15.2,14.516,-0.5218754
1995-10-13,15.5,14.02,14.6,14.63,-1.4765625
1995-10-14,15.6,14.44,15.5,14.34,-1.1625004
1995-10-15,14.3,13.85,15.6,13.91,-0.4484377
1995-10-16,12.3,13.766,14.3,13.36,1.4656248
1995-10-17,14.0,12.64,12.3,12.8,-1.359375
1995-10-18,14.5,13.64,14.0,13.92,-0.859375
1995-10-19,11.6,15.83,14.5,14.63,4.2281246
1995-10-20,9.7,8.92,11.6,10.79,-0.7781248
1995-10-21,10.1,9.945,9.7,10.32,-0.15468788
1995-10-22,7.5,10.53,10.1,11.875,3.03125
1995-10-23,13.0,8.234,7.5,9.9,-4.765625
1995-10-24,15.7,12.66,13.0,14.0,-3.0437498
1995-10-25,13.1,15.266,15.7,13.99,2.1656246
1995-10-26,16.3,11.92,13.1,11.41,-4.378124
1995-10-27,16.9,15.55,16.3,14.79,-1.3531246
1995-10-28,14.7,13.42,16.9,13.85,-1.2781248
1995-10-29,14.1,12.94,14.7,13.24,-1.1625004
1995-10-30,13.1,13.05,14.1,13.58,-0.05312538
1995-10-31,11.8,11.5,13.1,11.6,-0.3000002
1995-11-01,9.9,9.63,11.8,10.82,-0.26718712
1995-11-02,6.2,8.8,9.9,8.625,2.5968752
1995-11-03,5.9,5.66,6.2,6.39,-0.23984385
1995-11-04,3.6999998,7.797,5.9,8.03,4.096875
1995-11-05,0.0,2.656,3.7,3.402,2.65625
1995-11-06,-1.1999998,2.031,0.0,3.223,3.2312498
1995-11-07,1.6000004,1.789,-1.2,2.969,0.18906212
1995-11-08,1.5,4.188,1.6,5.48,2.6875
1995-11-09,5.2,4.46,1.5,5.566,-0.7390623
1995-11-10,11.0,6.836,5.2,6.16,-4.1640625
1995-11-11,16.6,11.555,11.0,12.22,-5.045313
1995-11-12,13.3,14.52,16.6,14.12,1.2234373
1995-11-13,7.2,10.14,13.3,13.17,2.9406252
1995-11-14,7.9,8.24,7.2,7.176,0.3421874
1995-11-15,10.4,8.336,7.9,9.086,-2.064062
1995-11-16,11.7,11.1,10.4,10.63,-0.5984373
1995-11-17,6.5,9.82,11.7,8.38,3.3203125
1995-11-18,-0.6999998,5.73,6.5,5.41,6.4304686
1995-11-19,-0.8999996,-0.7812,-0.7,0.7188,0.11874962
1995-11-20,1.8999996,3.79,-0.9,2.7,1.8890629
1995-11-21,5.8,3.582,1.9,3.121,-2.217969
1995-11-22,8.2,7.086,5.8,6.867,-1.1140623
1995-11-23,7.9,6.816,8.2,6.992,-1.0835938
1995-11-24,8.4,7.297,7.9,6.3,-1.1031246
1995-11-25,9.9,8.35,8.4,9.26,-1.5484371
1995-11-26,8.3,9.57,9.9,8.71,1.2703123
1995-11-27,6.5,7.15,8.3,7.25,0.6484375
1995-11-28,3.9,4.574,6.5,5.785,0.67421865
1995-11-29,3.0,3.965,3.9,3.922,0.96484375
1995-11-30,4.5,3.133,3.0,3.102,-1.3671875
1995-12-01,4.2,5.105,4.5,5.105,0.90546894
1995-12-02,6.3,4.105,4.2,4.465,-2.1945314
1995-12-03,8.2,7.723,6.3,7.703,-0.47734356
1995-12-04,4.7,6.72,8.2,6.85,2.0187502
1995-12-05,0.19999981,4.957,4.7,4.746,4.7570314
1995-12-06,-0.19999981,-0.4531,0.2,-0.547,-0.2531252
1995-12-07,-1.1000004,0.547,-0.2,-0.0781,1.6468754
1995-12-08,3.8000002,0.867,-1.1,0.4531,-2.9328127
1995-12-09,6.6,5.715,3.8,5.582,-0.88515615
1995-12-10,0.8000002,4.34,6.6,5.79,3.5398436
1995-12-11,-1.1999998,1.867,0.8,2.398,3.0671873
1995-12-12,0.6000004,-1.406,-1.2,-1.859,-2.0062504
1995-12-13,-1.0,1.602,0.6,1.227,2.6015625
1995-12-14,-1.3000002,-0.578,-1.0,0.4766,0.7218752
1995-12-15,-0.10000038,-1.844,-1.3,-1.898,-1.7437496
1995-12-16,3.1999998,0.797,-0.1,0.672,-2.4031248
1995-12-17,4.9,4.164,3.2,3.621,-0.7359376
1995-12-18,4.6,4.863,4.9,4.332,0.26328135
1995-12-19,1.5,4.074,4.6,3.871,2.5742188
1995-12-20,6.5,2.414,1.5,2.18,-4.0859375
1995-12-21,9.4,8.04,6.5,8.01,-1.3609371
1995-12-22,10.7,8.03,9.4,7.516,-2.6687498
1995-12-23,11.4,10.766,10.7,9.31,-0.6343746
1995-12-24,9.8,9.66,11.4,9.0,-0.14375019
1995-12-25,6.5,7.246,9.8,6.145,0.74609375
1995-12-26,0.8999996,5.27,6.5,4.082,4.3695316
1995-12-27,-2.1999998,0.1641,0.9,0.5703,2.3640623
1995-12-28,-2.5,-1.695,-2.2,-2.234,0.8046875
1995-12-29,-0.6000004,-2.695,-2.5,-2.766,-2.095312
1995-12-30,5.4,-0.2969,-0.6,-0.4531,-5.696875
1995-12-31,8.7,6.547,5.4,6.95,-2.1531248
1996-01-01,7.9,7.676,8.7,6.754,-0.22421885
1996-01-02,6.3,8.05,7.9,7.156,1.7468748
1996-01-03,4.3,5.49,6.3,5.188,1.188281
1996-01-04,3.3000002,2.844,4.3,2.719,-0.4562502
1996-01-05,5.8,3.363,3.3,3.562,-2.436719
1996-01-06,7.4,5.375,5.8,5.566,-2.025
1996-01-07,8.6,7.086,7.4,6.6,-1.5140629
1996-01-08,8.1,6.934,8.6,6.895,-1.1664066
1996-01-09,9.9,7.707,8.1,7.418,-2.1929684
1996-01-10,7.8,8.766,9.9,8.0,0.9656248
1996-01-11,7.8,6.055,7.8,5.984,-1.7453127
1996-01-12,7.4,7.516,7.8,6.445,0.115624905
1996-01-13,6.8,5.395,7.4,5.266,-1.405469
1996-01-14,7.6,5.36,6.8,5.664,-2.240625
1996-01-15,7.9,6.637,7.6,7.03,-1.2632813
1996-01-16,2.8999996,6.25,7.9,6.555,3.3500004
1996-01-17,2.4000006,2.938,2.9,2.164,0.5374994
1996-01-18,1.5,2.309,2.4,2.54,0.80859375
1996-01-19,0.3000002,2.27,1.5,2.203,1.969531
1996-01-20,1.5,0.5156,0.3,1.469,-0.984375
1996-01-21,6.1,2.14,1.5,2.656,-3.959375
1996-01-22,6.9,6.83,6.1,6.992,-0.071875095
1996-01-23,6.9,6.57,6.9,5.664,-0.3296876
1996-01-24,5.9,6.445,6.9,6.215,0.5453124
1996-01-25,4.4,5.547,5.9,5.28,1.1468749
1996-01-26,2.0,3.465,4.4,3.625,1.4648438
1996-01-27,5.4,1.07,2.0,1.25,-4.3296876
1996-01-28,3.6,5.56,5.4,6.06,1.9585938
1996-01-29,5.0,3.383,3.6,2.746,-1.6171875
1996-01-30,1.3999996,4.684,5.0,4.727,3.2835941
1996-01-31,-0.8000002,0.1406,1.4,1.07,0.9406252
1996-02-01,3.3000002,-0.1328,-0.8,0.1562,-3.4328127
1996-02-02,3.6999998,4.516,3.3,4.516,0.8156252
1996-02-03,1.8000002,3.0,3.7,2.781,1.1999998
1996-02-04,0.6999998,2.57,1.8,1.75,1.8703127
1996-02-05,-2.1000004,0.3828,0.7,0.867,2.482813
1996-02-06,-1.0,-3.094,-2.1,-2.594,-2.09375
1996-02-07,2.4000006,0.586,-1.0,-0.2344,-1.8140631
1996-02-08,0.8999996,2.734,2.4,3.402,1.8343754
1996-02-09,1.6999998,0.5234,0.9,0.4844,-1.1765623
1996-02-10,5.4,3.57,1.7,3.184,-1.8296876
1996-02-11,4.7,5.094,5.4,5.26,0.3937502
1996-02-12,6.7,4.008,4.7,3.504,-2.6921873
1996-02-13,4.2,6.438,6.7,6.12,2.2375002
1996-02-14,1.0,3.46,4.2,2.719,2.4609375
1996-02-15,0.3000002,1.039,1.0,0.6797,0.7390623
1996-02-16,1.8999996,0.7734,0.3,0.2656,-1.1265621
1996-02-17,6.0,2.91,1.9,2.656,-3.0898438
1996-02-18,5.0,6.254,6.0,6.16,1.2539062
1996-02-19,1.5,4.85,5.0,4.594,3.3515625
1996-02-20,-2.5,1.227,1.5,1.25,3.7265625
1996-02-21,-3.5999994,-0.992,-2.5,-1.758,2.607812
1996-02-22,-3.8999987,-3.398,-3.6,-3.938,0.50156116
1996-02-23,-0.6999998,-2.219,-3.9,-2.719,-1.5187502
1996-02-24,5.0,-0.414,-0.7,-0.5547,-5.4140625
1996-02-25,8.5,5.93,5.0,5.848,-2.5703125
1996-02-26,7.1,7.5,8.5,7.367,0.4000001
1996-02-27,5.8,6.195,7.1,5.992,0.3953123
1996-02-28,6.3,5.79,5.8,5.54,-0.5109377
1996-02-29,5.5,5.664,6.3,5.24,0.1640625
1996-03-01,4.2,4.445,5.5,3.695,0.24531269
1996-03-02,2.6,5.23,4.2,4.656,2.6304688
1996-03-03,-0.10000038,1.8125,2.6,2.086,1.9125004
1996-03-04,0.3000002,1.297,-0.1,0.4766,0.9968748
1996-03-05,3.0,2.668,0.3,2.473,-0.33203125
1996-03-06,2.8999996,3.79,3.0,3.586,0.8890629
1996-03-07,2.2999997,2.418,2.9,2.277,0.117969036
1996-03-08,6.5,3.348,2.3,2.922,-3.1523438
1996-03-09,7.0,6.66,6.5,5.883,-0.33984375
1996-03-10,3.4,6.76,7.0,6.312,3.3617187
1996-03-11,1.3999996,3.23,3.4,2.996,1.8304691
1996-03-12,0.6999998,2.281,1.4,1.867,1.5812502
1996-03-13,3.0,1.977,0.7,2.48,-1.0234375
1996-03-14,7.1,4.547,3.0,4.926,-2.553125
1996-03-15,9.2,7.36,7.1,7.086,-1.8406248
1996-03-16,6.5,8.22,9.2,8.16,1.71875
1996-03-17,7.4,7.055,6.5,6.047,-0.3453126
1996-03-18,6.9,7.61,7.4,7.637,0.7093749
1996-03-19,5.3,5.348,6.9,4.992,0.04765606
1996-03-20,7.3,6.83,5.3,6.35,-0.4718752
1996-03-21,9.8,8.07,7.3,7.273,-1.7296877
1996-03-22,11.5,9.42,9.8,9.23,-2.078125
1996-03-23,13.3,10.8,11.5,10.58,-2.5031252
1996-03-24,14.5,12.6,13.3,11.984,-1.8984375
1996-03-25,13.9,14.484,14.5,13.21,0.5843754
1996-03-26,10.2,11.42,13.9,10.7,1.2218752
1996-03-27,4.6,8.7,10.2,9.266,4.103125
1996-03-28,1.8999996,3.906,4.6,4.504,2.0062504
1996-03-29,4.0,3.64,1.9,4.594,-0.359375
1996-03-30,3.3000002,5.242,4.0,5.387,1.9421873
1996-03-31,2.8999996,1.9375,3.3,2.727,-0.9624996
1996-04-01,4.7,5.484,2.9,5.68,0.7843752
1996-04-02,3.1,5.277,4.7,4.887,2.1773438
1996-04-03,1.6999998,2.785,3.1,3.852,1.0851564
1996-04-04,3.0,2.465,1.7,2.977,-0.53515625
1996-04-05,4.6,4.883,3.0,4.844,0.2828126
1996-04-06,7.7,5.594,4.6,5.97,-2.1062498
1996-04-07,8.2,8.82,7.7,9.09,0.6203127
1996-04-08,6.1,8.17,8.2,9.7,2.071875
1996-04-09,7.1,6.57,6.1,6.7,-0.5296874
1996-04-10,8.5,9.33,7.1,8.75,0.828125
1996-04-11,10.2,10.734,8.5,11.14,0.5343752
1996-04-12,9.1,8.64,10.2,7.69,-0.45937538
1996-04-13,9.0,10.69,9.1,10.13,1.6875
1996-04-14,9.3,10.0,9.0,9.43,0.6999998
1996-04-15,8.9,8.83,9.3,8.37,-0.07187462
1996-04-16,10.8,9.22,8.9,9.11,-1.5812502
1996-04-17,10.2,12.41,10.8,12.12,2.2062502
1996-04-18,9.7,10.28,10.2,9.66,0.5812502
1996-04-19,14.0,10.11,9.7,9.76,-3.890625
1996-04-20,15.5,14.53,14.0,14.97,-0.96875
1996-04-21,17.2,14.41,15.5,14.125,-2.7937508
1996-04-22,16.9,15.734,17.2,14.68,-1.1656246
1996-04-23,11.6,14.2,16.9,13.64,2.6031246
1996-04-24,9.6,9.05,11.6,8.82,-0.5531254
1996-04-25,8.9,8.83,9.6,7.934,-0.07187462
1996-04-26,11.9,9.67,8.9,10.26,-2.2281246
1996-04-27,13.4,11.875,11.9,12.09,-1.5249996
1996-04-28,13.4,13.17,13.4,12.59,-0.22812462
1996-04-29,11.2,13.78,13.4,13.195,2.5812502
1996-04-30,11.4,10.16,11.2,10.484,-1.2437496
1996-05-01,10.1,11.87,11.4,11.01,1.7671871
1996-05-02,8.5,9.32,10.1,8.875,0.8203125
1996-05-03,8.9,9.42,8.5,8.6,0.5218754
1996-05-04,9.5,9.29,8.9,9.055,-0.2109375
1996-05-05,11.4,9.445,9.5,9.555,-1.9546871
1996-05-06,14.9,11.914,11.4,11.85,-2.985937
1996-05-07,14.2,15.05,14.9,15.0,0.8468752
1996-05-08,13.5,13.51,14.2,13.11,0.0078125
1996-05-09,9.3,11.93,13.5,11.86,2.6296873
1996-05-10,8.7,8.664,9.3,8.72,-0.03593731
1996-05-11,9.8,9.46,8.7,8.72,-0.3390627
1996-05-12,8.7,10.52,9.8,10.13,1.8234377
1996-05-13,9.3,9.914,8.7,8.93,0.6140623
1996-05-14,10.3,10.58,9.3,10.19,0.2781248
1996-05-15,11.7,11.21,10.3,10.69,-0.4890623
1996-05-16,15.8,12.05,11.7,12.16,-3.7531252
1996-05-17,16.0,15.086,15.8,14.81,-0.9140625
1996-05-18,14.3,14.734,16.0,14.69,0.4343748
1996-05-19,10.5,12.65,14.3,12.87,2.1484375
1996-05-20,10.2,9.984,10.5,10.33,-0.21562481
1996-05-21,10.0,11.26,10.2,10.62,1.2578125
1996-05-22,12.4,10.1,10.0,9.93,-2.298437
1996-05-23,14.5,13.81,12.4,13.71,-0.6875
1996-05-24,17.0,14.25,14.5,14.32,-2.75
1996-05-25,13.3,17.11,17.0,16.23,3.8093748
1996-05-26,14.8,13.06,13.3,13.0,-1.7375002
1996-05-27,12.7,15.17,14.8,14.7,2.4718752
1996-05-28,13.2,13.06,12.7,12.87,-0.13749981
1996-05-29,15.3,13.805,13.2,13.17,-1.4953127
1996-05-30,20.3,16.6,15.3,16.34,-3.7062492
1996-05-31,16.4,20.16,20.3,20.75,3.7562504
1996-06-01,13.7,15.19,16.4,15.11,1.4875002
1996-06-02,12.0,13.49,13.7,13.445,1.4921875
1996-06-03,15.1,12.77,12.0,12.53,-2.326563
1996-06-04,16.8,15.97,15.1,15.484,-0.83124924
1996-06-05,19.3,17.48,16.8,17.58,-1.8156242
1996-06-06,23.1,19.44,19.3,19.05,-3.6625004
1996-06-07,23.8,21.75,23.1,21.9,-2.0499992
1996-06-08,20.2,21.3,23.8,21.6,1.0968742
1996-06-09,20.1,18.31,20.2,18.78,-1.7875004
1996-06-10,22.2,20.55,20.1,20.1,-1.6531258
1996-06-11,22.6,21.48,22.2,21.8,-1.1156254
1996-06-12,20.1,21.84,22.6,22.02,1.7437496
1996-06-13,17.1,18.08,20.1,18.52,0.9781246
1996-06-14,17.6,17.36,17.1,17.72,-0.24062538
1996-06-15,18.7,18.77,17.6,18.53,0.06562424
1996-06-16,19.6,19.72,18.7,19.72,0.11874962
1996-06-17,19.5,20.16,19.6,20.1,0.65625
1996-06-18,20.8,19.83,19.5,19.92,-0.97187424
1996-06-19,20.3,21.5,20.8,21.44,1.2000008
1996-06-20,18.4,20.16,20.3,21.2,1.7562504
1996-06-21,14.9,18.14,18.4,18.53,3.2406254
1996-06-22,11.9,12.57,14.9,14.875,0.6703129
1996-06-23,12.3,12.53,11.9,12.85,0.23124981
1996-06-24,11.0,13.56,12.3,13.375,2.5625
1996-06-25,12.5,12.8,11.0,12.625,0.296875
1996-06-26,15.7,14.31,12.5,14.25,-1.3874998
1996-06-27,17.9,17.88,15.7,18.44,-0.024999619
1996-06-28,19.4,18.5,17.9,19.6,-0.8999996
1996-06-29,16.6,19.53,19.4,20.52,2.9312496
1996-06-30,16.1,15.14,16.6,16.8,-0.9593754
1996-07-01,15.9,17.08,16.1,17.72,1.1781254
1996-07-02,14.9,16.2,15.9,16.2,1.3031254
1996-07-03,17.4,15.84,14.9,15.69,-1.5562496
1996-07-04,19.1,19.05,17.4,19.12,-0.05312538
1996-07-05,16.4,17.62,19.1,18.27,1.2250004
1996-07-06,14.2,15.984,16.4,16.2,1.7843752
1996-07-07,11.8,14.695,14.2,15.34,2.8953123
1996-07-08,14.1,12.66,11.8,13.516,-1.4437504
1996-07-09,15.6,16.12,14.1,15.53,0.5249996
1996-07-10,16.3,16.75,15.6,17.16,0.45000076
1996-07-11,17.3,16.03,16.3,16.22,-1.2687492
1996-07-12,18.5,18.42,17.3,18.3,-0.078125
1996-07-13,18.9,18.5,18.5,19.56,-0.39999962
1996-07-14,21.9,18.95,18.9,19.5,-2.9468746
1996-07-15,22.4,22.05,21.9,22.23,-0.35312462
1996-07-16,21.4,20.66,22.4,20.78,-0.7437496
1996-07-17,20.2,20.62,21.4,20.44,0.42499924
1996-07-18,20.2,20.75,20.2,20.83,0.54999924
1996-07-19,20.3,21.06,20.2,20.72,0.76250076
1996-07-20,20.4,20.78,20.3,20.83,0.38125038
1996-07-21,20.8,20.97,20.4,20.9,0.16875076
1996-07-22,23.7,21.55,20.8,21.38,-2.1531258
1996-07-23,22.4,23.67,23.7,23.28,1.2718754
1996-07-24,19.9,20.83,22.4,20.94,0.9281254
1996-07-25,19.4,19.83,19.9,20.16,0.42812538
1996-07-26,20.9,20.33,19.4,20.28,-0.5718746
1996-07-27,22.5,21.38,20.9,21.19,-1.125
1996-07-28,21.0,21.97,22.5,21.72,0.96875
1996-07-29,21.3,20.81,21.0,21.17,-0.48749924
1996-07-30,19.0,21.53,21.3,21.55,2.53125
1996-07-31,19.9,18.66,19.0,18.89,-1.2437496
1996-08-01,21.0,20.47,19.9,20.5,-0.53125
1996-08-02,19.7,20.86,21.0,21.44,1.1593742
1996-08-03,20.2,20.22,19.7,20.25,0.018749237
1996-08-04,19.5,19.84,20.2,19.31,0.34375
1996-08-05,19.1,20.16,19.5,20.25,1.0562496
1996-08-06,17.6,17.62,19.1,18.23,0.024999619
1996-08-07,16.9,17.12,17.6,17.19,0.22500038
1996-08-08,17.8,17.6,16.9,17.5,-0.20624924
1996-08-09,21.5,19.69,17.8,19.62,-1.8125
1996-08-10,18.2,21.97,21.5,21.81,3.7687492
1996-08-11,17.7,16.25,18.2,17.25,-1.4500008
1996-08-12,15.2,16.36,17.7,17.02,1.1593752
1996-08-13,16.4,15.15,15.2,16.06,-1.2515621
1996-08-14,16.9,17.0,16.4,17.05,0.10000038
1996-08-15,16.1,17.12,16.9,17.36,1.0249996
1996-08-16,18.7,16.38,16.1,17.16,-2.3250008
1996-08-17,19.9,19.11,18.7,19.53,-0.7906246
1996-08-18,21.2,20.16,19.9,20.25,-1.0437508
1996-08-19,23.0,20.97,21.2,20.72,-2.03125
1996-08-20,20.9,22.31,23.0,22.47,1.4125004
1996-08-21,18.7,19.16,20.9,19.4,0.45624924
1996-08-22,17.6,17.23,18.7,17.44,-0.36562538
1996-08-23,17.6,17.88,17.6,17.62,0.27499962
1996-08-24,16.9,17.8,17.6,17.6,0.8968754
1996-08-25,16.3,16.25,16.9,16.34,-0.049999237
1996-08-26,16.8,16.06,16.3,16.14,-0.73749924
1996-08-27,14.8,16.42,16.8,17.34,1.6218748
1996-08-28,13.5,14.59,14.8,15.67,1.09375
1996-08-29,14.4,13.82,13.5,14.89,-0.5796871
1996-08-30,14.8,14.484,14.4,15.61,-0.3156252
1996-08-31,14.0,15.33,14.8,14.984,1.328125
1996-09-01,13.5,15.48,14.0,15.53,1.9765625
1996-09-02,14.0,13.72,13.5,14.234,-0.28125
1996-09-03,15.1,14.83,14.0,14.19,-0.27187538
1996-09-04,17.1,15.734,15.1,15.07,-1.3656254
1996-09-05,16.8,17.06,17.1,16.78,0.26250076
1996-09-06,15.4,17.53,16.8,17.55,2.1312504
1996-09-07,12.2,15.4,15.4,16.5,3.1984377
1996-09-08,11.4,12.53,12.2,14.375,1.1312504
1996-09-09,13.2,12.5,11.4,14.39,-0.6999998
1996-09-10,12.8,13.016,13.2,14.266,0.21562481
1996-09-11,12.1,14.61,12.8,14.984,2.5093746
1996-09-12,12.4,12.5,12.1,13.516,0.10000038
1996-09-13,11.1,13.9,12.4,13.96,2.798437
1996-09-14,9.7,9.83,11.1,10.21,0.12812519
1996-09-15,10.9,12.54,9.7,11.19,1.6390629
1996-09-16,12.5,12.3,10.9,13.03,-0.203125
1996-09-17,14.3,13.58,12.5,13.67,-0.7218752
1996-09-18,12.6,13.836,14.3,15.22,1.2359371
1996-09-19,12.0,13.3,12.6,13.3,1.296875
1996-09-20,11.3,11.3,12.0,11.98,-0.0031251907
1996-09-21,12.3,11.05,11.3,11.95,-1.2531252
1996-09-22,10.1,13.07,12.3,13.945,2.970312
1996-09-23,10.9,10.84,10.1,11.06,-0.05624962
1996-09-24,11.6,11.56,10.9,10.766,-0.03750038
1996-09-25,11.5,11.46,11.6,12.13,-0.0390625
1996-09-26,13.1,12.58,11.5,12.82,-0.5218754
1996-09-27,15.1,14.66,13.1,14.33,-0.44375038
1996-09-28,11.1,13.5,15.1,14.89,2.3999996
1996-09-29,12.7,12.15,11.1,14.17,-0.5515623
1996-09-30,14.8,13.18,12.7,14.94,-1.6203127
1996-10-01,11.8,16.12,14.8,15.766,4.325
1996-10-02,9.4,10.984,11.8,11.54,1.5843754
1996-10-03,8.9,8.95,9.4,9.875,0.05312538
1996-10-04,10.6,11.07,8.9,10.58,0.47031212
1996-10-05,7.9,10.21,10.6,11.17,2.3109374
1996-10-06,8.0,7.46,7.9,7.484,-0.5390625
1996-10-07,8.5,9.7,8.0,8.95,1.203125
1996-10-08,8.1,10.8,8.5,10.76,2.6968746
1996-10-09,9.8,8.484,8.1,8.09,-1.3156252
1996-10-10,11.3,11.16,9.8,11.51,-0.14375019
1996-10-11,9.2,10.03,11.3,10.91,0.8312502
1996-10-12,11.6,9.08,9.2,9.266,-2.5218754
1996-10-13,14.7,12.414,11.6,13.63,-2.2859373
1996-10-14,14.3,14.625,14.7,14.16,0.3249998
1996-10-15,11.9,12.85,14.3,12.42,0.9515629
1996-10-16,9.6,11.64,11.9,11.086,2.0406246
1996-10-17,8.4,9.36,9.6,10.09,0.9593754
1996-10-18,9.3,8.266,8.4,9.06,-1.0343752
1996-10-19,11.2,12.05,9.3,12.62,0.8468752
1996-10-20,11.6,10.31,11.2,10.76,-1.2875004
1996-10-21,13.7,13.305,11.6,12.84,-0.3953123
1996-10-22,9.6,11.586,13.7,11.62,1.9859371
1996-10-23,11.0,9.23,9.6,10.445,-1.7734375
1996-10-24,11.7,10.1,11.0,12.29,-1.5984373
1996-10-25,11.2,11.805,11.7,10.89,0.6046877
1996-10-26,11.7,9.836,11.2,11.08,-1.8640623
1996-10-27,12.0,10.89,11.7,10.84,-1.109375
1996-10-28,13.6,12.14,12.0,12.45,-1.4593754
1996-10-29,10.8,12.81,13.6,12.87,2.0124998
1996-10-30,6.6,9.305,10.8,10.13,2.7046876
1996-10-31,7.4,5.24,6.6,5.65,-2.1617188
1996-11-01,12.6,11.06,7.4,11.22,-1.5375004
1996-11-02,11.7,12.32,12.6,11.99,0.6203127
1996-11-03,9.0,9.58,11.7,9.35,0.578125
1996-11-04,10.4,10.32,9.0,10.06,-0.07968712
1996-11-05,8.9,12.29,10.4,12.57,3.389063
1996-11-06,11.0,7.062,8.9,8.47,-3.9375
1996-11-07,11.1,11.8,11.0,11.66,0.6968746
1996-11-08,6.5,9.19,11.1,9.875,2.6875
1996-11-09,5.8,5.42,6.5,5.6,-0.3781252
1996-11-10,8.0,6.945,5.8,8.44,-1.0546875
1996-11-11,9.2,8.23,8.0,8.984,-0.9734373
1996-11-12,7.8,7.523,9.2,7.207,-0.2765627
1996-11-13,6.9,6.902,7.8,6.25,0.0023436546
1996-11-14,2.5,5.31,6.9,5.152,2.8085938
1996-11-15,3.0,2.648,2.5,3.766,-0.3515625
1996-11-16,3.9,4.56,3.0,5.316,0.65859365
1996-11-17,3.6,3.344,3.9,4.06,-0.2562499
1996-11-18,3.3000002,2.824,3.6,2.844,-0.47578144
1996-11-19,3.1999998,3.016,3.3,3.414,-0.18437481
1996-11-20,5.7,4.64,3.2,4.6,-1.0593748
1996-11-21,3.1999998,4.617,5.7,4.496,1.4171877
1996-11-22,0.19999981,4.105,3.2,4.516,3.905469
1996-11-23,1.1000004,0.1406,0.2,0.3125,-0.9593754
1996-11-24,2.2999997,3.3,1.1,2.742,1.0007815
1996-11-25,7.2,3.746,2.3,3.96,-3.453906
1996-11-26,4.7,7.633,7.2,8.54,2.9328127
1996-11-27,2.8999996,4.01,4.7,4.184,1.1117191
1996-11-28,1.1999998,3.543,2.9,3.383,2.342969
1996-11-29,6.2,1.359,1.2,1.0625,-4.840625
1996-11-30,7.8,7.973,6.2,8.22,0.17265606
1996-12-01,6.8,6.508,7.8,5.938,-0.2921877
1996-12-02,7.7,7.125,6.8,6.477,-0.5749998
1996-12-03,8.0,6.688,7.7,6.04,-1.3125
1996-12-04,7.1,7.465,8.0,6.64,0.36484385
1996-12-05,6.5,5.41,7.1,4.527,-1.0898438
1996-12-06,7.1,5.348,6.5,5.24,-1.7523437
1996-12-07,6.8,5.562,7.1,5.53,-1.2375002
1996-12-08,-0.19999981,4.52,6.8,5.664,4.719531
1996-12-09,-0.6000004,0.01563,-0.2,-0.922,0.6156254
1996-12-10,-0.39999962,-0.664,-0.6,-0.9375,-0.26406288
1996-12-11,0.8000002,-0.03125,-0.4,-1.039,-0.8312502
1996-12-12,3.5,2.07,0.8,1.867,-1.4296875
1996-12-13,7.7,5.465,3.5,4.895,-2.235156
1996-12-14,2.4000006,6.875,7.7,6.434,4.4749994
1996-12-15,-0.8999996,1.75,2.4,1.469,2.6499996
1996-12-16,0.5,1.969,-0.9,1.008,1.46875
1996-12-17,5.7,1.344,0.5,1.523,-4.35625
1996-12-18,8.5,7.18,5.7,7.4,-1.3203125
1996-12-19,9.4,8.87,8.5,8.59,-0.5328121
1996-12-20,8.0,8.7,9.4,7.79,0.703125
1996-12-21,7.2,7.86,8.0,7.82,0.6593752
1996-12-22,8.6,6.906,7.2,5.25,-1.6937504
1996-12-23,6.0,7.125,8.6,6.973,1.125
1996-12-24,3.3000002,3.938,6.0,4.832,0.6374998
1996-12-25,-2.0,2.117,3.3,2.66,4.1171875
1996-12-26,-4.8999996,-1.703,-2.0,-2.172,3.1968746
1996-12-27,-6.0,-4.1,-4.9,-4.562,1.8984375
1996-12-28,-7.200001,-5.22,-6.0,-5.18,1.9812508
1996-12-29,-8.1,-7.89,-7.2,-7.125,0.20937538
1996-12-30,-5.8,-7.5,-8.1,-6.86,-1.6999998
1996-12-31,-6.799999,-2.703,-5.8,-3.305,4.096874
1997-01-01,-9.5,-6.438,-6.8,-5.547,3.0625
1997-01-02,-8.1,-8.42,-9.5,-8.2,-0.32187462
1997-01-03,-4.8999996,-5.53,-8.1,-7.156,-0.6312504
1997-01-04,-3.1999998,-3.46,-4.9,-4.367,-0.2609377
1997-01-05,-3.5999994,-3.297,-3.2,-3.594,0.30312443
1997-01-06,-2.1000004,-1.914,-3.6,-3.195,0.18593788
1997-01-07,-5.6000004,-1.094,-2.1,-1.391,4.5062504
1997-01-08,-0.8000002,-5.727,-5.6,-4.906,-4.9265623
1997-01-09,1.8999996,1.086,-0.8,0.9062,-0.8140621
1997-01-10,0.3000002,1.703,1.9,1.797,1.4031248
1997-01-11,-0.6999998,0.617,0.3,-0.5625,1.3171873
1997-01-12,-3.8000011,-0.2578,-0.7,-0.883,3.5421886
1997-01-13,-3.1000004,-3.266,-3.8,-3.477,-0.16562462
1997-01-14,-1.5,-1.469,-3.1,-2.016,0.03125
1997-01-15,0.6999998,1.344,-1.5,0.6484,0.6437502
1997-01-16,3.1,3.191,0.7,2.492,0.091406345
1997-01-17,4.5,5.074,3.1,4.19,0.57421875
1997-01-18,4.1,5.258,4.5,4.855,1.1578126
1997-01-19,5.0,4.668,4.1,3.871,-0.33203125
1997-01-20,3.1999998,5.164,5.0,4.617,1.9640627
1997-01-21,5.6,3.48,3.2,2.734,-2.1195312
1997-01-22,8.9,6.516,5.6,5.227,-2.3843746
1997-01-23,9.6,8.31,8.9,7.805,-1.2875004
1997-01-24,8.0,8.305,9.6,7.637,0.3046875
1997-01-25,6.3999996,7.492,8.0,6.54,1.0921879
1997-01-26,4.1,6.28,6.4,4.945,2.18125
1997-01-27,2.4000006,4.273,4.1,2.898,1.8734369
1997-01-28,0.5,1.984,2.4,1.883,1.484375
1997-01-29,-0.10000038,0.414,0.5,0.7266,0.5140629
1997-01-30,-0.6000004,-0.414,-0.1,-0.03906,0.18593788
1997-01-31,-1.1999998,-1.289,-0.6,-1.078,-0.08906269
1997-02-01,-1.6000004,-1.266,-1.2,-1.164,0.33437538
1997-02-02,-0.3000002,-1.5,-1.6,-1.617,-1.1999998
1997-02-03,1.6000004,1.367,-0.3,0.578,-0.23281288
1997-02-04,2.8999996,2.27,1.6,2.07,-0.63046837
1997-02-05,6.1,5.527,2.9,4.86,-0.57265615
1997-02-06,2.2999997,5.63,6.1,5.406,3.3289065
1997-02-07,3.9,2.852,2.3,3.055,-1.0484376
1997-02-08,3.8000002,5.08,3.9,4.395,1.2781248
1997-02-09,3.9,3.29,3.8,2.523,-0.6109376
1997-02-10,8.8,5.465,3.9,4.168,-3.3351564
1997-02-11,8.6,9.58,8.8,8.46,0.9781246
1997-02-12,11.3,9.68,8.6,7.664,-1.6203127
1997-02-13,7.9,12.2,11.3,9.97,4.303125
1997-02-14,8.6,6.29,7.9,6.156,-2.310938
1997-02-15,4.6,8.516,8.6,8.086,3.915625
1997-02-16,2.8999996,3.684,4.6,3.29,0.78359413
1997-02-17,8.1,5.15,2.9,5.527,-2.951563
1997-02-18,8.5,8.28,8.1,7.89,-0.21875
1997-02-19,6.6,7.11,8.5,7.9,0.5093751
1997-02-20,8.4,7.934,6.6,7.547,-0.46640587
1997-02-21,8.7,7.727,8.4,7.41,-0.9734373
1997-02-22,7.5,7.625,8.7,6.53,0.125
1997-02-23,9.5,8.234,7.5,7.465,-1.265625
1997-02-24,11.5,8.9,9.5,8.02,-2.6015625
1997-02-25,13.5,10.336,11.5,10.055,-3.1640625
1997-02-26,8.2,11.86,13.5,11.945,3.6593752
1997-02-27,6.2,6.617,8.2,6.805,0.4171877
1997-02-28,9.2,5.24,6.2,5.32,-3.9617186
1997-03-01,10.2,9.38,9.2,8.94,-0.8171873
1997-03-02,10.1,8.414,10.2,8.39,-1.6859379
1997-03-03,12.1,10.58,10.1,9.766,-1.5218754
1997-03-04,14.2,11.38,12.1,10.53,-2.8171873
1997-03-05,8.5,11.85,14.2,11.25,3.3515625
1997-03-06,9.4,8.234,8.5,7.598,-1.1656246
1997-03-07,9.4,9.59,9.4,8.88,0.19375038
1997-03-08,7.6,7.36,9.4,8.36,-0.2406249
1997-03-09,7.7,7.227,7.6,7.938,-0.4734373
1997-03-10,8.5,7.316,7.7,7.594,-1.1835938
1997-03-11,8.5,8.2,8.5,8.234,-0.296875
1997-03-12,9.0,9.51,8.5,8.91,0.5078125
1997-03-13,4.6,8.11,9.0,8.2,3.509375
1997-03-14,6.3,5.766,4.6,5.758,-0.5343752
1997-03-15,8.3,8.3,6.3,7.875,-0.0031251907
1997-03-16,9.0,8.86,8.3,9.875,-0.140625
1997-03-17,8.7,7.637,9.0,8.6,-1.063281
1997-03-18,6.3999996,8.95,8.7,8.66,2.5531254
1997-03-19,6.8,6.645,6.4,6.22,-0.15546894
1997-03-20,5.1,6.7,6.8,5.832,1.5992188
1997-03-21,5.9,5.477,5.1,5.266,-0.4234376
1997-03-22,5.6,7.29,5.9,7.426,1.6890626
1997-03-23,6.7,5.848,5.6,6.375,-0.85234356
1997-03-24,7.7,7.953,6.7,7.617,0.2531252
1997-03-25,7.1,8.164,7.7,8.234,1.0640626
1997-03-26,7.8,5.51,7.1,5.684,-2.2882814
1997-03-27,11.5,9.93,7.8,9.234,-1.5703125
1997-03-28,9.8,11.984,11.5,11.766,2.1843748
1997-03-29,4.6,8.14,9.8,8.05,3.540625
1997-03-30,6.1,5.85,4.6,6.965,-0.2484374
1997-03-31,7.6,7.51,6.1,7.426,-0.088281155
1997-04-01,9.6,8.43,7.6,8.27,-1.1703129
1997-04-02,10.3,10.43,9.6,10.05,0.12968731
1997-04-03,9.1,9.5,10.3,9.56,0.39999962
1997-04-04,6.3999996,8.94,9.1,8.73,2.5375004
1997-04-05,7.0,5.52,6.4,5.066,-1.4804688
1997-04-06,9.6,10.25,7.0,8.96,0.6499996
1997-04-07,8.1,9.68,9.6,9.09,1.5796871
1997-04-08,9.2,8.41,8.1,9.016,-0.7937498
1997-04-09,10.2,10.336,9.2,10.94,0.13593769
1997-04-10,10.9,10.1,10.2,10.43,-0.7984371
1997-04-11,10.4,10.11,10.9,9.75,-0.29062462
1997-04-12,6.0,10.92,10.4,11.164,4.921875
1997-04-13,6.6,5.582,6.0,6.688,-1.0179687
1997-04-14,8.7,7.055,6.6,6.715,-1.6453123
1997-04-15,8.4,9.87,8.7,9.96,1.4671879
1997-04-16,7.2,7.89,8.4,7.906,0.6906252
1997-04-17,6.9,7.605,7.2,7.547,0.70546865
1997-04-18,7.2,6.953,6.9,7.414,-0.24687481
1997-04-19,8.5,9.08,7.2,9.695,0.578125
1997-04-20,6.0,8.09,8.5,9.055,2.09375
1997-04-21,5.9,5.906,6.0,6.28,0.0062499046
1997-04-22,6.1,7.625,5.9,7.434,1.5250001
1997-04-23,6.5,6.74,6.1,7.71,0.23828125
1997-04-24,9.2,8.6,6.5,8.91,-0.5984373
1997-04-25,12.9,10.57,9.2,10.98,-2.329687
1997-04-26,11.9,13.03,12.9,14.47,1.1312504
1997-04-27,12.2,12.07,11.9,12.55,-0.12968731
1997-04-28,13.2,13.11,12.2,13.39,-0.09062481
1997-04-29,11.3,12.55,13.2,12.15,1.2468748
1997-04-30,11.2,11.016,11.3,10.5,-0.18437481
1997-05-01,12.3,10.984,11.2,10.11,-1.3156252
1997-05-02,15.5,12.86,12.3,13.73,-2.640625
1997-05-03,17.9,15.37,15.5,15.81,-2.532812
1997-05-04,17.8,15.89,17.9,14.42,-1.9093742
1997-05-05,13.8,15.484,17.8,14.37,1.6843748
1997-05-06,8.4,10.92,13.8,10.8,2.5218754
1997-05-07,4.5,6.44,8.4,7.125,1.9414062
1997-05-08,8.0,4.516,4.5,5.25,-3.484375
1997-05-09,10.5,9.99,8.0,10.15,-0.5078125
1997-05-10,13.2,10.75,10.5,9.68,-2.4499998
1997-05-11,11.1,13.445,13.2,13.31,2.345312
1997-05-12,12.0,10.36,11.1,11.02,-1.640625
1997-05-13,14.1,12.984,12.0,12.27,-1.1156254
1997-05-14,13.7,13.305,14.1,12.766,-0.3953123
1997-05-15,18.3,13.29,13.7,13.15,-5.0109367
1997-05-16,19.3,17.39,18.3,16.88,-1.9093742
1997-05-17,17.2,16.66,19.3,16.38,-0.54375076
1997-05-18,15.7,15.09,17.2,15.06,-0.6062498
1997-05-19,16.0,15.14,15.7,14.58,-0.859375
1997-05-20,14.4,15.81,16.0,15.97,1.4125004
1997-05-21,12.7,13.38,14.4,13.81,0.6828127
1997-05-22,13.0,12.18,12.7,12.62,-0.8203125
1997-05-23,14.5,13.05,13.0,12.664,-1.453125
1997-05-24,16.0,15.92,14.5,15.75,-0.078125
1997-05-25,16.7,15.67,16.0,15.33,-1.0281258
1997-05-26,16.8,16.47,16.7,15.75,-0.33124924
1997-05-27,17.3,16.22,16.8,15.98,-1.0812492
1997-05-28,15.0,16.98,17.3,16.81,1.984375
1997-05-29,15.6,13.78,15.0,14.164,-1.8187504
1997-05-30,17.6,16.56,15.6,16.83,-1.0375004
1997-05-31,16.7,17.62,17.6,18.16,0.92499924
1997-06-01,11.6,15.57,16.7,16.28,3.970312
1997-06-02,14.5,11.45,11.6,11.37,-3.046875
1997-06-03,16.7,15.51,14.5,15.27,-1.1921883
1997-06-04,19.3,17.28,16.7,17.7,-2.0187492
1997-06-05,18.9,19.1,19.3,18.95,0.19375038
1997-06-06,21.3,18.06,18.9,17.28,-3.2374992
1997-06-07,19.7,20.84,21.3,20.28,1.1437492
1997-06-08,17.4,16.7,19.7,16.95,-0.6968746
1997-06-09,19.1,16.55,17.4,16.95,-2.5531254
1997-06-10,22.2,19.88,19.1,20.6,-2.3250008
1997-06-11,21.0,21.19,22.2,21.6,0.1875
1997-06-12,18.4,18.47,21.0,18.64,0.06875038
1997-06-13,17.3,17.44,18.4,17.78,0.13750076
1997-06-14,17.1,17.44,17.3,17.19,0.33749962
1997-06-15,17.2,16.86,17.1,16.94,-0.34062576
1997-06-16,16.3,17.69,17.2,17.9,1.3875008
1997-06-17,15.7,16.5,16.3,16.7,0.8000002
1997-06-18,16.0,15.75,15.7,15.555,-0.25
1997-06-19,15.2,16.81,16.0,16.4,1.6125002
1997-06-20,15.7,14.84,15.2,15.72,-0.8562498
1997-06-21,13.9,16.83,15.7,16.38,2.9281254
1997-06-22,14.5,13.97,13.9,14.41,-0.53125
1997-06-23,14.2,15.875,14.5,15.17,1.6750002
1997-06-24,13.4,14.08,14.2,14.42,0.6781254
1997-06-25,13.3,13.984,13.4,13.99,0.6843748
1997-06-26,13.5,15.0,13.3,14.625,1.5
1997-06-27,12.4,13.51,13.5,14.11,1.1078129
1997-06-28,15.7,12.92,12.4,13.484,-2.7781248
1997-06-29,14.4,16.89,15.7,16.62,2.4906254
1997-06-30,13.8,13.99,14.4,14.57,0.19218731
1997-07-01,13.9,13.92,13.8,14.37,0.021875381
1997-07-02,13.2,14.42,13.9,14.61,1.2218752
1997-07-03,14.7,14.484,13.2,14.03,-0.21562481
1997-07-04,14.3,16.34,14.7,15.41,2.0437498
1997-07-05,14.6,14.16,14.3,15.0,-0.44375038
1997-07-06,16.4,15.45,14.6,15.266,-0.9468746
1997-07-07,18.0,17.53,16.4,17.25,-0.46875
1997-07-08,20.2,19.34,18.0,19.33,-0.85625076
1997-07-09,20.9,19.89,20.2,19.47,-1.0093746
1997-07-10,20.8,20.44,20.9,20.78,-0.36249924
1997-07-11,19.6,20.38,20.8,20.23,0.7749996
1997-07-12,19.8,19.1,19.6,19.48,-0.70624924
1997-07-13,21.2,20.31,19.8,20.22,-0.88750076
1997-07-14,20.3,21.19,21.2,21.6,0.88750076
1997-07-15,20.0,19.69,20.3,20.34,-0.3125
1997-07-16,21.8,20.53,20.0,20.47,-1.2687492
1997-07-17,20.2,22.22,21.8,22.34,2.0187492
1997-07-18,17.4,19.28,20.2,19.9,1.8812504
1997-07-19,16.4,16.8,17.4,17.03,0.39687538
1997-07-20,17.1,17.81,16.4,17.9,0.7124996
1997-07-21,17.3,17.56,17.1,17.75,0.26250076
1997-07-22,19.9,18.78,17.3,18.66,-1.1187496
1997-07-23,21.3,20.97,19.9,21.05,-0.33124924
1997-07-24,22.0,19.34,21.3,19.62,-2.65625
1997-07-25,17.6,20.78,22.0,20.77,3.1812496
1997-07-26,20.0,17.28,17.6,17.62,-2.71875
1997-07-27,20.8,20.1,20.0,19.6,-0.70624924
1997-07-28,22.0,19.31,20.8,19.55,-2.6875
1997-07-29,22.2,21.5,22.0,21.95,-0.70000076
1997-07-30,22.3,21.22,22.2,21.22,-1.0812492
1997-07-31,18.7,21.03,22.3,20.92,2.3312492
1997-08-01,19.6,18.9,18.7,19.47,-0.6937504
1997-08-02,21.5,20.84,19.6,20.45,-0.65625
1997-08-03,24.8,21.19,21.5,21.12,-3.6124992
1997-08-04,25.1,23.23,24.8,23.94,-1.8656254
1997-08-05,22.0,22.08,25.1,20.9,0.078125
1997-08-06,21.2,20.38,22.0,20.47,-0.82500076
1997-08-07,18.8,20.75,21.2,19.64,1.9500008
1997-08-08,21.9,17.73,18.8,18.25,-4.1656246
1997-08-09,23.4,21.44,21.9,22.28,-1.9624996
1997-08-10,24.0,22.22,23.4,22.38,-1.78125
1997-08-11,22.0,22.47,24.0,22.22,0.46875
1997-08-12,23.4,22.03,22.0,21.08,-1.3687496
1997-08-13,24.0,22.62,23.4,22.75,-1.375
1997-08-14,23.599998,22.16,24.0,22.36,-1.4437485
1997-08-15,22.9,21.64,23.6,21.44,-1.2593746
1997-08-16,19.9,21.94,22.9,21.67,2.0375004
1997-08-17,21.1,20.72,19.9,19.75,-0.38125038
1997-08-18,21.2,21.06,21.1,20.25,-0.13750076
1997-08-19,21.7,20.19,21.2,20.69,-1.5125008
1997-08-20,20.8,20.84,21.7,20.31,0.043750763
1997-08-21,22.3,20.6,20.8,20.53,-1.7062492
1997-08-22,23.5,22.34,22.3,21.73,-1.15625
1997-08-23,24.5,22.0,23.5,21.69,-2.5
1997-08-24,25.2,23.0,24.5,22.6,-2.2000008
1997-08-25,23.4,23.6,25.2,23.0,0.19375038
1997-08-26,19.4,20.31,23.4,19.94,0.9125004
1997-08-27,18.7,18.81,19.4,18.06,0.11249924
1997-08-28,15.6,17.73,18.7,17.44,2.1343746
1997-08-29,16.4,15.78,15.6,16.55,-0.6187496
1997-08-30,18.3,16.6,16.4,16.88,-1.7062492
1997-08-31,21.3,17.97,18.3,18.19,-3.3312492
1997-09-01,16.6,19.78,21.3,20.0,3.1812496
1997-09-02,15.3,15.85,16.6,16.38,0.5515623
1997-09-03,15.7,14.72,15.3,14.82,-0.9812498
1997-09-04,18.1,16.81,15.7,16.44,-1.2875004
1997-09-05,19.2,17.1,18.1,16.45,-2.1062508
1997-09-06,14.8,18.73,19.2,18.28,3.9343748
1997-09-07,14.5,14.51,14.8,13.61,0.0078125
1997-09-08,15.5,15.41,14.5,15.555,-0.09375
1997-09-09,14.7,16.66,15.5,16.75,1.9562502
1997-09-10,13.7,13.66,14.7,15.34,-0.04374981
1997-09-11,17.5,14.445,13.7,14.7,-3.0546875
1997-09-12,16.5,18.25,17.5,17.98,1.75
1997-09-13,13.3,15.33,16.5,16.19,2.0281248
1997-09-14,10.0,10.56,13.3,12.36,0.5625
1997-09-15,11.0,12.3,10.0,12.12,1.296875
1997-09-16,15.1,13.44,11.0,14.016,-1.6625004
1997-09-17,16.6,15.4,15.1,15.766,-1.2015629
1997-09-18,16.5,15.84,16.6,16.78,-0.65625
1997-09-19,17.6,16.3,16.5,16.16,-1.3031254
1997-09-20,16.1,18.12,17.6,16.88,2.0249996
1997-09-21,15.5,15.92,16.1,16.97,0.421875
1997-09-22,15.3,15.33,15.5,15.96,0.02812481
1997-09-23,15.5,15.21,15.3,15.8,-0.2890625
1997-09-24,14.8,16.06,15.5,16.56,1.2624998
1997-09-25,14.1,15.28,14.8,15.48,1.1812496
1997-09-26,14.0,13.58,14.1,15.01,-0.421875
1997-09-27,14.5,13.89,14.0,15.16,-0.609375
1997-09-28,14.9,14.11,14.5,14.59,-0.7906246
1997-09-29,14.5,14.33,14.9,14.87,-0.171875
1997-09-30,14.6,14.02,14.5,14.625,-0.5765629
1997-10-01,14.7,15.11,14.6,15.0,0.4093752
1997-10-02,14.0,14.92,14.7,14.91,0.921875
1997-10-03,12.4,14.41,14.0,14.31,2.0062504
1997-10-04,9.6,11.04,12.4,12.56,1.4390621
1997-10-05,12.5,10.99,9.6,12.21,-1.5078125
1997-10-06,16.9,13.07,12.5,14.09,-3.829687
1997-10-07,16.8,16.69,16.9,15.83,-0.11249924
1997-10-08,17.6,14.95,16.8,15.39,-2.6468754
1997-10-09,17.7,16.56,17.6,16.25,-1.1375008
1997-10-10,16.5,16.73,17.7,16.25,0.234375
1997-10-11,12.7,12.97,16.5,15.26,0.2687502
1997-10-12,12.1,14.87,12.7,15.22,2.767187
1997-10-13,8.3,11.66,12.1,12.05,3.3562498
1997-10-14,6.9,8.29,8.3,8.89,1.3890624
1997-10-15,9.6,8.66,6.9,9.09,-0.9437504
1997-10-16,11.6,10.08,9.6,9.875,-1.5218754
1997-10-17,12.0,10.19,11.6,11.03,-1.8125
1997-10-18,14.7,11.6,12.0,12.52,-3.0984373
1997-10-19,14.4,13.01,14.7,14.42,-1.3921871
1997-10-20,15.3,13.06,14.4,13.164,-2.2375002
1997-10-21,13.9,13.85,15.3,14.05,-0.04843712
1997-10-22,12.8,12.11,13.9,13.45,-0.6906252
1997-10-23,11.2,12.414,12.8,12.8,1.2140627
1997-10-24,5.3,8.26,11.2,10.69,2.9578123
1997-10-25,4.5,6.633,5.3,7.76,2.1328125
1997-10-26,4.2,5.406,4.5,6.67,1.2062502
1997-10-27,5.7,5.03,4.2,4.203,-0.6687498
1997-10-28,2.0,7.297,5.7,7.656,5.296875
1997-10-29,0.6000004,1.086,2.0,3.395,0.48593712
1997-10-30,-1.5,1.75,0.6,3.008,3.25
1997-10-31,-0.6000004,2.172,-1.5,2.871,2.7718754
1997-11-01,-0.39999962,2.18,-0.6,4.207,2.579687
1997-11-02,2.8999996,0.7656,-0.4,2.688,-2.1343746
1997-11-03,9.3,5.445,2.9,5.668,-3.8546877
1997-11-04,11.8,10.14,9.3,11.02,-1.6593752
1997-11-05,12.3,10.82,11.8,10.92,-1.4796877
1997-11-06,10.8,11.76,12.3,12.55,0.9578123
1997-11-07,10.3,8.98,10.8,9.62,-1.3234377
1997-11-08,11.8,9.52,10.3,8.86,-2.2765627
1997-11-09,9.4,10.914,11.8,10.56,1.5140629
1997-11-10,8.5,8.2,9.4,7.582,-0.296875
1997-11-11,8.4,7.32,8.5,6.44,-1.0796871
1997-11-12,7.1,6.992,8.4,5.39,-0.107812405
1997-11-13,6.1,5.98,7.1,5.348,-0.119531155
1997-11-14,3.4,6.336,6.1,4.727,2.9359374
1997-11-15,7.2,4.19,3.4,3.809,-3.0085936
1997-11-16,11.9,9.21,7.2,9.19,-2.689062
1997-11-17,10.8,10.56,11.9,8.695,-0.23750019
1997-11-18,9.9,9.04,10.8,8.69,-0.8609371
1997-11-19,11.3,10.23,9.9,9.64,-1.0734377
1997-11-20,9.5,9.03,11.3,9.17,-0.46875
1997-11-21,7.9,7.36,9.5,7.523,-0.5406251
1997-11-22,7.1,6.22,7.9,6.113,-0.8812499
1997-11-23,5.0,6.08,7.1,6.08,1.078125
1997-11-24,5.0,4.473,5.0,3.809,-0.52734375
1997-11-25,9.4,5.32,5.0,4.996,-4.079687
1997-11-26,10.1,9.375,9.4,10.016,-0.7250004
1997-11-27,9.5,8.92,10.1,8.11,-0.578125
1997-11-28,8.8,8.195,9.5,7.984,-0.6046877
1997-11-29,8.7,8.95,8.8,8.32,0.2531252
1997-11-30,7.7,7.61,8.7,7.156,-0.09062481
1997-12-01,5.0,6.39,7.7,6.3,1.390625
1997-12-02,3.4,4.54,5.0,5.008,1.1390624
1997-12-03,0.3000002,3.2,3.4,3.785,2.8992186
1997-12-04,0.10000038,-0.336,0.3,0.2344,-0.43593788
1997-12-05,0.3000002,1.094,0.1,0.7266,0.7937498
1997-12-06,-0.6999998,0.789,0.3,0.5156,1.4890623
1997-12-07,0.19999981,-0.02344,-0.7,0.0781,-0.22343731
1997-12-08,7.5,2.773,0.2,2.629,-4.7265625
1997-12-09,8.5,8.61,7.5,9.8,0.109375
1997-12-10,10.2,6.98,8.5,6.766,-3.219531
1997-12-11,12.7,9.94,10.2,10.49,-2.7624998
1997-12-12,7.1,10.78,12.7,10.9,3.68125
1997-12-13,1.1999998,3.941,7.1,4.305,2.7414064
1997-12-14,-1.0,1.266,1.2,0.9453,2.265625
1997-12-15,1.6000004,-0.01563,-1.0,-0.02344,-1.6156254
1997-12-16,0.19999981,1.68,1.6,1.297,1.4796877
1997-12-17,7.8,1.742,0.2,1.148,-6.0578127
1997-12-18,11.1,7.97,7.8,9.82,-3.1312504
1997-12-19,8.3,9.16,11.1,8.664,0.8562498
1997-12-20,7.7,7.305,8.3,7.99,-0.3953123
1997-12-21,4.3,5.44,7.7,5.7,1.141406
1997-12-22,4.6,3.46,4.3,3.484,-1.1390624
1997-12-23,6.7,3.781,4.6,3.941,-2.9187498
1997-12-24,11.1,7.082,6.7,7.504,-4.017969
1997-12-25,13.2,9.6,11.1,8.7,-3.5984373
1997-12-26,9.1,10.805,13.2,10.62,1.7046871
1997-12-27,5.9,6.543,9.1,6.03,0.64296865
1997-12-28,3.3000002,4.184,5.9,3.992,0.88359356
1997-12-29,1.0,2.602,3.3,2.688,1.6015625
1997-12-30,6.5,2.918,1.0,2.844,-3.5820312
1997-12-31,8.1,7.973,6.5,8.336,-0.12734413
1998-01-01,6.7,6.996,8.1,6.418,0.29609394
1998-01-02,7.5,6.33,6.7,5.39,-1.171875
1998-01-03,9.5,6.82,7.5,5.684,-2.6796875
1998-01-04,7.8,8.46,9.5,8.08,0.6609373
1998-01-05,8.4,5.426,7.8,5.484,-2.9742184
1998-01-06,9.2,7.094,8.4,7.41,-2.1062498
1998-01-07,9.7,8.34,9.2,7.82,-1.3562498
1998-01-08,8.6,7.086,9.7,8.05,-1.5140629
1998-01-09,7.4,7.055,8.6,7.05,-0.3453126
1998-01-10,5.6,6.562,7.4,6.414,0.9625001
1998-01-11,7.1,5.49,5.6,5.3,-1.6117187
1998-01-12,8.3,7.53,7.1,7.133,-0.7687502
1998-01-13,11.3,7.82,8.3,7.227,-3.4796877
1998-01-14,6.6,9.98,11.3,9.73,3.3765626
1998-01-15,6.5,5.49,6.6,4.902,-1.0117188
1998-01-16,7.7,7.586,6.5,7.45,-0.11406231
1998-01-17,2.4000006,6.484,7.7,6.098,4.0843744
1998-01-18,5.4,1.344,2.4,2.148,-4.05625
1998-01-19,6.7,6.656,5.4,6.74,-0.04374981
1998-01-20,2.2000003,5.664,6.7,5.164,3.4640622
1998-01-21,1.3000002,3.094,2.2,2.715,1.7937498
1998-01-22,-0.6999998,1.117,1.3,1.82,1.8171873
1998-01-23,0.39999962,0.1797,-0.7,0.2734,-0.22031212
1998-01-24,0.10000038,0.2266,0.4,1.039,0.12656212
1998-01-25,0.10000038,0.578,0.1,0.9062,0.47812462
1998-01-26,-1.1000004,-0.3203,0.1,0.4375,0.7796879
1998-01-27,-0.3000002,0.664,-1.1,0.9844,0.9640627
1998-01-28,-0.8999996,-1.391,-0.3,-0.2656,-0.49062538
1998-01-29,-2.0,-1.859,-0.9,-1.508,0.140625
1998-01-30,-1.3000002,-2.102,-2.0,-1.914,-0.8015623
1998-01-31,-2.6999998,-1.016,-1.3,-1.016,1.6843748
1998-02-01,-3.1000004,-2.984,-2.7,-3.195,0.11562538
1998-02-02,-2.6999998,-1.328,-3.1,-2.031,1.3718748
1998-02-03,-2.3000002,-3.438,-2.7,-2.805,-1.1374998
1998-02-04,-3.5999994,-1.164,-2.3,-1.195,2.435937
1998-02-05,-3.6999998,-2.203,-3.6,-1.6875,1.4968748
1998-02-06,-1.8999996,-0.8203,-3.7,-1.031,1.0796871
1998-02-07,2.4000006,-0.2109,-1.9,-0.375,-2.610938
1998-02-08,2.6,3.902,2.4,3.828,1.3023438
1998-02-09,4.3,2.59,2.6,2.773,-1.7101564
1998-02-10,4.7,5.527,4.3,4.277,0.82734394
1998-02-11,4.3,4.723,4.7,4.184,0.42265606
1998-02-12,5.2,4.97,4.3,3.922,-0.23124981
1998-02-13,7.0,5.867,5.2,5.27,-1.1328125
1998-02-14,6.3,7.137,7.0,6.918,0.83671856
1998-02-15,6.7,6.61,6.3,5.79,-0.09062481
1998-02-16,7.7,7.4,6.7,6.33,-0.3015623
1998-02-17,6.2,8.5,7.7,7.42,2.3000002
1998-02-18,5.8,5.35,6.2,5.156,-0.4484377
1998-02-19,6.0,7.656,5.8,7.195,1.65625
1998-02-20,9.9,6.367,6.0,6.883,-3.532812
1998-02-21,9.2,9.625,9.9,9.195,0.4250002
1998-02-22,6.3,7.883,9.2,8.0,1.5828123
1998-02-23,3.1,6.812,6.3,5.887,3.7125
1998-02-24,4.9,2.93,3.1,3.062,-1.9703126
1998-02-25,8.5,7.297,4.9,7.805,-1.203125
1998-02-26,6.8,7.91,8.5,7.72,1.110156
1998-02-27,7.7,7.03,6.8,6.93,-0.6687498
1998-02-28,8.0,8.76,7.7,8.41,0.7578125
1998-03-01,6.3999996,6.594,8.0,6.688,0.19375038
1998-03-02,7.3,6.65,6.4,6.734,-0.6515627
1998-03-03,11.7,6.457,7.3,5.86,-5.2429686
1998-03-04,15.5,11.04,11.7,11.086,-4.4609375
1998-03-05,7.4,11.31,15.5,11.46,3.9125
1998-03-06,8.9,5.94,7.4,5.957,-2.9585934
1998-03-07,10.1,9.484,8.9,8.086,-0.6156254
1998-03-08,7.9,10.0,10.1,8.82,2.1
1998-03-09,3.1,7.465,7.9,6.266,4.364844
1998-03-10,2.6999993,2.11,3.1,2.504,-0.59062433
1998-03-11,5.8,6.336,2.7,6.082,0.5359373
1998-03-12,3.9,6.086,5.8,6.08,2.1859374
1998-03-13,3.1,3.29,3.9,3.863,0.1890626
1998-03-14,6.7,5.668,3.1,5.277,-1.032031
1998-03-15,8.6,7.387,6.7,6.496,-1.2132816
1998-03-16,8.2,7.547,8.6,7.836,-0.6531248
1998-03-17,8.0,7.25,8.2,8.09,-0.75
1998-03-18,8.6,7.17,8.0,6.89,-1.4281254
1998-03-19,5.9,7.24,8.6,6.938,1.3382812
1998-03-20,4.1,6.188,5.9,6.42,2.0875
1998-03-21,5.1,5.793,4.1,5.957,0.69296885
1998-03-22,4.4,6.734,5.1,6.266,2.334375
1998-03-23,3.3000002,4.426,4.4,4.844,1.125781
1998-03-24,2.2999997,4.703,3.3,5.035,2.4031253
1998-03-25,3.1999998,2.695,2.3,2.68,-0.5046873
1998-03-26,7.1,5.24,3.2,5.203,-1.8617187
1998-03-27,9.8,8.625,7.1,8.75,-1.1750002
1998-03-28,12.6,9.56,9.8,9.27,-3.0375004
1998-03-29,13.7,12.625,12.6,11.98,-1.0749998
1998-03-30,10.8,12.4,13.7,11.43,1.5984373
1998-03-31,12.3,9.2,10.8,9.055,-3.0968752
1998-04-01,12.0,12.78,12.3,12.81,0.78125
1998-04-02,12.0,11.195,12.0,9.24,-0.8046875
1998-04-03,11.9,12.09,12.0,11.64,0.19375038
1998-04-04,9.2,10.19,11.9,11.09,0.9875002
1998-04-05,9.2,7.637,9.2,7.95,-1.563281
1998-04-06,8.1,8.96,9.2,9.586,0.8609371
1998-04-07,8.4,7.676,8.1,8.234,-0.72421837
1998-04-08,7.0,8.25,8.4,8.32,1.25
1998-04-09,7.5,6.57,7.0,6.906,-0.9296875
1998-04-10,6.5,7.79,7.5,8.04,1.2890625
1998-04-11,4.5,6.96,6.5,7.406,2.4609375
1998-04-12,3.9,4.363,4.5,4.695,0.46328115
1998-04-13,2.2999997,4.543,3.9,4.285,2.242969
1998-04-14,5.4,2.688,2.3,3.238,-2.7125
1998-04-15,6.9,7.473,5.4,7.28,0.57265615
1998-04-16,6.5,6.13,6.9,6.914,-0.37109375
1998-04-17,5.0,7.062,6.5,7.27,2.0625
1998-04-18,6.2,5.895,5.0,4.992,-0.30546856
1998-04-19,8.9,6.957,6.2,6.39,-1.9429684
1998-04-20,10.2,9.734,8.9,9.14,-0.4656248
1998-04-21,13.3,9.51,10.2,9.41,-3.7921877
1998-04-22,15.7,13.28,13.3,13.016,-2.4187498
1998-04-23,13.3,14.36,15.7,13.375,1.0593748
1998-04-24,12.3,12.26,13.3,11.9,-0.04218769
1998-04-25,13.4,12.28,12.3,12.4,-1.1187496
1998-04-26,10.7,12.805,13.4,12.805,2.1046877
1998-04-27,9.1,9.81,10.7,10.07,0.7124996
1998-04-28,9.0,8.68,9.1,8.69,-0.3203125
1998-04-29,10.5,9.3,9.0,8.734,-1.203125
1998-04-30,12.0,11.58,10.5,11.57,-0.421875
1998-05-01,10.1,11.734,12.0,11.55,1.6343746
1998-05-02,11.2,10.11,10.1,10.29,-1.0906248
1998-05-03,9.0,11.555,11.2,11.266,2.5546875
1998-05-04,8.1,9.5,9.0,9.04,1.3999996
1998-05-05,9.3,7.61,8.1,8.055,-1.6906252
1998-05-06,10.7,10.29,9.3,10.64,-0.4109373
1998-05-07,13.8,11.16,10.7,11.15,-2.6437502
1998-05-08,16.8,13.695,13.8,13.734,-3.1046867
1998-05-09,18.8,16.06,16.8,15.16,-2.7374992
1998-05-10,19.8,16.72,18.8,15.375,-3.0812492
1998-05-11,20.5,17.94,19.8,16.28,-2.5625
1998-05-12,20.2,19.11,20.5,18.11,-1.0906258
1998-05-13,20.3,19.38,20.2,18.88,-0.92499924
1998-05-14,19.8,19.03,20.3,18.81,-0.76874924
1998-05-15,18.5,17.81,19.8,16.84,-0.6875
1998-05-16,15.7,16.78,18.5,16.16,1.0812502
1998-05-17,16.0,14.484,15.7,14.234,-1.515625
1998-05-18,15.8,15.95,16.0,15.36,0.15312481
1998-05-19,16.0,15.03,15.8,14.66,-0.96875
1998-05-20,17.2,16.36,16.0,15.71,-0.84062576
1998-05-21,16.8,17.4,17.2,16.53,0.60625076
1998-05-22,12.2,15.71,16.8,14.91,3.5109377
1998-05-23,10.8,10.58,12.2,11.28,-0.22187519
1998-05-24,11.9,11.88,10.8,11.15,-0.017187119
1998-05-25,14.6,13.625,11.9,13.64,-0.9750004
1998-05-26,13.5,15.5,14.6,14.984,2.0
1998-05-27,14.4,13.31,13.5,13.42,-1.0874996
1998-05-28,13.7,14.445,14.4,14.03,0.7453127
1998-05-29,14.9,13.8,13.7,13.54,-1.1031246
1998-05-30,16.4,15.71,14.9,15.22,-0.6890621
1998-05-31,13.7,15.766,16.4,15.695,2.0656252
1998-06-01,15.9,13.41,13.7,13.5,-2.4937496
1998-06-02,16.3,17.1,15.9,17.36,0.79375076
1998-06-03,16.3,15.016,16.3,15.07,-1.2843742
1998-06-04,19.0,17.06,16.3,16.81,-1.9375
1998-06-05,23.0,19.64,19.0,19.6,-3.359375
1998-06-06,20.2,20.81,23.0,20.28,0.61249924
1998-06-07,16.4,17.38,20.2,17.7,0.9750004
1998-06-08,16.2,15.7,16.4,15.96,-0.49687576
1998-06-09,20.1,16.9,16.2,16.45,-3.1937504
1998-06-10,17.1,19.94,20.1,20.9,2.8374996
1998-06-11,12.8,15.32,17.1,15.69,2.5203123
1998-06-12,11.4,12.7,12.8,12.94,1.3031254
1998-06-13,12.9,12.69,11.4,12.26,-0.21249962
1998-06-14,13.4,14.16,12.9,13.97,0.7562504
1998-06-15,12.5,13.91,13.4,13.87,1.40625
1998-06-16,13.5,13.29,12.5,13.5,-0.2109375
1998-06-17,14.5,14.516,13.5,14.39,0.015625
1998-06-18,17.7,15.51,14.5,15.766,-2.1921883
1998-06-19,20.4,18.92,17.7,19.66,-1.4781246
1998-06-20,24.3,19.75,20.4,19.94,-4.549999
1998-06-21,24.2,22.81,24.3,23.6,-1.3875008
1998-06-22,19.2,20.78,24.2,21.0,1.5812492
1998-06-23,18.7,18.62,19.2,19.81,-0.07500076
1998-06-24,21.2,19.62,18.7,19.62,-1.5750008
1998-06-25,17.9,22.0,21.2,22.6,4.1000004
1998-06-26,17.6,17.2,17.9,18.16,-0.39687538
1998-06-27,19.0,18.78,17.6,18.39,-0.21875
1998-06-28,16.8,19.72,19.0,20.31,2.9187508
1998-06-29,18.4,16.67,16.8,17.42,-1.7281246
1998-06-30,17.6,19.88,18.4,20.11,2.2749996
1998-07-01,17.6,16.89,17.6,18.12,-0.7093754
1998-07-02,17.0,18.05,17.6,18.45,1.046875
1998-07-03,16.0,15.625,17.0,16.38,-0.375
1998-07-04,16.7,16.38,16.0,16.48,-0.32500076
1998-07-05,17.7,17.55,16.7,17.78,-0.15312576
1998-07-06,18.6,18.38,17.7,18.86,-0.22500038
1998-07-07,16.1,18.6,18.6,19.31,2.4937496
1998-07-08,17.0,15.39,16.1,16.31,-1.609375
1998-07-09,16.3,17.89,17.0,17.88,1.5906258
1998-07-10,17.2,17.33,16.3,17.89,0.12812424
1998-07-11,19.0,18.0,17.2,17.69,-1.0
1998-07-12,19.3,19.39,19.0,19.16,0.09062576
1998-07-13,16.2,18.92,19.3,19.5,2.7218742
1998-07-14,14.4,14.47,16.2,15.91,0.06875038
1998-07-15,16.0,16.08,14.4,16.31,0.078125
1998-07-16,17.6,17.2,16.0,17.25,-0.39687538
1998-07-17,18.9,17.55,17.6,17.97,-1.3531246
1998-07-18,19.3,18.31,18.9,18.9,-0.98749924
1998-07-19,24.0,17.72,19.3,17.81,-6.28125
1998-07-20,26.7,22.72,24.0,23.97,-3.9812508
1998-07-21,19.0,22.89,26.7,22.78,3.890625
1998-07-22,19.7,15.55,19.0,17.58,-4.153126
1998-07-23,20.8,20.12,19.7,20.75,-0.67499924
1998-07-24,20.8,20.31,20.8,20.95,-0.48749924
1998-07-25,20.7,20.22,20.8,21.06,-0.48125076
1998-07-26,20.5,20.31,20.7,20.19,-0.1875
1998-07-27,20.3,20.34,20.5,20.81,0.043750763
1998-07-28,17.6,20.38,20.3,20.28,2.7749996
1998-07-29,19.4,16.94,17.6,17.31,-2.4624996
1998-07-30,17.2,19.6,19.4,19.38,2.3937492
1998-07-31,16.3,16.31,17.2,16.62,0.012500763
1998-08-01,14.1,17.03,16.3,17.17,2.9312496
1998-08-02,14.4,14.766,14.1,15.67,0.36562538
1998-08-03,16.8,15.05,14.4,15.5,-1.7531242
1998-08-04,16.7,17.95,16.8,18.28,1.2531242
1998-08-05,18.7,17.56,16.7,17.69,-1.1375008
1998-08-06,19.6,19.06,18.7,18.66,-0.5375004
1998-08-07,22.3,19.81,19.6,20.5,-2.4874992
1998-08-08,25.4,21.94,22.3,21.78,-3.4624996
1998-08-09,26.4,23.72,25.4,23.75,-2.6812496
1998-08-10,26.6,23.19,26.4,23.55,-3.4125004
1998-08-11,27.4,23.92,26.6,23.84,-3.4781246
1998-08-12,25.3,24.03,27.4,24.03,-1.2687492
1998-08-13,19.9,23.66,25.3,24.2,3.7562504
1998-08-14,18.9,19.06,19.9,20.39,0.16250038
1998-08-15,21.8,21.06,18.9,20.94,-0.73749924
1998-08-16,22.6,21.84,21.8,21.69,-0.7562504
1998-08-17,20.6,22.66,22.6,21.66,2.0562496
1998-08-18,20.6,18.39,20.6,18.22,-2.2093754
1998-08-19,19.6,20.36,20.6,20.03,0.7593746
1998-08-20,20.2,20.5,19.6,20.39,0.29999924
1998-08-21,17.6,19.69,20.2,19.78,2.0874996
1998-08-22,17.3,17.55,17.6,17.3,0.24687576
1998-08-23,18.6,17.4,17.3,17.1,-1.1937504
1998-08-24,16.4,19.0,18.6,18.56,2.6000004
1998-08-25,16.8,15.14,16.4,16.38,-1.6593742
1998-08-26,17.5,17.25,16.8,17.53,-0.25
1998-08-27,14.5,17.95,17.5,19.28,3.453125
1998-08-28,12.1,12.53,14.5,14.93,0.43124962
1998-08-29,12.4,13.74,12.1,13.695,1.3421879
1998-08-30,14.5,13.45,12.4,14.69,-1.046875
1998-08-31,19.2,16.44,14.5,15.92,-2.7625008
1998-09-01,19.2,19.7,19.2,20.53,0.50312424
1998-09-02,20.8,18.9,19.2,18.75,-1.8937492
1998-09-03,17.8,19.56,20.8,18.9,1.7625008
1998-09-04,15.0,15.945,17.8,16.78,0.9453125
1998-09-05,16.9,15.73,15.0,15.72,-1.1734371
1998-09-06,17.5,16.25,16.9,15.94,-1.25
1998-09-07,17.1,17.97,17.5,17.45,0.8687496
1998-09-08,17.0,16.05,17.1,16.5,-0.953125
1998-09-09,21.1,16.64,17.0,16.48,-4.4593754
1998-09-10,18.0,19.34,21.1,19.95,1.34375
1998-09-11,14.1,16.6,18.0,17.23,2.4937496
1998-09-12,10.4,13.07,14.1,13.94,2.670313
1998-09-13,8.6,10.68,10.4,11.1,2.079687
1998-09-14,10.8,9.266,8.6,9.445,-1.5343752
1998-09-15,12.2,11.19,10.8,10.62,-1.0124998
1998-09-16,14.2,13.62,12.2,11.86,-0.5828123
1998-09-17,12.1,13.414,14.2,12.12,1.3140621
1998-09-18,12.8,11.375,12.1,11.5,-1.4250002
1998-09-19,13.5,14.164,12.8,14.984,0.6640625
1998-09-20,13.8,14.08,13.5,14.45,0.2781248
1998-09-21,12.9,14.25,13.8,14.55,1.3500004
1998-09-22,14.5,14.16,12.9,14.31,-0.34375
1998-09-23,16.3,14.36,14.5,14.55,-1.9406242
1998-09-24,16.3,16.44,16.3,15.93,0.13750076
1998-09-25,16.7,15.86,16.3,15.97,-0.84062576
1998-09-26,14.7,15.51,16.7,16.11,0.8078127
1998-09-27,15.1,14.234,14.7,14.32,-0.8656254
1998-09-28,14.7,14.45,15.1,15.3,-0.24687481
1998-09-29,15.2,14.445,14.7,14.125,-0.7546873
1998-09-30,14.7,14.81,15.2,14.45,0.11250019
1998-10-01,12.4,12.41,14.7,13.7,0.0062503815
1998-10-02,12.8,12.76,12.4,12.66,-0.04218769
1998-10-03,9.6,13.09,12.8,13.44,3.4937496
1998-10-04,8.3,9.49,9.6,10.375,1.1921873
1998-10-05,8.5,8.04,8.3,9.75,-0.4609375
1998-10-06,8.0,10.06,8.5,10.625,2.0625
1998-10-07,8.5,9.39,8.0,9.484,0.890625
1998-10-08,10.1,8.54,8.5,9.6,-1.5609379
1998-10-09,11.0,10.445,10.1,11.08,-0.5546875
1998-10-10,11.0,11.164,11.0,11.414,0.1640625
1998-10-11,12.1,10.836,11.0,10.81,-1.2640629
1998-10-12,10.6,12.05,12.1,11.96,1.4468746
1998-10-13,10.6,9.29,10.6,10.86,-1.3109379
1998-10-14,13.6,11.7,10.6,12.266,-1.8968754
1998-10-15,15.4,12.9,13.6,13.234,-2.501562
1998-10-16,14.9,13.75,15.4,14.086,-1.1499996
1998-10-17,13.9,12.92,14.9,13.66,-0.9781246
1998-10-18,8.4,10.83,13.9,12.91,2.4281254
1998-10-19,7.2,8.0,8.4,8.67,0.8000002
1998-10-20,7.3,8.945,7.2,9.74,1.6453123
1998-10-21,9.3,7.062,7.3,7.383,-2.2375002
1998-10-22,12.7,10.71,9.3,9.75,-1.9890623
1998-10-23,14.7,12.17,12.7,11.53,-2.5281248
1998-10-24,13.3,13.55,14.7,13.03,0.24687481
1998-10-25,12.3,13.484,13.3,12.87,1.1843748
1998-10-26,9.0,11.37,12.3,12.234,2.3671875
1998-10-27,10.7,9.09,9.0,10.98,-1.6062498
1998-10-28,15.2,11.74,10.7,12.51,-3.4578123
1998-10-29,10.2,14.94,15.2,14.71,4.7375
1998-10-30,8.8,8.47,10.2,10.43,-0.3312502
1998-10-31,10.7,9.984,8.8,9.95,-0.7156248
1998-11-01,10.5,10.1,10.7,9.83,-0.3984375
1998-11-02,9.0,9.234,10.5,10.38,0.234375
1998-11-03,9.6,10.87,9.0,11.9,1.2671871
1998-11-04,7.6,8.555,9.6,9.15,0.9546876
1998-11-05,2.2000003,5.66,7.6,5.85,3.460156
1998-11-06,4.8,2.465,2.2,2.996,-2.3351564
1998-11-07,3.9,7.453,4.8,8.08,3.553125
1998-11-08,9.4,4.684,3.9,5.215,-4.716406
1998-11-09,13.3,10.42,9.4,10.19,-2.8781252
1998-11-10,10.2,12.87,13.3,13.22,2.6671877
1998-11-11,2.2000003,8.54,10.2,9.28,6.339062
1998-11-12,4.0,3.035,2.2,3.406,-0.96484375
1998-11-13,5.7,5.3,4.0,6.38,-0.39921856
1998-11-14,7.2,6.65,5.7,7.29,-0.5515623
1998-11-15,4.7,5.914,7.2,6.766,1.2140627
1998-11-16,3.1999998,4.105,4.7,3.723,0.90546894
1998-11-17,1.1000004,3.453,3.2,3.902,2.3531246
1998-11-18,-1.3000002,1.93,1.1,2.316,3.2296877
1998-11-19,-1.0,-1.383,-1.3,-0.336,-0.3828125
1998-11-20,-1.3000002,2.504,-1.0,2.59,3.8039064
1998-11-21,-3.3999987,-2.11,-1.3,-0.1328,1.2906237
1998-11-22,-5.1000004,0.3438,-3.4,-0.0547,5.4437504
1998-11-23,-4.2,-4.5,-5.1,-2.664,-0.3000002
1998-11-24,-3.0,-2.5,-4.2,-1.875,0.5
1998-11-25,2.8000002,0.2109,-3.0,0.2812,-2.5890627
1998-11-26,4.2,3.863,2.8,2.656,-0.33671856
1998-11-27,7.2,4.355,4.2,4.113,-2.844531
1998-11-28,4.7,6.703,7.2,6.574,2.0031252
1998-11-29,5.2,2.629,4.7,3.258,-2.5710936
1998-11-30,2.6,4.24,5.2,3.75,1.6382813
1998-12-01,1.5,2.89,2.6,2.805,1.390625
1998-12-02,-0.10000038,1.867,1.5,1.82,1.9671879
1998-12-03,0.19999981,-0.08594,-0.1,-0.2188,-0.2859373
1998-12-04,-0.8999996,1.844,0.2,1.266,2.7437496
1998-12-05,1.1999998,0.75,-0.9,0.2031,-0.4499998
1998-12-06,0.6999998,2.133,1.2,1.414,1.4328127
1998-12-07,-1.1999998,2.156,0.7,2.055,3.3562498
1998-12-08,2.5,1.898,-1.2,0.9844,-0.6015625
1998-12-09,4.2,3.602,2.5,3.145,-0.5984373
1998-12-10,8.3,4.004,4.2,3.965,-4.296094
1998-12-11,7.6,8.07,8.3,8.13,0.4703126
1998-12-12,10.8,6.984,7.6,5.508,-3.8156252
1998-12-13,8.0,11.28,10.8,10.18,3.28125
1998-12-14,5.4,6.523,8.0,6.223,1.1234374
1998-12-15,3.6,4.906,5.4,4.684,1.3062501
1998-12-16,3.6999998,4.816,3.6,4.344,1.1164064
1998-12-17,4.7,4.566,3.7,4.8,-0.13359356
1998-12-18,5.2,5.316,4.7,5.496,0.11640644
1998-12-19,7.1,5.137,5.2,5.145,-1.9632812
1998-12-20,3.0,6.785,7.1,6.312,3.7851562
1998-12-21,-0.8000002,2.133,3.0,2.094,2.9328127
1998-12-22,-3.6999998,-0.617,-0.8,-0.3203,3.0828123
1998-12-23,-1.8999996,-3.18,-3.7,-3.625,-1.2796879
1998-12-24,1.6000004,0.867,-1.9,-1.016,-0.7328129
1998-12-25,4.0,1.867,1.6,1.547,-2.1328125
1998-12-26,7.6,5.51,4.0,4.62,-2.0882812
1998-12-27,10.3,7.977,7.6,7.297,-2.3234377
1998-12-28,6.1,8.16,10.3,8.93,2.05625
1998-12-29,7.6,4.2,6.1,4.086,-3.4007812
1998-12-30,8.9,7.477,7.6,7.04,-1.4234371
1998-12-31,9.3,7.43,8.9,7.21,-1.8703127
1999-01-01,7.9,7.68,9.3,7.242,-0.2203126
1999-01-02,7.9,6.066,7.9,6.062,-1.8335938
1999-01-03,8.4,6.445,7.9,5.566,-1.9546871
1999-01-04,11.2,7.305,8.4,6.9,-3.8953123
1999-01-05,10.5,9.445,11.2,9.35,-1.0546875
1999-01-06,7.0,6.195,10.5,7.992,-0.8046875
1999-01-07,8.5,6.22,7.0,5.06,-2.28125
1999-01-08,6.8,9.18,8.5,8.57,2.3796873
1999-01-09,3.5,6.52,6.8,5.797,3.0195312
1999-01-10,-0.19999981,3.867,3.5,4.258,4.0671873
1999-01-11,-1.8999996,-0.3906,-0.2,-0.3203,1.5093746
1999-01-12,-3.8000011,-1.828,-1.9,-2.094,1.9718761
1999-01-13,2.6999993,0.828,-3.8,-0.336,-1.8718743
1999-01-14,5.4,2.61,2.7,3.945,-2.790625
1999-01-15,5.7,4.805,5.4,5.168,-0.8953123
1999-01-16,8.5,5.83,5.7,6.004,-2.671875
1999-01-17,6.0,8.836,8.5,8.22,2.8359375
1999-01-18,3.6999998,5.08,6.0,5.004,1.3781252
1999-01-19,3.4,2.957,3.7,2.98,-0.44296885
1999-01-20,4.7,4.242,3.4,3.879,-0.4578123
1999-01-21,6.3999996,5.766,4.7,5.85,-0.6343746
1999-01-22,3.4,5.105,6.4,5.375,1.7054687
1999-01-23,1.0,2.367,3.4,2.453,1.3671875
1999-01-24,6.0,2.492,1.0,1.586,-3.5078125
1999-01-25,10.5,7.984,6.0,8.266,-2.515625
1999-01-26,7.0,10.266,10.5,8.42,3.265625
1999-01-27,4.9,6.992,7.0,6.33,2.0921874
1999-01-28,8.0,3.77,4.9,3.91,-4.2304688
1999-01-29,3.6999998,8.05,8.0,7.848,4.346875
1999-01-30,-1.6000004,1.102,3.7,1.766,2.701563
1999-01-31,-2.8000002,-1.4375,-1.6,-0.9062,1.3625002
1999-02-01,-0.5,-1.617,-2.8,-1.328,-1.1171875
1999-02-02,3.4,1.3125,-0.5,1.469,-2.0875
1999-02-03,4.1,3.652,3.4,3.875,-0.44765615
1999-02-04,6.2,3.652,4.1,3.426,-2.547656
1999-02-05,6.8,6.32,6.2,5.92,-0.4796877
1999-02-06,5.7,5.477,6.8,5.125,-0.22343731
1999-02-07,3.8000002,4.816,5.7,4.812,1.016406
1999-02-08,2.2000003,3.348,3.8,3.562,1.147656
1999-02-09,1.6999998,2.117,2.2,2.54,0.4171877
1999-02-10,-0.8000002,1.719,1.7,1.078,2.5187502
1999-02-11,-0.10000038,-0.8047,-0.8,-1.219,-0.7046871
1999-02-12,-3.0,-0.3594,-0.1,-0.1875,2.640625
1999-02-13,-3.3999987,-1.781,-3.0,-1.336,1.6187487
1999-02-14,-2.1000004,-1.789,-3.4,-1.656,0.31093788
1999-02-15,0.6000004,-0.9297,-2.1,-0.633,-1.5296879
1999-02-16,4.6,0.953,0.6,1.055,-3.646875
1999-02-17,4.8,4.98,4.6,5.246,0.18046856
1999-02-18,7.6,4.145,4.8,4.38,-3.4554687
1999-02-19,8.4,7.527,7.6,6.914,-0.87265587
1999-02-20,10.0,7.656,8.4,7.117,-2.34375
1999-02-21,9.1,8.66,10.0,7.965,-0.44375038
1999-02-22,5.7,7.938,9.1,7.168,2.2375002
1999-02-23,3.6999998,4.28,5.7,3.664,0.5812502
1999-02-24,6.6,3.797,3.7,3.586,-2.803125
1999-02-25,3.6999998,7.01,6.6,6.812,3.311719
1999-02-26,2.6999993,3.074,3.7,2.89,0.37421942
1999-02-27,5.9,4.47,2.7,3.355,-1.4312501
1999-02-28,5.9,7.367,5.9,6.83,1.4671874
1999-03-01,7.5,5.81,5.9,4.875,-1.6914062
1999-03-02,10.5,8.734,7.5,7.77,-1.765625
1999-03-03,9.1,10.055,10.5,9.85,0.9546871
1999-03-04,6.8,7.715,9.1,7.586,0.91484356
1999-03-05,3.8000002,5.5,6.8,4.953,1.6999998
1999-03-06,1.5,3.766,3.8,3.523,2.265625
1999-03-07,3.1999998,1.586,1.5,1.852,-1.6140623
1999-03-08,6.6,4.145,3.2,4.31,-2.4554687
1999-03-09,9.6,7.08,6.6,7.535,-2.5218754
1999-03-10,9.6,8.484,9.6,8.28,-1.1156254
1999-03-11,11.7,8.68,9.6,8.3,-3.0203123
1999-03-12,12.2,10.92,11.7,10.734,-1.2781248
1999-03-13,11.6,10.76,12.2,10.2,-0.8421879
1999-03-14,11.6,10.875,11.6,10.42,-0.7250004
1999-03-15,9.7,10.18,11.6,9.96,0.4796877
1999-03-16,8.7,9.71,9.7,9.734,1.0109377
1999-03-17,7.3,7.773,8.7,8.305,0.4734373
1999-03-18,6.8,6.58,7.3,5.95,-0.22187519
1999-03-19,7.0,8.57,6.8,8.18,1.5703125
1999-03-20,5.0,7.29,7.0,7.273,2.2890625
1999-03-21,4.4,4.344,5.0,4.73,-0.056250095
1999-03-22,5.9,5.95,4.4,6.25,0.049218655
1999-03-23,6.3,5.98,5.9,5.74,-0.31953144
1999-03-24,10.1,7.58,6.3,7.766,-2.5218754
1999-03-25,10.4,10.945,10.1,11.13,0.5453129
1999-03-26,7.7,8.95,10.4,9.09,1.2531252
1999-03-27,5.0,6.293,7.7,5.74,1.2929688
1999-03-28,6.2,6.17,5.0,6.586,-0.02812481
1999-03-29,7.2,6.38,6.2,6.004,-0.82109356
1999-03-30,9.6,8.555,7.2,8.6,-1.0453129
1999-03-31,11.1,9.12,9.6,9.64,-1.9828129
1999-04-01,13.9,10.47,11.1,10.15,-3.4312496
1999-04-02,12.6,12.914,13.9,11.9,0.31406212
1999-04-03,11.5,11.625,12.6,11.164,0.125
1999-04-04,12.0,11.664,11.5,11.445,-0.3359375
1999-04-05,11.2,10.72,12.0,10.22,-0.4812498
1999-04-06,14.7,11.125,11.2,11.055,-3.5749998
1999-04-07,9.7,13.555,14.7,13.266,3.8546877
1999-04-08,8.4,8.64,9.7,7.445,0.24062538
1999-04-09,7.4,6.945,8.4,6.79,-0.4546876
1999-04-10,8.1,8.53,7.4,8.58,0.43124962
1999-04-11,8.2,9.0,8.1,8.33,0.8000002
1999-04-12,8.2,8.63,8.2,7.742,0.4328127
1999-04-13,7.7,9.65,8.2,9.37,1.9484377
1999-04-14,6.6,7.723,7.7,8.23,1.1226563
1999-04-15,3.6,6.043,6.6,6.824,2.4429688
1999-04-16,5.9,4.84,3.6,5.31,-1.0601563
1999-04-17,8.2,6.848,5.9,6.824,-1.3523436
1999-04-18,5.7,8.36,8.2,8.51,2.6593752
1999-04-19,7.1,5.75,5.7,6.145,-1.3499999
1999-04-20,11.3,8.97,7.1,8.1,-2.3312502
1999-04-21,11.4,11.484,11.3,11.2,0.08437538
1999-04-22,10.6,9.82,11.4,9.5,-0.7796879
1999-04-23,10.0,9.93,10.6,9.71,-0.0703125
1999-04-24,8.5,9.51,10.0,9.11,1.0078125
1999-04-25,10.5,8.83,8.5,8.375,-1.671875
1999-04-26,10.6,12.75,10.5,13.2,2.1499996
1999-04-27,11.7,10.46,10.6,10.93,-1.2390623
1999-04-28,14.3,11.64,11.7,11.305,-2.6593752
1999-04-29,14.9,14.22,14.3,13.27,-0.6812496
1999-04-30,14.3,13.49,14.9,12.89,-0.8078127
1999-05-01,14.9,12.99,14.3,12.51,-1.9078121
1999-05-02,15.9,14.336,14.9,14.06,-1.5640621
1999-05-03,16.4,15.41,15.9,15.27,-0.9937496
1999-05-04,14.8,15.36,16.4,14.34,0.5593748
1999-05-05,14.6,13.8,14.8,13.42,-0.8031254
1999-05-06,15.8,13.62,14.6,13.336,-2.1828127
1999-05-07,15.3,16.19,15.8,15.71,0.8874998
1999-05-08,13.9,13.92,15.3,13.77,0.021875381
1999-05-09,15.1,12.984,13.9,12.94,-2.1156254
1999-05-10,16.2,15.64,15.1,15.26,-0.55937576
1999-05-11,15.6,14.7,16.2,14.33,-0.8968754
1999-05-12,13.8,14.69,15.6,14.47,0.8874998
1999-05-13,14.5,12.555,13.8,13.1,-1.9453125
1999-05-14,13.2,13.83,14.5,13.45,0.6281252
1999-05-15,12.7,12.68,13.2,12.87,-0.02031231
1999-05-16,12.3,12.94,12.7,12.55,0.6374998
1999-05-17,10.7,12.78,12.3,12.7,2.0812502
1999-05-18,12.7,11.22,10.7,10.734,-1.4812498
1999-05-19,12.4,12.56,12.7,12.15,0.16250038
1999-05-20,12.1,12.75,12.4,12.66,0.6499996
1999-05-21,13.7,13.07,12.1,12.62,-0.6296873
1999-05-22,14.0,14.625,13.7,13.82,0.625
1999-05-23,15.2,13.72,14.0,13.74,-1.4812498
1999-05-24,16.4,15.0,15.2,14.555,-1.3999996
1999-05-25,16.2,16.7,16.4,16.34,0.50312424
1999-05-26,17.8,15.16,16.2,15.445,-2.6437492
1999-05-27,20.5,18.38,17.8,18.78,-2.125
1999-05-28,20.7,18.66,20.5,18.98,-2.0437508
1999-05-29,21.6,19.83,20.7,19.84,-1.7718754
1999-05-30,20.6,19.66,21.6,19.2,-0.9437504
1999-05-31,20.1,19.44,20.6,19.52,-0.6625004
1999-06-01,21.8,19.16,20.1,19.05,-2.6437492
1999-06-02,17.9,21.19,21.8,21.11,3.2875004
1999-06-03,16.3,15.97,17.9,15.89,-0.33124924
1999-06-04,14.6,16.97,16.3,17.08,2.3687496
1999-06-05,12.0,14.516,14.6,14.58,2.515625
1999-06-06,14.1,12.94,12.0,12.375,-1.1625004
1999-06-07,14.5,15.37,14.1,14.73,0.8671875
1999-06-08,12.7,13.875,14.5,14.08,1.1750002
1999-06-09,15.0,13.3,12.7,13.02,-1.703125
1999-06-10,15.3,16.53,15.0,16.02,1.2312498
1999-06-11,14.6,15.54,15.3,15.766,0.9390621
1999-06-12,16.1,15.1,14.6,15.71,-0.9984379
1999-06-13,14.8,17.34,16.1,17.55,2.5437498
1999-06-14,14.8,14.37,14.8,14.83,-0.4328127
1999-06-15,18.0,15.51,14.8,15.31,-2.4921875
1999-06-16,19.1,18.34,18.0,18.4,-0.7562504
1999-06-17,19.0,18.81,19.1,18.75,-0.1875
1999-06-18,16.6,19.31,19.0,19.55,2.7124996
1999-06-19,15.9,15.58,16.6,16.56,-0.32187462
1999-06-20,15.3,17.6,15.9,17.95,2.2937498
1999-06-21,13.8,15.836,15.3,16.9,2.0359373
1999-06-22,13.4,13.5,13.8,14.17,0.10000038
1999-06-23,15.5,14.83,13.4,14.984,-0.671875
1999-06-24,19.1,17.73,15.5,18.11,-1.3656254
1999-06-25,21.9,20.17,19.1,20.7,-1.7281246
1999-06-26,18.4,21.52,21.9,21.89,3.1156254
1999-06-27,15.6,17.38,18.4,18.06,1.7749996
1999-06-28,16.0,14.87,15.6,15.95,-1.1328125
1999-06-29,18.8,17.6,16.0,17.02,-1.2062492
1999-06-30,17.6,19.02,18.8,18.47,1.4156246
1999-07-01,19.9,16.66,17.6,17.3,-3.2437496
1999-07-02,24.0,20.67,19.9,21.52,-3.328125
1999-07-03,22.1,22.56,24.0,23.02,0.46249962
1999-07-04,20.8,20.16,22.1,20.69,-0.64374924
1999-07-05,17.9,19.47,20.8,19.02,1.5687504
1999-07-06,17.4,17.16,17.9,17.77,-0.24374962
1999-07-07,18.5,18.7,17.4,18.36,0.203125
1999-07-08,18.9,18.56,18.5,18.47,-0.33749962
1999-07-09,20.4,19.81,18.9,19.84,-0.5874996
1999-07-10,20.0,20.12,20.4,19.78,0.125
1999-07-11,21.5,20.47,20.0,20.16,-1.03125
1999-07-12,22.5,20.75,21.5,20.12,-1.75
1999-07-13,20.6,21.56,22.5,21.81,0.9624996
1999-07-14,19.1,18.47,20.6,19.47,-0.6312504
1999-07-15,17.3,19.31,19.1,19.02,2.0125008
1999-07-16,19.4,16.95,17.3,17.16,-2.4468746
1999-07-17,21.8,19.94,19.4,19.88,-1.8624992
1999-07-18,22.0,21.72,21.8,21.84,-0.28125
1999-07-19,20.1,20.47,22.0,20.56,0.36874962
1999-07-20,21.8,19.1,20.1,18.62,-2.7062492
1999-07-21,19.8,20.94,21.8,20.69,1.1375008
1999-07-22,15.9,18.78,19.8,19.55,2.8812504
1999-07-23,14.3,15.85,15.9,16.95,1.5515623
1999-07-24,17.1,15.59,14.3,15.59,-1.5062504
1999-07-25,20.4,19.22,17.1,19.42,-1.1812496
1999-07-26,22.7,20.9,20.4,20.86,-1.7937508
1999-07-27,22.1,22.78,22.7,22.8,0.6812496
1999-07-28,20.1,20.4,22.1,20.23,0.30624962
1999-07-29,21.8,19.02,20.1,19.6,-2.7843742
1999-07-30,21.0,21.33,21.8,21.06,0.328125
1999-07-31,21.4,21.16,21.0,20.92,-0.24374962
1999-08-01,21.9,21.5,21.4,21.55,-0.39999962
1999-08-02,21.0,21.52,21.9,21.53,0.515625
1999-08-03,21.0,19.1,21.0,18.81,-1.90625
1999-08-04,21.4,20.81,21.0,20.69,-0.5874996
1999-08-05,21.7,19.62,21.4,19.83,-2.0750008
1999-08-06,20.4,20.97,21.7,20.81,0.5687504
1999-08-07,21.1,17.95,20.4,18.03,-3.1468754
1999-08-08,19.8,20.5,21.1,20.47,0.70000076
1999-08-09,20.2,18.45,19.8,18.38,-1.7468758
1999-08-10,19.3,19.22,20.2,18.81,-0.08124924
1999-08-11,17.1,18.6,19.3,18.6,1.4937496
1999-08-12,16.7,17.55,17.1,17.44,0.84687424
1999-08-13,16.6,16.19,16.7,16.36,-0.41250038
1999-08-14,17.9,18.4,16.6,18.38,0.5062504
1999-08-15,17.5,17.3,17.9,17.3,-0.203125
1999-08-16,16.8,17.47,17.5,17.33,0.66875076
1999-08-17,17.2,16.88,16.8,17.16,-0.32500076
1999-08-18,17.2,17.64,17.2,17.47,0.44062424
1999-08-19,17.1,16.17,17.2,16.36,-0.9281254
1999-08-20,16.4,16.3,17.1,16.9,-0.10312462
1999-08-21,17.2,17.6,16.4,18.14,0.39374924
1999-08-22,18.1,16.73,17.2,17.16,-1.3656254
1999-08-23,18.3,19.34,18.1,18.81,1.0437508
1999-08-24,22.8,18.1,18.3,18.36,-4.706249
1999-08-25,26.1,21.72,22.8,22.12,-4.3812504
1999-08-26,21.1,22.69,26.1,21.81,1.5874996
1999-08-27,20.4,19.12,21.1,19.58,-1.2749996
1999-08-28,19.5,19.58,20.4,18.94,0.078125
1999-08-29,18.3,18.53,19.5,18.12,0.23125076
1999-08-30,17.6,18.58,18.3,18.53,0.9781246
1999-08-31,17.9,18.12,17.6,17.92,0.22500038
1999-09-01,18.7,18.03,17.9,18.38,-0.66875076
1999-09-02,19.4,19.03,18.7,19.5,-0.36874962
1999-09-03,17.7,19.5,19.4,19.9,1.7999992
1999-09-04,18.7,19.16,17.7,19.72,0.45624924
1999-09-05,20.0,19.0,18.7,18.88,-1.0
1999-09-06,18.9,19.06,20.0,18.6,0.16250038
1999-09-07,17.1,17.47,18.9,16.83,0.36874962
1999-09-08,16.9,15.86,17.1,15.52,-1.0406246
1999-09-09,18.7,17.62,16.9,17.44,-1.0750008
1999-09-10,20.0,18.92,18.7,18.22,-1.078125
1999-09-11,21.2,20.25,20.0,20.45,-0.95000076
1999-09-12,20.4,20.4,21.2,20.66,0.0062503815
1999-09-13,20.1,19.0,20.4,19.81,-1.1000004
1999-09-14,16.9,19.27,20.1,19.4,2.3656254
1999-09-15,13.4,15.27,16.9,16.1,1.8734379
1999-09-16,14.2,13.14,13.4,13.445,-1.0593748
1999-09-17,13.0,15.45,14.2,15.83,2.453125
1999-09-18,15.3,14.25,13.0,12.625,-1.0500002
1999-09-19,16.7,15.984,15.3,14.86,-0.71562576
1999-09-20,14.4,15.45,16.7,15.14,1.0531254
1999-09-21,15.6,14.76,14.4,14.72,-0.8421879
1999-09-22,18.5,14.29,15.6,15.22,-4.2109375
1999-09-23,18.3,17.89,18.5,18.34,-0.40937424
1999-09-24,17.5,15.84,18.3,16.3,-1.65625
1999-09-25,17.5,16.16,17.5,16.47,-1.34375
1999-09-26,15.7,15.766,17.5,15.49,0.06562519
1999-09-27,15.9,14.43,15.7,14.24,-1.4703121
1999-09-28,15.3,15.17,15.9,15.58,-0.12812519
1999-09-29,16.8,15.47,15.3,14.81,-1.3312492
1999-09-30,14.8,14.73,16.8,15.39,-0.07343769
1999-10-01,14.4,14.42,14.8,12.66,0.021875381
1999-10-02,14.9,14.29,14.4,13.82,-0.6109371
1999-10-03,11.3,13.92,14.9,13.125,2.6218748
1999-10-04,8.2,10.88,11.3,11.43,2.6828127
1999-10-05,5.9,8.39,8.2,8.95,2.490625
1999-10-06,6.7,7.93,5.9,7.46,1.2296877
1999-10-07,6.8,8.52,6.7,9.9,1.7234373
1999-10-08,9.4,7.26,6.8,8.29,-2.1382809
1999-10-09,12.3,11.234,9.4,11.695,-1.0656252
1999-10-10,10.1,10.5,12.3,11.266,0.39999962
1999-10-11,10.5,9.61,10.1,11.234,-0.890625
1999-10-12,11.9,11.45,10.5,12.445,-0.44687462
1999-10-13,14.2,12.875,11.9,12.8,-1.3249998
1999-10-14,13.0,13.65,14.2,14.05,0.6484375
1999-10-15,12.2,11.34,13.0,12.67,-0.8562498
1999-10-16,10.0,12.49,12.2,12.44,2.4921875
1999-10-17,10.9,8.69,10.0,10.24,-2.2124996
1999-10-18,8.9,10.336,10.9,11.9,1.4359379
1999-10-19,9.9,8.97,8.9,9.19,-0.9312496
1999-10-20,12.6,10.18,9.9,9.96,-2.420313
1999-10-21,12.9,12.47,12.6,12.11,-0.43124962
1999-10-22,13.5,10.91,12.9,12.24,-2.59375
1999-10-23,12.7,12.8,13.5,12.88,0.09687519
1999-10-24,13.1,12.08,12.7,12.5,-1.0218754
1999-10-25,13.1,11.805,13.1,12.18,-1.2953129
1999-10-26,10.4,11.01,13.1,12.28,0.6078129
1999-10-27,10.9,9.58,10.4,11.21,-1.3218746
1999-10-28,14.3,11.695,10.9,13.26,-2.6046877
1999-10-29,16.3,13.43,14.3,12.586,-2.8703117
1999-10-30,16.3,14.66,16.3,13.055,-1.6437492
1999-10-31,10.8,13.61,16.3,13.06,2.8093748
1999-11-01,14.5,8.91,10.8,9.945,-5.59375
1999-11-02,12.3,14.69,14.5,14.09,2.3874998
1999-11-03,6.8,11.625,12.3,11.31,4.825
1999-11-04,4.7,6.242,6.8,7.812,1.5421877
1999-11-05,8.6,5.49,4.7,4.95,-3.1117191
1999-11-06,6.7,10.58,8.6,11.29,3.8781252
1999-11-07,4.4,5.54,6.7,6.664,1.1390624
1999-11-08,4.8,6.13,4.4,5.918,1.328906
1999-11-09,8.8,7.598,4.8,7.258,-1.202344
1999-11-10,6.8,8.15,8.8,7.844,1.3484373
1999-11-11,5.6,5.8,6.8,7.062,0.20078135
1999-11-12,5.3,4.863,5.6,6.15,-0.43671894
1999-11-13,5.5,4.355,5.3,4.63,-1.1445312
1999-11-14,2.0,4.184,5.5,5.414,2.1835938
1999-11-15,2.4000006,1.797,2.0,2.52,-0.6031256
1999-11-16,-0.6000004,3.008,2.4,2.61,3.607813
1999-11-17,2.1000004,2.5,-0.6,1.727,0.39999962
1999-11-18,2.2999997,2.21,2.1,2.93,-0.089062214
1999-11-19,2.0,3.074,2.3,3.77,1.0742188
1999-11-20,0.5,1.867,2.0,2.863,1.3671875
1999-11-21,-0.8000002,0.6016,0.5,0.797,1.4015627
1999-11-22,0.0,-0.336,-0.8,-0.0547,-0.3359375
1999-11-23,3.4,0.8516,0.0,0.7188,-2.5484376
1999-11-24,5.5,5.17,3.4,4.555,-0.328125
1999-11-25,5.1,5.047,5.5,4.93,-0.053124905
1999-11-26,3.8000002,4.043,5.1,3.672,0.24296856
1999-11-27,7.7,5.07,3.8,4.45,-2.6296873
1999-11-28,5.7,9.02,7.7,9.17,3.3234377
1999-11-29,5.0,5.246,5.7,6.15,0.24609375
1999-11-30,1.8999996,4.562,5.0,5.332,2.6625004
1999-12-01,6.2,4.285,1.9,3.184,-1.9148436
1999-12-02,8.1,8.445,6.2,7.984,0.34531212
1999-12-03,7.6,7.08,8.1,6.43,-0.5218749
1999-12-04,7.3,8.11,7.6,7.812,0.8093748
1999-12-05,1.3000002,5.95,7.3,5.227,4.6492186
1999-12-06,2.2000003,0.961,1.3,1.328,-1.2390628
1999-12-07,4.7,5.215,2.2,4.65,0.51484394
1999-12-08,9.2,7.375,4.7,7.195,-1.8249998
1999-12-09,7.2,7.977,9.2,8.13,0.7765627
1999-12-10,4.7,6.594,7.2,5.777,1.8937502
1999-12-11,10.4,3.98,4.7,3.91,-6.419531
1999-12-12,9.1,9.82,10.4,10.23,0.7203121
1999-12-13,6.0,7.03,9.1,6.82,1.03125
1999-12-14,4.5,5.723,6.0,5.336,1.2226562
1999-12-15,-0.3000002,4.477,4.5,4.273,4.7765627
1999-12-16,-1.3000002,-0.617,-0.3,-0.961,0.6828127
1999-12-17,1.3999996,-0.9766,-1.3,-1.102,-2.376562
1999-12-18,8.9,4.85,1.4,5.36,-4.048437
1999-12-19,4.8,8.47,8.9,9.1,3.6687498
1999-12-20,-1.3000002,5.53,4.8,6.125,6.83125
1999-12-21,-1.6999998,-2.07,-1.3,-1.172,-0.3703127
1999-12-22,0.6999998,-0.625,-1.7,-1.25,-1.3249998
1999-12-23,3.6999998,2.484,0.7,1.828,-1.2156248
1999-12-24,8.7,4.63,3.7,4.24,-4.0710936
1999-12-25,8.2,8.31,8.7,8.586,0.11250019
1999-12-26,10.0,6.727,8.2,6.56,-3.2734375
1999-12-27,5.5,9.0,10.0,9.195,3.5
1999-12-28,3.3000002,2.766,5.5,2.523,-0.5343752
1999-12-29,1.8000002,2.715,3.3,2.047,0.91484356
1999-12-30,2.6,1.211,1.8,0.9844,-1.3890624
1999-12-31,5.7,2.59,2.6,2.445,-3.110156
