DATE,TEMPERATURE_REELLE,TEMPERATURE_PREDITE,ERREUR,ERREUR_ABSOLUE
1994-01-30,8.8,9.016,0.21562481,0.21562481
1994-01-31,7.7,8.83,1.1281252,1.1281252
1994-02-01,9.5,8.07,-1.4296875,1.4296875
1994-02-02,7.3,9.94,2.6374998,2.6374998
1994-02-03,9.2,7.547,-1.6531248,1.6531248
1994-02-04,6.6,9.32,2.7203126,2.7203126
1994-02-05,6.2,7.02,0.81953144,0.81953144
1994-02-06,7.3,6.957,-0.34296894,0.34296894
1994-02-07,5.8,7.844,2.0437498,2.0437498
1994-02-08,7.3,6.656,-0.6437502,0.6437502
1994-02-09,10.2,7.89,-2.3093748,2.3093748
1994-02-10,8.0,10.32,2.3203125,2.3203125
1994-02-11,11.3,7.82,-3.4796877,3.4796877
1994-02-12,8.4,11.55,3.1468754,3.1468754
1994-02-13,3.6999998,8.14,4.440625,4.440625
1994-02-14,0.09999943,4.633,4.532813,4.532813
1994-02-15,1.7999992,2.07,0.27031326,0.27031326
1994-02-16,6.2999997,3.879,-2.4210935,2.4210935
1994-02-17,7.8,7.01,-0.78828144,0.78828144
1994-02-18,9.2,7.957,-1.2429686,1.2429686
1994-02-19,7.6,8.54,0.9390626,0.9390626
1994-02-20,8.5,7.652,-0.84765625,0.84765625
1994-02-21,7.3,8.81,1.5124998,1.5124998
1994-02-22,10.0,7.375,-2.625,2.625
1994-02-23,8.7,9.63,0.9328127,0.9328127
1994-02-24,10.0,8.21,-1.7890625,1.7890625
1994-02-25,11.6,9.664,-1.9359379,1.9359379
1994-02-26,12.0,10.984,-1.015625,1.015625
1994-02-27,10.3,11.16,0.8562498,0.8562498
1994-02-28,9.4,9.67,0.27187538,0.27187538
1994-03-01,9.0,9.234,0.234375,0.234375
1994-03-02,10.0,8.98,-1.0234375,1.0234375
1994-03-03,9.3,9.85,0.5515623,0.5515623
1994-03-04,9.3,8.734,-0.5656252,0.5656252
1994-03-05,9.6,9.16,-0.44375038,0.44375038
1994-03-06,8.7,9.66,0.9562502,0.9562502
1994-03-07,10.3,8.68,-1.6203127,1.6203127
1994-03-08,11.400001,10.625,-0.7750006,0.7750006
1994-03-09,10.5,10.85,0.3515625,0.3515625
1994-03-10,8.0,9.84,1.84375,1.84375
1994-03-11,6.6,8.23,1.6265626,1.6265626
1994-03-12,8.4,7.43,-0.9703121,0.9703121
1994-03-13,11.2,9.05,-2.1531248,2.1531248
1994-03-14,10.7,10.695,-0.0046873093,0.0046873093
1994-03-15,9.9,9.91,0.0062503815,0.0062503815
1994-03-16,8.7,9.72,1.0187502,1.0187502
1994-03-17,8.9,8.96,0.06093788,0.06093788
1994-03-18,10.4,9.19,-1.2124996,1.2124996
1994-03-19,10.7,10.34,-0.3562498,0.3562498
1994-03-20,11.0,10.05,-0.953125,0.953125
1994-03-21,9.3,10.6,1.3015623,1.3015623
1994-03-22,10.4,9.06,-1.3374996,1.3374996
1994-03-23,12.4,10.695,-1.7046871,1.7046871
1994-03-24,11.5,11.88,0.3828125,0.3828125
1994-03-25,10.8,11.08,0.2781248,0.2781248
1994-03-26,8.8,10.54,1.7390623,1.7390623
1994-03-27,8.9,8.75,-0.14999962,0.14999962
1994-03-28,11.900001,9.36,-2.5406256,2.5406256
1994-03-29,12.0,11.51,-0.4921875,0.4921875
1994-03-30,11.5,11.34,-0.15625,0.15625
1994-03-31,10.0,10.86,0.859375,0.859375
1994-04-01,7.8999996,10.05,2.1468754,2.1468754
1994-04-02,7.0,8.55,1.546875,1.546875
1994-04-03,9.1,7.918,-1.1820316,1.1820316
1994-04-04,8.4,9.57,1.1703129,1.1703129
1994-04-05,8.0,8.29,0.2890625,0.2890625
1994-04-06,9.4,8.23,-1.1734371,1.1734371
1994-04-07,9.0,9.59,0.59375,0.59375
1994-04-08,8.6,9.016,0.41562462,0.41562462
1994-04-09,8.2,8.78,0.5812502,0.5812502
1994-04-10,8.3,8.375,0.07499981,0.07499981
1994-04-11,8.2,8.49,0.2921877,0.2921877
1994-04-12,8.5,8.45,-0.046875,0.046875
1994-04-13,7.5,8.625,1.125,1.125
1994-04-14,7.7,7.86,0.15937519,0.15937519
1994-04-15,6.4999995,8.3,1.7968755,1.7968755
1994-04-16,7.8999996,7.18,-0.7203121,0.7203121
1994-04-17,8.9,8.4,-0.5015621,0.5015621
1994-04-18,7.3,8.87,1.5671873,1.5671873
1994-04-19,7.6,7.508,-0.092187405,0.092187405
1994-04-20,8.7,8.19,-0.5124998,0.5124998
1994-04-21,10.0,8.836,-1.1640625,1.1640625
1994-04-22,11.5,9.516,-1.984375,1.984375
1994-04-23,11.8,11.14,-0.6593752,0.6593752
1994-04-24,9.7,11.09,1.3937502,1.3937502
1994-04-25,9.5,9.25,-0.25,0.25
1994-04-26,12.8,9.516,-3.2843752,3.2843752
1994-04-27,12.9,12.125,-0.7749996,0.7749996
1994-04-28,13.6,11.85,-1.7484379,1.7484379
1994-04-29,15.4,12.93,-2.470312,2.470312
1994-04-30,9.9,14.266,4.3656254,4.3656254
1994-05-01,13.4,9.33,-4.0718746,4.0718746
1994-05-02,15.8,12.914,-2.8859377,2.8859377
1994-05-03,12.7,14.15,1.4484377,1.4484377
1994-05-04,10.7,11.305,0.6046877,0.6046877
1994-05-05,13.0,10.95,-2.046875,2.046875
1994-05-06,11.6,12.7,1.1031246,1.1031246
1994-05-07,10.5,11.1,0.6015625,0.6015625
1994-05-08,10.1,10.92,0.8218746,0.8218746
1994-05-09,11.2,10.67,-0.5281248,0.5281248
1994-05-10,12.2,11.33,-0.8718748,0.8718748
1994-05-11,11.0,12.21,1.2109375,1.2109375
1994-05-12,12.8,10.96,-1.8390627,1.8390627
1994-05-13,13.900001,12.875,-1.0250006,1.0250006
1994-05-14,13.1,13.38,0.28281212,0.28281212
1994-05-15,13.1,12.72,-0.38125038,0.38125038
1994-05-16,12.2,12.86,0.6593752,0.6593752
1994-05-17,10.1,11.68,1.5796871,1.5796871
1994-05-18,9.9,10.586,0.6859379,0.6859379
1994-05-19,11.400001,10.91,-0.49375057,0.49375057
1994-05-20,12.9,11.48,-1.4234371,1.4234371
1994-05-21,12.6,12.82,0.22031212,0.22031212
1994-05-22,13.2,12.516,-0.6843748,0.6843748
1994-05-23,12.9,13.0,0.10000038,0.10000038
1994-05-24,12.0,12.56,0.5625,0.5625
1994-05-25,12.5,11.86,-0.640625,0.640625
1994-05-26,12.4,12.56,0.16250038,0.16250038
1994-05-27,12.6,12.414,-0.18593788,0.18593788
1994-05-28,10.9,12.734,1.8343754,1.8343754
1994-05-29,11.2,11.234,0.03437519,0.03437519
1994-05-30,11.8,11.74,-0.05781269,0.05781269
1994-05-31,13.2,12.055,-1.1453123,1.1453123
1994-06-01,15.1,13.46,-1.6390629,1.6390629
1994-06-02,14.6,14.94,0.33749962,0.33749962
1994-06-03,12.9,14.11,1.2093754,1.2093754
1994-06-04,12.3,12.63,0.3328123,0.3328123
1994-06-05,13.3,12.51,-0.7921877,0.7921877
1994-06-06,13.8,13.33,-0.4718752,0.4718752
1994-06-07,13.900001,13.75,-0.15000057,0.15000057
1994-06-08,12.9,13.81,0.9125004,0.9125004
1994-06-09,12.8,12.95,0.15312481,0.15312481
1994-06-10,12.7,13.1,0.4015627,0.4015627
1994-06-11,13.1,13.03,-0.06875038,0.06875038
1994-06-12,13.2,13.25,0.05000019,0.05000019
1994-06-13,13.6,13.26,-0.34218788,0.34218788
1994-06-14,14.200001,13.77,-0.42656326,0.42656326
1994-06-15,14.8,14.266,-0.5343752,0.5343752
1994-06-16,15.0,14.67,-0.328125,0.328125
1994-06-17,14.6,14.56,-0.03750038,0.03750038
1994-06-18,15.5,14.29,-1.2109375,1.2109375
1994-06-19,15.200001,15.11,-0.09062576,0.09062576
1994-06-20,16.1,14.96,-1.1390629,1.1390629
1994-06-21,17.5,15.8,-1.703125,1.703125
1994-06-22,16.2,16.78,0.58124924,0.58124924
1994-06-23,19.1,15.76,-3.342188,3.342188
1994-06-24,17.400002,17.75,0.34999847,0.34999847
1994-06-25,14.6,16.62,2.0249996,2.0249996
1994-06-26,15.6,14.6,-0.9984379,0.9984379
1994-06-27,15.8,15.766,-0.03437519,0.03437519
1994-06-28,19.3,15.86,-3.4406242,3.4406242
1994-06-29,15.200001,18.23,3.0343742,3.0343742
1994-06-30,16.2,14.445,-1.7546883,1.7546883
1994-07-01,18.4,16.38,-2.0249996,2.0249996
1994-07-02,16.300001,17.61,1.3093739,1.3093739
1994-07-03,17.400002,16.14,-1.2593765,1.2593765
1994-07-04,16.6,16.98,0.38437462,0.38437462
1994-07-05,15.700001,16.47,0.76874924,0.76874924
1994-07-06,15.6,15.625,0.024999619,0.024999619
1994-07-07,15.200001,15.75,0.54999924,0.54999924
1994-07-08,14.8,15.414,0.6140623,0.6140623
1994-07-09,15.9,15.02,-0.8765621,0.8765621
1994-07-10,16.7,16.06,-0.63750076,0.63750076
1994-07-11,17.2,16.56,-0.63750076,0.63750076
1994-07-12,17.6,16.81,-0.7875004,0.7875004
1994-07-13,16.7,17.25,0.54999924,0.54999924
1994-07-14,15.4,16.4,1.0062504,1.0062504
1994-07-15,17.2,15.44,-1.7625008,1.7625008
1994-07-16,17.6,16.9,-0.6937504,0.6937504
1994-07-17,18.4,17.2,-1.1968746,1.1968746
1994-07-18,17.900002,17.9,0.006248474,0.006248474
1994-07-19,17.400002,17.52,0.115623474,0.115623474
1994-07-20,15.9,17.22,1.3187504,1.3187504
1994-07-21,15.9,15.836,-0.06406212,0.06406212
1994-07-22,17.1,16.12,-0.9750004,0.9750004
1994-07-23,18.7,16.94,-1.7625008,1.7625008
1994-07-24,17.2,18.05,0.84687424,0.84687424
1994-07-25,18.0,16.89,-1.109375,1.109375
1994-07-26,18.900002,17.75,-1.1500015,1.1500015
1994-07-27,18.0,18.16,0.15625,0.15625
1994-07-28,16.0,17.55,1.546875,1.546875
1994-07-29,15.9,16.0,0.10000038,0.10000038
1994-07-30,17.900002,16.14,-1.7593765,1.7593765
1994-07-31,18.0,17.53,-0.46875,0.46875
1994-08-01,17.0,17.67,0.671875,0.671875
1994-08-02,19.2,16.98,-2.2156258,2.2156258
1994-08-03,17.7,18.4,0.70624924,0.70624924
1994-08-04,18.0,17.19,-0.8125,0.8125
1994-08-05,17.5,17.62,0.125,0.125
1994-08-06,16.8,17.25,0.45000076,0.45000076
1994-08-07,17.7,16.78,-0.91875076,0.91875076
1994-08-08,18.900002,17.45,-1.4468765,1.4468765
1994-08-09,16.8,18.3,1.4968758,1.4968758
1994-08-10,15.700001,16.56,0.86249924,0.86249924
1994-08-11,15.6,15.99,0.39218712,0.39218712
1994-08-12,15.6,15.89,0.29062462,0.29062462
1994-08-13,14.5,15.73,1.2265625,1.2265625
1994-08-14,14.1,14.84,0.7437496,0.7437496
1994-08-15,16.0,14.664,-1.3359375,1.3359375
1994-08-16,16.0,16.06,0.0625,0.0625
1994-08-17,15.0,16.03,1.03125,1.03125
1994-08-18,16.6,15.16,-1.4437504,1.4437504
1994-08-19,17.400002,16.48,-0.9156265,0.9156265
1994-08-20,16.0,16.97,0.96875,0.96875
1994-08-21,17.400002,15.78,-1.6187515,1.6187515
1994-08-22,18.1,17.05,-1.0531254,1.0531254
1994-08-23,16.8,17.47,0.66875076,0.66875076
1994-08-24,15.0,16.53,1.53125,1.53125
1994-08-25,16.7,15.22,-1.4812508,1.4812508
1994-08-26,17.2,16.67,-0.52812576,0.52812576
1994-08-27,16.0,16.88,0.875,0.875
1994-08-28,13.6,16.1,2.4937496,2.4937496
1994-08-29,13.6,14.055,0.45468712,0.45468712
1994-08-30,15.8,14.23,-1.5734377,1.5734377
1994-08-31,15.8,15.77,-0.02656269,0.02656269
1994-09-01,15.200001,15.87,0.66718674,0.66718674
1994-09-02,15.0,15.23,0.2265625,0.2265625
1994-09-03,16.4,15.14,-1.2593746,1.2593746
1994-09-04,16.7,16.22,-0.48125076,0.48125076
1994-09-05,15.5,16.44,0.9375,0.9375
1994-09-06,15.0,15.38,0.3828125,0.3828125
1994-09-07,14.5,15.125,0.625,0.625
1994-09-08,13.3,14.805,1.5046873,1.5046873
1994-09-09,14.4,13.79,-0.6109371,0.6109371
1994-09-10,14.5,14.73,0.2265625,0.2265625
1994-09-11,15.4,14.61,-0.7906246,0.7906246
1994-09-12,14.5,15.516,1.015625,1.015625
1994-09-13,12.9,14.52,1.6234379,1.6234379
1994-09-14,12.2,13.36,1.1593752,1.1593752
1994-09-15,12.4,12.83,0.42812538,0.42812538
1994-09-16,12.6,13.07,0.47031212,0.47031212
1994-09-17,12.4,13.09,0.6937504,0.6937504
1994-09-18,12.4,12.92,0.5218754,0.5218754
1994-09-19,14.0,12.93,-1.0703125,1.0703125
1994-09-20,13.4,14.33,0.9281254,0.9281254
1994-09-21,13.2,13.49,0.2921877,0.2921877
1994-09-22,15.200001,13.28,-1.9187508,1.9187508
1994-09-23,15.8,14.86,-0.9406252,0.9406252
1994-09-24,16.0,15.484,-0.515625,0.515625
1994-09-25,15.1,15.54,0.43906212,0.43906212
1994-09-26,14.8,14.64,-0.15937519,0.15937519
1994-09-27,14.0,14.516,0.515625,0.515625
1994-09-28,14.200001,14.02,-0.17656326,0.17656326
1994-09-29,14.3,14.31,0.012499809,0.012499809
1994-09-30,14.6,14.305,-0.29531288,0.29531288
1994-10-01,13.900001,14.75,0.8499994,0.8499994
1994-10-02,13.900001,14.14,0.24062443,0.24062443
1994-10-03,12.8,14.17,1.3718748,1.3718748
1994-10-04,9.6,13.09,3.4937496,3.4937496
1994-10-05,9.6,10.18,0.5796871,0.5796871
1994-10-06,9.7,10.97,1.2687502,1.2687502
1994-10-07,10.8,10.58,-0.22187519,0.22187519
1994-10-08,11.0,11.56,0.5625,0.5625
1994-10-09,13.8,11.37,-2.4328127,2.4328127
1994-10-10,13.900001,13.74,-0.15781307,0.15781307
1994-10-11,14.5,13.29,-1.2109375,1.2109375
1994-10-12,15.5,13.99,-1.5078125,1.5078125
1994-10-13,14.700001,14.734,0.034374237,0.034374237
1994-10-14,14.8,14.15,-0.6515627,0.6515627
1994-10-15,15.700001,14.29,-1.4109383,1.4109383
1994-10-16,15.700001,15.2,-0.49687576,0.49687576
1994-10-17,13.1,15.055,1.9546871,1.9546871
1994-10-18,10.4,13.03,2.6312504,2.6312504
1994-10-19,13.3,11.14,-2.1593752,2.1593752
1994-10-20,13.1,13.766,0.6656246,0.6656246
1994-10-21,14.1,12.85,-1.2484379,1.2484379
1994-10-22,14.1,14.3,0.19687462,0.19687462
1994-10-23,13.3,13.79,0.4890623,0.4890623
1994-10-24,11.8,13.34,1.5437498,1.5437498
1994-10-25,11.3,12.19,0.8874998,0.8874998
1994-10-26,10.5,11.94,1.4375,1.4375
1994-10-27,10.2,10.96,0.7609377,0.7609377
1994-10-28,10.1,11.234,1.1343746,1.1343746
1994-10-29,13.3,11.055,-2.2453127,2.2453127
1994-10-30,15.1,13.66,-1.4437504,1.4437504
1994-10-31,13.3,14.6,1.3015623,1.3015623
1994-11-01,10.8,12.66,1.8562498,1.8562498
1994-11-02,11.6,11.125,-0.47500038,0.47500038
1994-11-03,14.200001,11.81,-2.3875008,2.3875008
1994-11-04,11.1,13.734,2.6343746,2.6343746
1994-11-05,9.9,10.66,0.7562504,0.7562504
1994-11-06,10.7,10.55,-0.15312481,0.15312481
1994-11-07,12.7,11.305,-1.3953123,1.3953123
1994-11-08,13.4,12.76,-0.6421871,0.6421871
1994-11-09,12.0,13.47,1.46875,1.46875
1994-11-10,12.6,11.8,-0.8031254,0.8031254
1994-11-11,12.7,12.53,-0.16874981,0.16874981
1994-11-12,13.0,12.87,-0.1328125,0.1328125
1994-11-13,14.4,12.74,-1.6578121,1.6578121
1994-11-14,14.900001,14.09,-0.8062506,0.8062506
1994-11-15,12.4,14.48,2.076563,2.076563
1994-11-16,10.3,12.25,1.9499998,1.9499998
1994-11-17,11.2,11.1,-0.09843731,0.09843731
1994-11-18,14.200001,11.77,-2.4265633,2.4265633
1994-11-19,14.5,14.06,-0.4375,0.4375
1994-11-20,14.200001,14.55,0.34687424,0.34687424
1994-11-21,13.900001,13.78,-0.11875057,0.11875057
1994-11-22,13.700001,13.49,-0.20781326,0.20781326
1994-11-23,12.3,13.67,1.3718748,1.3718748
1994-11-24,12.4,12.38,-0.017187119,0.017187119
1994-11-25,11.900001,12.445,0.5453119,0.5453119
1994-11-26,11.3,12.06,0.7624998,0.7624998
1994-11-27,10.6,11.93,1.3296871,1.3296871
1994-11-28,11.1,11.38,0.28281212,0.28281212
1994-11-29,9.7,11.76,2.0578127,2.0578127
1994-11-30,11.3,9.9,-1.4015627,1.4015627
1994-12-01,12.0,12.19,0.1875,0.1875
1994-12-02,11.8,11.85,0.05156231,0.05156231
1994-12-03,12.2,11.79,-0.4109373,0.4109373
1994-12-04,12.2,12.234,0.03437519,0.03437519
1994-12-05,9.3,12.195,2.8953123,2.8953123
1994-12-06,9.9,9.234,-0.6656246,0.6656246
1994-12-07,10.8,10.93,0.12968731,0.12968731
1994-12-08,12.4,10.65,-1.7515621,1.7515621
1994-12-09,8.9,12.28,3.3812504,3.3812504
1994-12-10,12.5,8.55,-3.953125,3.953125
1994-12-11,13.8,12.984,-0.8156252,0.8156252
1994-12-12,12.0,12.31,0.3125,0.3125
1994-12-13,11.1,11.27,0.17343712,0.17343712
1994-12-14,11.3,11.16,-0.14375019,0.14375019
1994-12-15,10.3,11.23,0.9265623,0.9265623
1994-12-16,11.400001,10.27,-1.1265631,1.1265631
1994-12-17,11.400001,12.08,0.6781244,0.6781244
1994-12-18,9.1,11.33,2.2281246,2.2281246
1994-12-19,8.2,9.016,0.8156252,0.8156252
1994-12-20,8.5,8.67,0.171875,0.171875
1994-12-21,9.2,9.02,-0.17656231,0.17656231
1994-12-22,6.7000003,9.51,2.8078122,2.8078122
1994-12-23,4.6,7.273,2.6734376,2.6734376
1994-12-24,2.6999998,5.69,2.9914064,2.9914064
1994-12-25,5.2999997,4.293,-1.007031,1.007031
1994-12-26,10.7,6.516,-4.184375,4.184375
1994-12-27,13.0,10.59,-2.40625,2.40625
1994-12-28,13.6,12.234,-1.3656254,1.3656254
1994-12-29,11.2,12.09,0.8937502,0.8937502
1994-12-30,8.8,10.36,1.5593748,1.5593748
1994-12-31,8.0,8.555,0.5546875,0.5546875
1995-01-01,6.2,8.58,2.3781252,2.3781252
1995-01-02,6.2,6.965,0.76484394,0.76484394
1995-01-03,4.2999997,7.14,2.8406253,2.8406253
1995-01-04,8.8,5.53,-3.2687502,3.2687502
1995-01-05,10.4,9.38,-1.0171871,1.0171871
1995-01-06,8.5,9.66,1.15625,1.15625
1995-01-07,8.1,8.15,0.04843712,0.04843712
1995-01-08,10.4,8.234,-2.1656246,2.1656246
1995-01-09,9.9,10.09,0.19375038,0.19375038
1995-01-10,10.9,9.04,-1.8609371,1.8609371
1995-01-11,10.2,10.18,-0.02031231,0.02031231
1995-01-12,5.5999994,9.6,4.001563,4.001563
1995-01-13,5.5999994,6.156,0.5562506,0.5562506
1995-01-14,8.6,6.992,-1.6078129,1.6078129
1995-01-15,8.8,8.875,0.07499981,0.07499981
1995-01-16,10.9,8.48,-2.423437,2.423437
1995-01-17,9.5,10.76,1.2578125,1.2578125
1995-01-18,4.6999993,8.87,4.167188,4.167188
1995-01-19,8.6,5.44,-3.1585941,3.1585941
1995-01-20,6.4,9.28,2.88125,2.88125
1995-01-21,9.8,6.977,-2.8234377,2.8234377
1995-01-22,10.7,9.734,-0.9656248,0.9656248
1995-01-23,7.8999996,9.71,1.8109379,1.8109379
1995-01-24,8.3,7.72,-0.5812502,0.5812502
1995-01-25,12.7,8.84,-3.8562498,3.8562498
1995-01-26,8.0,12.0,4.0,4.0
1995-01-27,9.3,7.5,-1.8000002,1.8000002
1995-01-28,11.1,9.64,-1.4593754,1.4593754
1995-01-29,11.3,9.7,-1.5968752,1.5968752
1995-01-30,9.6,10.13,0.5328121,0.5328121
1995-01-31,12.1,9.31,-2.7875004,2.7875004
1995-02-01,10.9,11.85,0.9515629,0.9515629
1995-02-02,9.1,9.9,0.7984371,0.7984371
1995-02-03,11.1,9.08,-2.0218754,2.0218754
1995-02-04,12.0,10.586,-1.4140625,1.4140625
1995-02-05,10.6,11.04,0.43906212,0.43906212
1995-02-06,9.9,10.24,0.34218788,0.34218788
1995-02-07,11.1,10.02,-1.0765629,1.0765629
1995-02-08,10.2,11.04,0.8390627,0.8390627
1995-02-09,9.6,9.88,0.28281212,0.28281212
1995-02-10,10.2,9.71,-0.4890623,0.4890623
1995-02-11,11.0,10.48,-0.5234375,0.5234375
1995-02-12,9.4,10.68,1.2796879,1.2796879
1995-02-13,9.5,9.18,-0.3203125,0.3203125
1995-02-14,10.4,9.72,-0.6812496,0.6812496
1995-02-15,11.2,10.61,-0.5906248,0.5906248
1995-02-16,10.0,10.89,0.890625,0.890625
1995-02-17,8.1,9.67,1.5718746,1.5718746
1995-02-18,9.0,8.336,-0.6640625,0.6640625
1995-02-19,11.400001,9.47,-1.9312506,1.9312506
1995-02-20,10.9,10.8,-0.10312462,0.10312462
1995-02-21,6.7000003,10.375,3.6749997,3.6749997
1995-02-22,7.5,7.15,-0.3515625,0.3515625
1995-02-23,7.5,8.555,1.0546875,1.0546875
1995-02-24,11.5,7.945,-3.5546875,3.5546875
1995-02-25,8.7,11.336,2.6359377,2.6359377
1995-02-26,6.0,8.195,2.1953125,2.1953125
1995-02-27,7.6,6.797,-0.8031249,0.8031249
1995-02-28,10.3,8.336,-1.9640627,1.9640627
1995-03-01,7.8,9.66,1.8562498,1.8562498
1995-03-02,6.6,7.633,1.0328126,1.0328126
1995-03-03,5.8,7.28,1.4812498,1.4812498
1995-03-04,6.7999997,6.582,-0.21796846,0.21796846
1995-03-05,8.4,7.54,-0.8609371,0.8609371
1995-03-06,6.2,8.58,2.3781252,2.3781252
1995-03-07,5.2999997,6.664,1.3640628,1.3640628
1995-03-08,4.9999995,6.195,1.195313,1.195313
1995-03-09,7.7,5.89,-1.8093748,1.8093748
1995-03-10,11.5,8.09,-3.40625,3.40625
1995-03-11,10.5,10.83,0.328125,0.328125
1995-03-12,9.2,9.234,0.03437519,0.03437519
1995-03-13,9.1,8.97,-0.13125038,0.13125038
1995-03-14,8.2,9.09,0.8937502,0.8937502
1995-03-15,6.8999996,8.25,1.3500004,1.3500004
1995-03-16,8.5,7.39,-1.109375,1.109375
1995-03-17,10.9,8.7,-2.1968746,2.1968746
1995-03-18,9.0,10.125,1.125,1.125
1995-03-19,8.3,8.58,0.2781248,0.2781248
1995-03-20,7.0,8.62,1.6171875,1.6171875
1995-03-21,6.7999997,7.516,0.7156253,0.7156253
1995-03-22,9.0,7.47,-1.53125,1.53125
1995-03-23,11.0,8.97,-2.03125,2.03125
1995-03-24,9.7,10.08,0.3781252,0.3781252
1995-03-25,10.4,9.02,-1.3765621,1.3765621
1995-03-26,10.4,10.59,0.19375038,0.19375038
1995-03-27,8.3,10.04,1.7390623,1.7390623
1995-03-28,8.5,8.26,-0.2421875,0.2421875
1995-03-29,7.2,8.875,1.6750002,1.6750002
1995-03-30,7.6,7.746,0.14609385,0.14609385
1995-03-31,9.6,8.19,-1.4125004,1.4125004
1995-04-01,10.8,9.83,-0.9718752,0.9718752
1995-04-02,9.0,10.266,1.265625,1.265625
1995-04-03,10.6,8.836,-1.7640629,1.7640629
1995-04-04,11.5,10.88,-0.6171875,0.6171875
1995-04-05,10.8,10.58,-0.22187519,0.22187519
1995-04-06,10.9,10.22,-0.6812496,0.6812496
1995-04-07,10.5,10.35,-0.1484375,0.1484375
1995-04-08,9.5,10.18,0.6796875,0.6796875
1995-04-09,7.4,9.48,2.0765624,2.0765624
1995-04-10,8.7,7.953,-0.7468748,0.7468748
1995-04-11,10.3,9.15,-1.1515627,1.1515627
1995-04-12,10.0,10.1,0.1015625,0.1015625
1995-04-13,9.4,9.6,0.20156288,0.20156288
1995-04-14,9.5,9.16,-0.34375,0.34375
1995-04-15,9.4,9.59,0.19375038,0.19375038
1995-04-16,10.3,9.26,-1.0421877,1.0421877
1995-04-17,10.8,10.45,-0.3468752,0.3468752
1995-04-18,9.0,10.52,1.5234375,1.5234375
1995-04-19,6.0,8.79,2.7890625,2.7890625
1995-04-20,5.2999997,6.758,1.4578128,1.4578128
1995-04-21,7.8,6.473,-1.327344,1.327344
1995-04-22,6.4999995,8.44,1.9375005,1.9375005
1995-04-23,8.1,7.18,-0.9203129,0.9203129
1995-04-24,8.3,8.4,0.09843731,0.09843731
1995-04-25,9.1,8.4,-0.7015629,0.7015629
1995-04-26,10.2,9.0,-1.1999998,1.1999998
1995-04-27,10.1,9.89,-0.20937538,0.20937538
1995-04-28,11.3,9.6,-1.6984377,1.6984377
1995-04-29,12.6,10.79,-1.8109379,1.8109379
1995-04-30,12.8,12.16,-0.6437502,0.6437502
1995-05-01,14.900001,12.09,-2.8062506,2.8062506
1995-05-02,14.5,13.97,-0.53125,0.53125
1995-05-03,16.6,13.61,-2.9906254,2.9906254
1995-05-04,17.1,15.07,-2.029688,2.029688
1995-05-05,17.5,15.53,-1.96875,1.96875
1995-05-06,17.400002,15.83,-1.5718765,1.5718765
1995-05-07,16.1,15.77,-0.32656288,0.32656288
1995-05-08,12.7,15.07,2.3703127,2.3703127
1995-05-09,12.0,12.25,0.25,0.25
1995-05-10,11.400001,12.38,0.9828119,0.9828119
1995-05-11,10.8,11.71,0.9109373,0.9109373
1995-05-12,8.2,11.45,3.2531252,3.2531252
1995-05-13,8.1,8.76,0.6578121,0.6578121
1995-05-14,8.4,9.06,0.6625004,0.6625004
1995-05-15,10.4,8.92,-1.4781246,1.4781246
1995-05-16,12.9,11.11,-1.7906246,1.7906246
1995-05-17,10.9,12.58,1.6781254,1.6781254
1995-05-18,9.8,10.48,0.6765623,0.6765623
1995-05-19,9.6,10.11,0.5093746,0.5093746
1995-05-20,10.7,10.11,-0.5906248,0.5906248
1995-05-21,11.5,10.805,-0.6953125,0.6953125
1995-05-22,14.4,11.42,-2.9781246,2.9781246
1995-05-23,15.5,14.25,-1.25,1.25
1995-05-24,13.3,14.74,1.4421873,1.4421873
1995-05-25,13.3,12.55,-0.7531252,0.7531252
1995-05-26,14.0,12.984,-1.015625,1.015625
1995-05-27,15.4,13.56,-1.8374996,1.8374996
1995-05-28,15.0,14.81,-0.1875,0.1875
1995-05-29,13.700001,14.19,0.48749924,0.48749924
1995-05-30,12.8,13.16,0.3562498,0.3562498
1995-05-31,12.6,12.78,0.18124962,0.18124962
1995-06-01,12.9,12.92,0.021875381,0.021875381
1995-06-02,13.3,13.17,-0.12812519,0.12812519
1995-06-03,13.8,13.33,-0.4718752,0.4718752
1995-06-04,13.2,13.94,0.7375002,0.7375002
1995-06-05,13.4,13.32,-0.07968712,0.07968712
1995-06-06,13.6,13.58,-0.021875381,0.021875381
1995-06-07,13.8,13.68,-0.12031269,0.12031269
1995-06-08,12.4,13.8,1.3968754,1.3968754
1995-06-09,12.2,12.56,0.3625002,0.3625002
1995-06-10,12.9,12.59,-0.30624962,0.30624962
1995-06-11,13.0,13.28,0.28125,0.28125
1995-06-12,12.7,13.35,0.6515627,0.6515627
1995-06-13,11.7,12.914,1.2140627,1.2140627
1995-06-14,12.7,11.94,-0.7624998,0.7624998
1995-06-15,14.1,13.06,-1.0375004,1.0375004
1995-06-16,14.3,14.33,0.02812481,0.02812481
1995-06-17,14.5,14.22,-0.28125,0.28125
1995-06-18,15.700001,14.19,-1.5125008,1.5125008
1995-06-19,16.8,15.2,-1.5968742,1.5968742
1995-06-20,16.7,16.08,-0.62187576,0.62187576
1995-06-21,15.1,15.87,0.7671871,0.7671871
1995-06-22,15.3,14.55,-0.7531252,0.7531252
1995-06-23,14.900001,15.07,0.17031193,0.17031193
1995-06-24,15.0,14.85,-0.1484375,0.1484375
1995-06-25,14.700001,15.09,0.39374924,0.39374924
1995-06-26,16.4,14.75,-1.6499996,1.6499996
1995-06-27,17.2,16.22,-0.98125076,0.98125076
1995-06-28,18.800001,16.78,-2.0187511,2.0187511
1995-06-29,21.5,17.86,-3.640625,3.640625
1995-06-30,20.7,18.97,-1.7312508,1.7312508
1995-07-01,17.2,18.81,1.6124992,1.6124992
1995-07-02,15.700001,16.69,0.98749924,0.98749924
1995-07-03,14.8,15.91,1.1062498,1.1062498
1995-07-04,14.700001,15.086,0.38593674,0.38593674
1995-07-05,15.8,15.086,-0.7140627,0.7140627
1995-07-06,16.4,16.03,-0.36874962,0.36874962
1995-07-07,16.1,16.31,0.21249962,0.21249962
1995-07-08,18.7,16.03,-2.6687508,2.6687508
1995-07-09,21.7,17.98,-3.7156258,3.7156258
1995-07-10,18.900002,19.39,0.49062347,0.49062347
1995-07-11,17.800001,17.58,-0.22187614,0.22187614
1995-07-12,17.400002,17.38,-0.025001526,0.025001526
1995-07-13,17.800001,17.19,-0.61250114,0.61250114
1995-07-14,17.2,17.5,0.29999924,0.29999924
1995-07-15,17.400002,17.19,-0.21250153,0.21250153
1995-07-16,17.3,17.4,0.10625076,0.10625076
1995-07-17,17.3,17.16,-0.14374924,0.14374924
1995-07-18,18.7,17.25,-1.4500008,1.4500008
1995-07-19,20.2,18.16,-2.0437508,2.0437508
1995-07-20,19.6,18.9,-0.6937504,0.6937504
1995-07-21,18.1,18.53,0.43124962,0.43124962
1995-07-22,16.1,17.7,1.6031246,1.6031246
1995-07-23,15.4,16.12,0.7250004,0.7250004
1995-07-24,19.6,15.61,-3.9906254,3.9906254
1995-07-25,22.400002,18.61,-3.7906265,3.7906265
1995-07-26,18.6,20.06,1.4624996,1.4624996
1995-07-27,18.6,17.75,-0.8500004,0.8500004
1995-07-28,18.900002,18.4,-0.49375153,0.49375153
1995-07-29,19.2,18.28,-0.91875076,0.91875076
1995-07-30,17.400002,18.36,0.9593735,0.9593735
1995-07-31,20.2,17.19,-3.0125008,3.0125008
1995-08-01,20.7,19.0,-1.7000008,1.7000008
1995-08-02,18.800001,19.19,0.38749886,0.38749886
1995-08-03,20.0,18.31,-1.6875,1.6875
1995-08-04,20.5,19.1,-1.40625,1.40625
1995-08-05,17.400002,19.28,1.8812485,1.8812485
1995-08-06,16.0,17.03,1.03125,1.03125
1995-08-07,16.5,16.3,-0.203125,0.203125
1995-08-08,16.1,16.67,0.5718746,0.5718746
1995-08-09,15.700001,16.19,0.48749924,0.48749924
1995-08-10,19.900002,16.03,-3.8687515,3.8687515
1995-08-11,19.2,18.66,-0.54375076,0.54375076
1995-08-12,19.3,18.12,-1.1749992,1.1749992
1995-08-13,17.2,18.52,1.3156242,1.3156242
1995-08-14,16.4,16.9,0.5062504,0.5062504
1995-08-15,16.4,16.47,0.06875038,0.06875038
1995-08-16,18.4,16.3,-2.1031246,2.1031246
1995-08-17,19.0,18.0,-1.0,1.0
1995-08-18,19.7,18.3,-1.4031258,1.4031258
1995-08-19,17.800001,18.81,1.0124989,1.0124989
1995-08-20,18.5,17.39,-1.109375,1.109375
1995-08-21,19.0,18.05,-0.953125,0.953125
1995-08-22,17.7,18.23,0.53437424,0.53437424
1995-08-23,17.800001,17.4,-0.39375114,0.39375114
1995-08-24,18.2,17.6,-0.60625076,0.60625076
1995-08-25,18.5,17.88,-0.625,0.625
1995-08-26,18.2,18.06,-0.13750076,0.13750076
1995-08-27,16.8,17.88,1.0750008,1.0750008
1995-08-28,15.1,16.84,1.7437496,1.7437496
1995-08-29,15.5,15.33,-0.171875,0.171875
1995-08-30,15.8,15.74,-0.05781269,0.05781269
1995-08-31,15.0,15.94,0.9375,0.9375
1995-09-01,16.300001,15.305,-0.99531364,0.99531364
1995-09-02,15.6,16.42,0.8218746,0.8218746
1995-09-03,13.900001,15.64,1.7406244,1.7406244
1995-09-04,14.6,14.305,-0.29531288,0.29531288
1995-09-05,13.700001,14.98,1.2765617,1.2765617
1995-09-06,15.6,14.04,-1.5609379,1.5609379
1995-09-07,16.2,15.72,-0.48125076,0.48125076
1995-09-08,16.0,16.08,0.078125,0.078125
1995-09-09,14.700001,15.96,1.2609367,1.2609367
1995-09-10,15.1,14.66,-0.44375038,0.44375038
1995-09-11,13.3,15.33,2.0281248,2.0281248
1995-09-12,13.4,13.43,0.029687881,0.029687881
1995-09-13,13.3,13.94,0.6374998,0.6374998
1995-09-14,14.0,13.73,-0.2734375,0.2734375
1995-09-15,14.700001,14.39,-0.30937576,0.30937576
1995-09-16,13.900001,14.79,0.8890619,0.8890619
1995-09-17,13.5,14.086,0.5859375,0.5859375
1995-09-18,14.4,13.6,-0.7984371,0.7984371
1995-09-19,15.0,14.59,-0.40625,0.40625
1995-09-20,14.1,14.93,0.8296871,0.8296871
1995-09-21,14.6,14.13,-0.46718788,0.46718788
1995-09-22,14.5,14.664,0.1640625,0.1640625
1995-09-23,14.1,14.56,0.46249962,0.46249962
1995-09-24,13.4,14.24,0.8421879,0.8421879
1995-09-25,13.2,13.64,0.4406252,0.4406252
1995-09-26,16.4,13.49,-2.907812,2.907812
1995-09-27,14.3,16.12,1.8249998,1.8249998
1995-09-28,10.9,14.07,3.170313,3.170313
1995-09-29,10.8,11.36,0.5593748,0.5593748
1995-09-30,16.4,11.89,-4.5093746,4.5093746
1995-10-01,15.8,16.12,0.3249998,0.3249998
1995-10-02,15.0,15.6,0.6015625,0.6015625
1995-10-03,16.2,14.625,-1.5750008,1.5750008
1995-10-04,15.1,15.59,0.49374962,0.49374962
1995-10-05,12.9,14.73,1.8265629,1.8265629
1995-10-06,15.6,13.16,-2.4437504,2.4437504
1995-10-07,17.2,15.13,-2.0671883,2.0671883
1995-10-08,18.7,16.31,-2.3875008,2.3875008
1995-10-09,16.0,17.9,1.90625,1.90625
1995-10-10,14.900001,15.35,0.45156193,0.45156193
1995-10-11,16.1,14.89,-1.2093754,1.2093754
1995-10-12,15.4,15.67,0.27187538,0.27187538
1995-10-13,15.9,15.39,-0.5093746,0.5093746
1995-10-14,15.700001,15.75,0.049999237,0.049999237
1995-10-15,15.1,15.71,0.6109371,0.6109371
1995-10-16,15.8,15.266,-0.5343752,0.5343752
1995-10-17,16.900002,15.85,-1.048439,1.048439
1995-10-18,13.700001,16.61,2.9093742,2.9093742
1995-10-19,12.7,13.516,0.8156252,0.8156252
1995-10-20,12.6,13.53,0.9312496,0.9312496
1995-10-21,12.4,13.25,0.8500004,0.8500004
1995-10-22,11.7,12.95,1.2531252,1.2531252
1995-10-23,13.1,12.375,-0.7250004,0.7250004
1995-10-24,16.300001,13.77,-2.5265636,2.5265636
1995-10-25,13.0,16.03,3.03125,3.03125
1995-10-26,16.4,12.586,-3.814062,3.814062
1995-10-27,13.1,15.86,2.7593746,2.7593746
1995-10-28,14.200001,12.44,-1.7625008,1.7625008
1995-10-29,14.1,14.26,0.15781212,0.15781212
1995-10-30,12.9,14.04,1.1390629,1.1390629
1995-10-31,12.2,12.93,0.7296877,0.7296877
1995-11-01,11.1,12.42,1.3218746,1.3218746
1995-11-02,11.400001,11.85,0.45156193,0.45156193
1995-11-03,12.5,11.81,-0.6875,0.6875
1995-11-04,10.2,13.0,2.8000002,2.8000002
1995-11-05,4.7999997,10.375,5.5750003,5.5750003
1995-11-06,5.1,5.85,0.7515626,0.7515626
1995-11-07,8.3,6.92,-1.3781252,1.3781252
1995-11-08,12.2,8.7,-3.4968748,3.4968748
1995-11-09,11.3,10.87,-0.4328127,0.4328127
1995-11-10,10.0,10.29,0.2890625,0.2890625
1995-11-11,12.5,9.88,-2.6171875,2.6171875
1995-11-12,11.1,11.84,0.7437496,0.7437496
1995-11-13,10.3,10.01,-0.2921877,0.2921877
1995-11-14,11.1,10.29,-0.8109379,0.8109379
1995-11-15,11.7,11.09,-0.6062498,0.6062498
1995-11-16,10.7,10.97,0.2687502,0.2687502
1995-11-17,6.4,10.35,3.9515624,3.9515624
1995-11-18,4.1,6.953,2.853125,2.853125
1995-11-19,4.2,5.496,1.296094,1.296094
1995-11-20,9.8,5.69,-4.108594,4.108594
1995-11-21,12.3,9.35,-2.9484377,2.9484377
1995-11-22,11.0,11.7,0.703125,0.703125
1995-11-23,11.1,10.16,-0.9437504,0.9437504
1995-11-24,11.6,10.65,-0.9515629,0.9515629
1995-11-25,9.4,10.56,1.1625004,1.1625004
1995-11-26,8.2,9.05,0.8468752,0.8468752
1995-11-27,9.5,8.625,-0.875,0.875
1995-11-28,8.7,9.64,0.9406252,0.9406252
1995-11-29,8.7,8.695,-0.0046873093,0.0046873093
1995-11-30,9.4,8.94,-0.46249962,0.46249962
1995-12-01,10.3,9.5,-0.8000002,0.8000002
1995-12-02,13.4,10.17,-3.2281246,3.2281246
1995-12-03,12.7,12.664,-0.03593731,0.03593731
1995-12-04,10.5,11.55,1.046875,1.046875
1995-12-05,4.2,9.8,5.596875,5.596875
1995-12-06,-9.536743e-07,4.918,4.9179697,4.9179697
1995-12-07,1.1999998,2.188,0.9875002,0.9875002
1995-12-08,4.0,3.535,-0.46484375,0.46484375
1995-12-09,6.7000003,5.445,-1.2546878,1.2546878
1995-12-10,8.2,7.36,-0.8406248,0.8406248
1995-12-11,5.5999994,8.03,2.4312506,2.4312506
1995-12-12,8.5,6.008,-2.4921875,2.4921875
1995-12-13,7.1,8.5,1.4000001,1.4000001
1995-12-14,4.9999995,7.152,2.1523442,2.1523442
1995-12-15,2.0999994,5.52,3.4195318,3.4195318
1995-12-16,5.5999994,3.652,-1.9476557,1.9476557
1995-12-17,6.4,6.676,0.27578115,0.27578115
1995-12-18,7.5,6.996,-0.50390625,0.50390625
1995-12-19,11.1,7.92,-3.1781254,3.1781254
1995-12-20,11.8,10.66,-1.1437502,1.1437502
1995-12-21,13.1,10.53,-2.5687504,2.5687504
1995-12-22,12.5,12.03,-0.46875,0.46875
1995-12-23,11.7,10.99,-0.7078123,0.7078123
1995-12-24,9.0,10.18,1.1796875,1.1796875
1995-12-25,6.2,8.73,2.5265627,2.5265627
1995-12-26,4.4999995,6.965,2.4648442,2.4648442
1995-12-27,1.3999996,5.684,4.283594,4.283594
1995-12-28,1.6999998,3.102,1.4015627,1.4015627
1995-12-29,3.3999996,3.734,0.33437538,0.33437538
1995-12-30,9.6,4.895,-4.705469,4.705469
1995-12-31,10.1,9.625,-0.47500038,0.47500038
1996-01-01,10.0,9.05,-0.953125,0.953125
1996-01-02,9.9,9.14,-0.7593746,0.7593746
1996-01-03,9.2,9.2,0.0031251907,0.0031251907
1996-01-04,9.9,8.84,-1.0562496,1.0562496
1996-01-05,9.7,9.555,-0.14531231,0.14531231
1996-01-06,11.0,9.29,-1.7109375,1.7109375
1996-01-07,10.6,10.375,-0.22500038,0.22500038
1996-01-08,11.900001,10.11,-1.7906256,1.7906256
1996-01-09,10.2,11.305,1.1046877,1.1046877
1996-01-10,8.7,9.516,0.8156252,0.8156252
1996-01-11,10.7,8.77,-1.9265623,1.9265623
1996-01-12,11.1,10.64,-0.45937538,0.45937538
1996-01-13,10.0,10.07,0.0703125,0.0703125
1996-01-14,11.6,9.25,-2.3500004,2.3500004
1996-01-15,11.1,11.3,0.19687462,0.19687462
1996-01-16,10.1,10.484,0.38437462,0.38437462
1996-01-17,8.6,10.0,1.3999996,1.3999996
1996-01-18,9.1,8.766,-0.33437538,0.33437538
1996-01-19,10.2,9.586,-0.6140623,0.6140623
1996-01-20,8.6,10.125,1.5249996,1.5249996
1996-01-21,7.6,8.48,0.8765626,0.8765626
1996-01-22,7.2,8.08,0.8781252,0.8781252
1996-01-23,7.6,8.086,0.4859376,0.4859376
1996-01-24,7.4,8.11,0.7093749,0.7093749
1996-01-25,5.7,7.812,2.1125002,2.1125002
1996-01-26,2.8999996,6.508,3.607813,3.607813
1996-01-27,2.0,4.258,2.2578125,2.2578125
1996-01-28,5.5,3.71,-1.7890625,1.7890625
1996-01-29,4.9999995,6.58,1.5781255,1.5781255
1996-01-30,6.7000003,5.973,-0.72734404,0.72734404
1996-01-31,4.6999993,7.03,2.3312507,2.3312507
1996-02-01,1.499999,5.348,3.8476572,3.8476572
1996-02-02,4.7999997,2.984,-1.8156247,1.8156247
1996-02-03,4.2,5.848,1.6476564,1.6476564
1996-02-04,2.8000002,5.234,2.4343748,2.4343748
1996-02-05,3.5999994,4.03,0.43125057,0.43125057
1996-02-06,6.8999996,4.594,-2.3062496,2.3062496
1996-02-07,6.1,7.38,1.2789063,1.2789063
1996-02-08,7.0,6.484,-0.515625,0.515625
1996-02-09,7.0,7.383,0.3828125,0.3828125
1996-02-10,6.2999997,7.344,1.0437503,1.0437503
1996-02-11,8.6,6.742,-1.8578129,1.8578129
1996-02-12,9.9,8.89,-1.0093746,1.0093746
1996-02-13,7.2,9.125,1.9250002,1.9250002
1996-02-14,6.1,7.26,1.1617188,1.1617188
1996-02-15,5.5999994,6.96,1.3609381,1.3609381
1996-02-16,9.0,6.344,-2.65625,2.65625
1996-02-17,9.1,9.03,-0.06875038,0.06875038
1996-02-18,8.4,8.69,0.28750038,0.28750038
1996-02-19,4.6999993,8.22,3.5187507,3.5187507
1996-02-20,1.499999,5.58,4.078126,4.078126
1996-02-21,2.5,3.055,0.5546875,0.5546875
1996-02-22,6.4999995,4.03,-2.4687495,2.4687495
1996-02-23,7.4,7.184,-0.21640635,0.21640635
1996-02-24,8.7,7.547,-1.1531248,1.1531248
1996-02-25,7.4,8.266,0.8656249,0.8656249
1996-02-26,4.6999993,7.58,2.8781257,2.8781257
1996-02-27,5.1,5.484,0.3843751,0.3843751
1996-02-28,6.0,5.953,-0.046875,0.046875
1996-02-29,6.2,6.555,0.3546877,0.3546877
1996-03-01,6.4999995,6.69,0.19140673,0.19140673
1996-03-02,7.8999996,7.023,-0.8765621,0.8765621
1996-03-03,7.8,8.266,0.4656248,0.4656248
1996-03-04,6.8999996,7.984,1.0843754,1.0843754
1996-03-05,7.6,7.266,-0.3343749,0.3343749
1996-03-06,6.2999997,8.03,1.7312503,1.7312503
1996-03-07,4.2,6.773,2.5734377,2.5734377
1996-03-08,2.5,4.977,2.4765625,2.4765625
1996-03-09,6.4999995,3.887,-2.6132808,2.6132808
1996-03-10,8.3,7.414,-0.8859377,0.8859377
1996-03-11,6.6,8.33,1.7281251,1.7281251
1996-03-12,6.7999997,6.758,-0.042187214,0.042187214
1996-03-13,5.5,7.375,1.875,1.875
1996-03-14,5.7,6.176,0.47578144,0.47578144
1996-03-15,7.0,6.29,-0.7109375,0.7109375
1996-03-16,7.2,7.465,0.26484394,0.26484394
1996-03-17,6.6,7.42,0.8218751,0.8218751
1996-03-18,8.1,7.08,-1.0218754,1.0218754
1996-03-19,8.6,8.52,-0.07656288,0.07656288
1996-03-20,9.2,8.59,-0.6062498,0.6062498
1996-03-21,9.8,9.0,-0.8000002,0.8000002
1996-03-22,11.3,9.48,-1.8234377,1.8234377
1996-03-23,14.1,10.586,-3.514063,3.514063
1996-03-24,16.0,13.24,-2.7578125,2.7578125
1996-03-25,13.4,14.555,1.1546879,1.1546879
1996-03-26,10.8,12.0,1.1999998,1.1999998
1996-03-27,5.5999994,10.76,5.157813,5.157813
1996-03-28,4.2999997,6.25,1.9500003,1.9500003
1996-03-29,6.0,5.742,-0.2578125,0.2578125
1996-03-30,5.5999994,7.156,1.5562506,1.5562506
1996-03-31,5.2999997,6.555,1.2546878,1.2546878
1996-04-01,5.8,6.18,0.3796873,0.3796873
1996-04-02,5.2999997,6.633,1.3328128,1.3328128
1996-04-03,5.2999997,6.094,0.7937503,0.7937503
1996-04-04,5.1,6.004,0.90390635,0.90390635
1996-04-05,6.1,5.85,-0.2484374,0.2484374
1996-04-06,7.1,6.695,-0.4046874,0.4046874
1996-04-07,8.8,7.4,-1.4015627,1.4015627
1996-04-08,9.3,8.83,-0.4718752,0.4718752
1996-04-09,10.5,9.09,-1.40625,1.40625
1996-04-10,10.5,10.195,-0.3046875,0.3046875
1996-04-11,9.7,9.914,0.21406269,0.21406269
1996-04-12,11.2,9.24,-1.9578123,1.9578123
1996-04-13,10.3,10.6,0.3015623,0.3015623
1996-04-14,10.3,9.39,-0.9093752,0.9093752
1996-04-15,12.6,9.94,-2.6625004,2.6625004
1996-04-16,12.3,12.26,-0.04218769,0.04218769
1996-04-17,11.0,11.59,0.59375,0.59375
1996-04-18,11.900001,10.64,-1.2593756,1.2593756
1996-04-19,13.1,11.914,-1.1859379,1.1859379
1996-04-20,12.1,12.52,0.42343712,0.42343712
1996-04-21,11.900001,11.51,-0.39218807,0.39218807
1996-04-22,9.5,11.53,2.03125,2.03125
1996-04-23,9.6,9.32,-0.27968788,0.27968788
1996-04-24,9.7,10.37,0.6671877,0.6671877
1996-04-25,9.9,10.016,0.11562538,0.11562538
1996-04-26,9.9,10.26,0.35781288,0.35781288
1996-04-27,11.2,10.13,-1.0671873,1.0671873
1996-04-28,10.7,11.2,0.5031252,0.5031252
1996-04-29,9.0,10.54,1.5390625,1.5390625
1996-04-30,9.3,8.99,-0.3078127,0.3078127
1996-05-01,9.8,9.664,-0.13593769,0.13593769
1996-05-02,10.1,10.01,-0.09218788,0.09218788
1996-05-03,8.3,10.24,1.9421873,1.9421873
1996-05-04,8.5,8.23,-0.2734375,0.2734375
1996-05-05,8.7,8.92,0.22187519,0.22187519
1996-05-06,9.4,8.97,-0.43124962,0.43124962
1996-05-07,10.0,9.625,-0.375,0.375
1996-05-08,10.4,10.03,-0.36874962,0.36874962
1996-05-09,9.2,10.28,1.0812502,1.0812502
1996-05-10,8.2,9.02,0.8234377,0.8234377
1996-05-11,7.3,8.56,1.2624998,1.2624998
1996-05-12,7.8999996,7.86,-0.04062462,0.04062462
1996-05-13,9.0,8.48,-0.5234375,0.5234375
1996-05-14,10.2,9.03,-1.1687498,1.1687498
1996-05-15,11.7,10.14,-1.5593748,1.5593748
1996-05-16,8.4,11.41,3.0062504,3.0062504
1996-05-17,7.8,8.33,0.5281248,0.5281248
1996-05-18,7.6,8.51,0.9078126,0.9078126
1996-05-19,8.2,8.06,-0.13749981,0.13749981
1996-05-20,9.5,8.625,-0.875,0.875
1996-05-21,11.1,9.32,-1.7796879,1.7796879
1996-05-22,12.5,10.734,-1.765625,1.765625
1996-05-23,14.0,12.1,-1.8984375,1.8984375
1996-05-24,13.0,13.14,0.140625,0.140625
1996-05-25,11.900001,12.17,0.27187443,0.27187443
1996-05-26,12.9,11.49,-1.4078121,1.4078121
1996-05-27,12.7,12.35,-0.3484373,0.3484373
1996-05-28,13.4,12.016,-1.3843746,1.3843746
1996-05-29,15.9,13.195,-2.704687,2.704687
1996-05-30,17.1,15.11,-1.9906254,1.9906254
1996-05-31,13.700001,15.79,2.0890617,2.0890617
1996-06-01,12.1,12.734,0.6343746,0.6343746
1996-06-02,11.1,12.04,0.9390621,0.9390621
1996-06-03,13.1,11.19,-1.9125004,1.9125004
1996-06-04,14.4,13.03,-1.3687496,1.3687496
1996-06-05,18.300001,14.14,-4.159376,4.159376
1996-06-06,17.400002,16.75,-0.6500015,0.6500015
1996-06-07,17.400002,16.22,-1.1812515,1.1812515
1996-06-08,13.3,16.81,3.5124998,3.5124998
1996-06-09,14.900001,12.87,-2.032813,2.032813
1996-06-10,16.5,14.664,-1.8359375,1.8359375
1996-06-11,17.6,15.67,-1.9281254,1.9281254
1996-06-12,14.5,17.1,2.59375,2.59375
1996-06-13,15.0,14.02,-0.9765625,0.9765625
1996-06-14,14.700001,15.31,0.61249924,0.61249924
1996-06-15,15.9,14.47,-1.4312496,1.4312496
1996-06-16,18.6,15.79,-2.810938,2.810938
1996-06-17,20.400002,17.33,-3.0718765,3.0718765
1996-06-18,19.2,18.56,-0.63750076,0.63750076
1996-06-19,16.4,17.97,1.5687504,1.5687504
1996-06-20,15.9,16.23,0.33437538,0.33437538
1996-06-21,13.3,15.8,2.4968748,2.4968748
1996-06-22,13.8,13.516,-0.2843752,0.2843752
1996-06-23,14.200001,14.42,0.22187424,0.22187424
1996-06-24,13.900001,14.61,0.7093744,0.7093744
1996-06-25,14.6,14.26,-0.34218788,0.34218788
1996-06-26,15.700001,14.766,-0.93437576,0.93437576
1996-06-27,17.0,15.66,-1.34375,1.34375
1996-06-28,16.7,16.56,-0.13750076,0.13750076
1996-06-29,15.5,16.22,0.71875,0.71875
1996-06-30,15.200001,15.2,0.003124237,0.003124237
1996-07-01,14.0,15.14,1.140625,1.140625
1996-07-02,15.3,14.25,-1.0500002,1.0500002
1996-07-03,16.0,15.42,-0.578125,0.578125
1996-07-04,14.900001,15.84,0.9437494,0.9437494
1996-07-05,14.0,15.016,1.015625,1.015625
1996-07-06,13.0,14.32,1.3203125,1.3203125
1996-07-07,13.6,13.58,-0.021875381,0.021875381
1996-07-08,14.8,14.016,-0.7843752,0.7843752
1996-07-09,15.1,14.94,-0.16250038,0.16250038
1996-07-10,15.1,15.09,-0.0062503815,0.0062503815
1996-07-11,15.700001,15.04,-0.66093826,0.66093826
1996-07-12,17.0,15.64,-1.359375,1.359375
1996-07-13,16.900002,16.58,-0.32187653,0.32187653
1996-07-14,17.2,16.34,-0.85625076,0.85625076
1996-07-15,16.4,16.66,0.25625038,0.25625038
1996-07-16,16.5,16.06,-0.4375,0.4375
1996-07-17,17.0,16.38,-0.625,0.625
1996-07-18,18.5,16.8,-1.703125,1.703125
1996-07-19,20.1,17.72,-2.3812504,2.3812504
1996-07-20,17.900002,18.58,0.6781235,0.6781235
1996-07-21,16.8,17.31,0.51250076,0.51250076
1996-07-22,17.800001,16.8,-1.0031261,1.0031261
1996-07-23,17.5,17.52,0.015625,0.015625
1996-07-24,17.0,17.28,0.28125,0.28125
1996-07-25,16.4,16.97,0.5687504,0.5687504
1996-07-26,17.6,16.52,-1.0843754,1.0843754
1996-07-27,17.5,17.38,-0.125,0.125
1996-07-28,18.4,17.25,-1.1499996,1.1499996
1996-07-29,18.300001,18.0,-0.30000114,0.30000114
1996-07-30,17.5,17.78,0.28125,0.28125
1996-07-31,17.5,17.28,-0.21875,0.21875
1996-08-01,16.6,17.25,0.6499996,0.6499996
1996-08-02,15.5,16.58,1.078125,1.078125
1996-08-03,15.0,15.73,0.7265625,0.7265625
1996-08-04,19.2,15.414,-3.7859383,3.7859383
1996-08-05,17.900002,18.31,0.41249847,0.41249847
1996-08-06,15.200001,17.33,2.1281242,2.1281242
1996-08-07,14.5,15.34,0.84375,0.84375
1996-08-08,16.6,15.05,-1.5531254,1.5531254
1996-08-09,16.8,16.47,-0.33124924,0.33124924
1996-08-10,16.7,16.62,-0.07500076,0.07500076
1996-08-11,15.6,16.61,1.0093746,1.0093746
1996-08-12,16.2,15.625,-0.57500076,0.57500076
1996-08-13,16.5,16.22,-0.28125,0.28125
1996-08-14,15.0,16.39,1.390625,1.390625
1996-08-15,15.6,15.1,-0.49843788,0.49843788
1996-08-16,16.6,15.73,-0.8734379,0.8734379
1996-08-17,20.1,16.53,-3.5687504,3.5687504
1996-08-18,19.7,18.61,-1.0906258,1.0906258
1996-08-19,18.0,18.34,0.34375,0.34375
1996-08-20,16.900002,17.53,0.6312485,0.6312485
1996-08-21,15.3,16.81,1.5124998,1.5124998
1996-08-22,16.300001,15.38,-0.91718864,0.91718864
1996-08-23,16.0,16.28,0.28125,0.28125
1996-08-24,15.4,16.1,0.6937504,0.6937504
1996-08-25,14.900001,15.734,0.8343744,0.8343744
1996-08-26,14.5,15.23,0.7265625,0.7265625
1996-08-27,14.700001,14.914,0.21406174,0.21406174
1996-08-28,15.1,14.96,-0.13906288,0.13906288
1996-08-29,14.8,15.3,0.4968748,0.4968748
1996-08-30,14.700001,14.984,0.28437424,0.28437424
1996-08-31,14.200001,14.89,0.69062424,0.69062424
1996-09-01,13.5,14.53,1.03125,1.03125
1996-09-02,14.1,13.984,-0.11562538,0.11562538
1996-09-03,15.0,14.47,-0.53125,0.53125
1996-09-04,16.8,15.14,-1.6593742,1.6593742
1996-09-05,17.0,16.5,-0.5,0.5
1996-09-06,16.300001,16.6,0.29374886,0.29374886
1996-09-07,15.4,16.05,0.6468754,0.6468754
1996-09-08,15.1,15.25,0.14999962,0.14999962
1996-09-09,15.3,15.12,-0.18281269,0.18281269
1996-09-10,14.3,15.25,0.9499998,0.9499998
1996-09-11,13.0,14.51,1.5078125,1.5078125
1996-09-12,13.0,13.61,0.609375,0.609375
1996-09-13,12.1,13.67,1.5718746,1.5718746
1996-09-14,11.6,12.664,1.0640621,1.0640621
1996-09-15,13.6,12.32,-1.2796879,1.2796879
1996-09-16,16.1,14.125,-1.9750004,1.9750004
1996-09-17,14.900001,16.0,1.0999994,1.0999994
1996-09-18,14.1,14.61,0.5093746,0.5093746
1996-09-19,13.0,14.12,1.1171875,1.1171875
1996-09-20,12.3,13.15,0.8484373,0.8484373
1996-09-21,13.2,12.67,-0.5281248,0.5281248
1996-09-22,11.400001,13.5,2.0999994,2.0999994
1996-09-23,11.400001,11.55,0.14687443,0.14687443
1996-09-24,13.8,12.05,-1.7531252,1.7531252
1996-09-25,13.8,14.23,0.4265623,0.4265623
1996-09-26,15.1,13.836,-1.2640629,1.2640629
1996-09-27,14.900001,14.66,-0.24375057,0.24375057
1996-09-28,14.6,14.49,-0.10781288,0.10781288
1996-09-29,16.900002,14.164,-2.735939,2.735939
1996-09-30,13.6,16.16,2.5562496,2.5562496
1996-10-01,12.8,12.9,0.09843731,0.09843731
1996-10-02,12.7,13.0,0.3000002,0.3000002
1996-10-03,12.8,13.1,0.3015623,0.3015623
1996-10-04,12.3,13.18,0.8796873,0.8796873
1996-10-05,12.4,12.67,0.27187538,0.27187538
1996-10-06,13.0,12.88,-0.1171875,0.1171875
1996-10-07,13.8,13.27,-0.5265627,0.5265627
1996-10-08,13.8,14.125,0.3249998,0.3249998
1996-10-09,12.8,13.88,1.0828123,1.0828123
1996-10-10,13.4,12.81,-0.5874996,0.5874996
1996-10-11,13.2,13.53,0.3312502,0.3312502
1996-10-12,14.5,13.4,-1.1015625,1.1015625
1996-10-13,16.6,14.336,-2.264063,2.264063
1996-10-14,14.4,15.95,1.5531254,1.5531254
1996-10-15,10.7,13.836,3.1359377,3.1359377
1996-10-16,9.2,11.21,2.0109377,2.0109377
1996-10-17,9.9,10.06,0.16250038,0.16250038
1996-10-18,14.5,11.05,-3.453125,3.453125
1996-10-19,14.4,14.38,-0.017187119,0.017187119
1996-10-20,15.8,13.984,-1.8156252,1.8156252
1996-10-21,15.200001,14.78,-0.41875076,0.41875076
1996-10-22,16.900002,14.375,-2.5250015,2.5250015
1996-10-23,16.6,16.16,-0.44375038,0.44375038
1996-10-24,16.8,15.33,-1.4718742,1.4718742
1996-10-25,13.5,15.95,2.453125,2.453125
1996-10-26,12.6,12.93,0.32968712,0.32968712
1996-10-27,15.4,13.31,-2.0874996,2.0874996
1996-10-28,14.4,15.11,0.7093754,0.7093754
1996-10-29,11.2,14.12,2.9171877,2.9171877
1996-10-30,10.7,11.336,0.6359377,0.6359377
1996-10-31,13.5,11.92,-1.578125,1.578125
1996-11-01,13.900001,13.88,-0.017188072,0.017188072
1996-11-02,14.8,13.95,-0.8468752,0.8468752
1996-11-03,15.1,14.58,-0.5218754,0.5218754
1996-11-04,13.6,14.69,1.0874996,1.0874996
1996-11-05,12.2,13.516,1.3156252,1.3156252
1996-11-06,13.700001,12.664,-1.0359383,1.0359383
1996-11-07,11.3,13.61,2.3093748,2.3093748
1996-11-08,9.8,11.125,1.3249998,1.3249998
1996-11-09,9.9,10.836,0.9359379,0.9359379
1996-11-10,8.1,11.11,3.0093746,3.0093746
1996-11-11,8.1,8.64,0.5406246,0.5406246
1996-11-12,10.0,8.86,-1.140625,1.140625
1996-11-13,8.1,10.805,2.704687,2.704687
1996-11-14,8.6,8.14,-0.45937538,0.45937538
1996-11-15,7.8999996,9.0,1.1000004,1.1000004
1996-11-16,5.1,8.19,3.0875,3.0875
1996-11-17,7.6,5.92,-1.6781249,1.6781249
1996-11-18,6.0,8.41,2.40625,2.40625
1996-11-19,8.3,6.72,-1.5812502,1.5812502
1996-11-20,7.4,8.66,1.2562499,1.2562499
1996-11-21,4.6,7.81,3.2085938,3.2085938
1996-11-22,4.4999995,5.465,0.9648442,0.9648442
1996-11-23,6.4999995,5.57,-0.929687,0.929687
1996-11-24,7.8,7.24,-0.56171894,0.56171894
1996-11-25,10.9,7.88,-3.0210934,3.0210934
1996-11-26,8.5,10.62,2.1171875,2.1171875
1996-11-27,8.4,8.2,-0.19687462,0.19687462
1996-11-28,8.0,8.67,0.671875,0.671875
1996-11-29,12.1,8.26,-3.842188,3.842188
1996-11-30,11.8,10.94,-0.8625002,0.8625002
1996-12-01,11.7,10.42,-1.2781248,1.2781248
1996-12-02,10.2,10.664,0.4640627,0.4640627
1996-12-03,9.9,9.836,-0.06406212,0.06406212
1996-12-04,6.2,9.82,3.6203127,3.6203127
1996-12-05,5.8,6.55,0.75078106,0.75078106
1996-12-06,8.2,6.977,-1.2234373,1.2234373
1996-12-07,9.3,8.64,-0.6593752,0.6593752
1996-12-08,7.5,8.98,1.4765625,1.4765625
1996-12-09,7.8,7.555,-0.24531269,0.24531269
1996-12-10,6.7000003,8.41,1.7062497,1.7062497
1996-12-11,4.7999997,7.277,2.477344,2.477344
1996-12-12,4.4,5.617,1.2171874,1.2171874
1996-12-13,7.1,5.43,-1.6703124,1.6703124
1996-12-14,5.3999996,7.58,2.1781254,2.1781254
1996-12-15,4.9,6.2,1.2992187,1.2992187
1996-12-16,4.4,5.84,1.4398437,1.4398437
1996-12-17,12.7,5.38,-7.3210936,7.3210936
1996-12-18,11.400001,12.48,1.0765619,1.0765619
1996-12-19,9.7,9.23,-0.4734373,0.4734373
1996-12-20,9.0,9.34,0.34375,0.34375
1996-12-21,7.8999996,9.11,1.2093754,1.2093754
1996-12-22,6.8999996,8.16,1.2562504,1.2562504
1996-12-23,6.2,7.285,1.0851564,1.0851564
1996-12-24,3.1999998,6.91,3.7101564,3.7101564
1996-12-25,5.2,4.477,-0.7234373,0.7234373
1996-12-26,2.5999994,6.54,3.939063,3.939063
1996-12-27,0.29999924,4.156,3.8562508,3.8562508
1996-12-28,3.6999998,2.219,-1.4812498,1.4812498
1996-12-29,2.0999994,4.96,2.860938,2.860938
1996-12-30,2.6999998,3.68,0.9796877,0.9796877
1996-12-31,-0.9000006,3.777,4.6773443,4.6773443
1997-01-01,-3.3000011,1.203,4.503126,4.503126
1997-01-02,-1.6000004,-0.6875,0.9125004,0.9125004
1997-01-03,2.5,0.7344,-1.765625,1.765625
1997-01-04,2.6999998,3.879,1.1789064,1.1789064
1997-01-05,1.7999992,3.844,2.0437508,2.0437508
1997-01-06,0.09999943,3.016,2.9156256,2.9156256
1997-01-07,-9.536743e-07,1.82,1.8203135,1.8203135
1997-01-08,-2.0,1.766,3.765625,3.765625
1997-01-09,0.5999994,0.3047,-0.29531193,0.29531193
1997-01-10,3.6999998,2.414,-1.2859373,1.2859373
1997-01-11,9.6,4.758,-4.842188,4.842188
1997-01-12,9.2,9.05,-0.15312481,0.15312481
1997-01-13,9.4,8.375,-1.0249996,1.0249996
1997-01-14,6.4999995,9.15,2.648438,2.648438
1997-01-15,7.6,6.93,-0.6703124,0.6703124
1997-01-16,9.0,7.96,-1.0390625,1.0390625
1997-01-17,9.7,8.97,-0.7312498,0.7312498
1997-01-18,8.7,9.3,0.5968752,0.5968752
1997-01-19,8.6,8.56,-0.03750038,0.03750038
1997-01-20,6.2,8.75,2.5500002,2.5500002
1997-01-21,5.8,6.62,0.82109356,0.82109356
1997-01-22,6.4,6.477,0.076562405,0.076562405
1997-01-23,6.2999997,7.047,0.7468753,0.7468753
1997-01-24,6.4999995,6.7,0.19921923,0.19921923
1997-01-25,7.7,6.934,-0.76640606,0.76640606
1997-01-26,6.0,7.996,1.9960938,1.9960938
1997-01-27,5.8,6.613,0.81328106,0.81328106
1997-01-28,6.7999997,6.617,-0.18281221,0.18281221
1997-01-29,3.8999996,7.336,3.435938,3.435938
1997-01-30,3.6999998,4.91,1.2101564,1.2101564
1997-01-31,3.5,4.86,1.359375,1.359375
1997-02-01,6.1,4.75,-1.3499999,1.3499999
1997-02-02,6.7999997,6.883,0.082812786,0.082812786
1997-02-03,5.3999996,7.176,1.7757816,1.7757816
1997-02-04,9.2,5.99,-3.2117186,3.2117186
1997-02-05,9.3,9.4,0.09843731,0.09843731
1997-02-06,10.5,8.81,-1.6875,1.6875
1997-02-07,10.9,9.57,-1.3296871,1.3296871
1997-02-08,9.2,10.11,0.9093752,0.9093752
1997-02-09,9.5,8.805,-0.6953125,0.6953125
1997-02-10,9.9,9.24,-0.6578121,0.6578121
1997-02-11,9.4,9.44,0.03750038,0.03750038
1997-02-12,11.1,9.016,-2.0843754,2.0843754
1997-02-13,7.3,10.97,3.6687498,3.6687498
1997-02-14,10.2,7.426,-2.7742186,2.7742186
1997-02-15,7.4,10.61,3.209375,3.209375
1997-02-16,9.3,7.43,-1.8703127,1.8703127
1997-02-17,9.8,9.37,-0.4328127,0.4328127
1997-02-18,8.5,9.2,0.703125,0.703125
1997-02-19,10.0,8.34,-1.65625,1.65625
1997-02-20,9.6,9.914,0.31406212,0.31406212
1997-02-21,10.7,9.32,-1.3796873,1.3796873
1997-02-22,10.3,10.41,0.10624981,0.10624981
1997-02-23,11.1,10.14,-0.9593754,0.9593754
1997-02-24,10.9,11.01,0.10781288,0.10781288
1997-02-25,11.5,10.586,-0.9140625,0.9140625
1997-02-26,9.2,11.48,2.2765627,2.2765627
1997-02-27,9.4,8.875,-0.5249996,0.5249996
1997-02-28,9.9,9.81,-0.08749962,0.08749962
1997-03-01,10.7,9.95,-0.7468748,0.7468748
1997-03-02,11.0,10.52,-0.4765625,0.4765625
1997-03-03,10.9,10.71,-0.18906212,0.18906212
1997-03-04,9.8,10.625,0.8249998,0.8249998
1997-03-05,10.2,9.75,-0.4499998,0.4499998
1997-03-06,9.8,10.65,0.8484373,0.8484373
1997-03-07,11.1,9.54,-1.5609379,1.5609379
1997-03-08,10.0,11.336,1.3359375,1.3359375
1997-03-09,10.7,9.555,-1.1453123,1.1453123
1997-03-10,12.3,10.99,-1.3078127,1.3078127
1997-03-11,12.6,12.18,-0.42031288,0.42031288
1997-03-12,10.4,12.445,2.045313,2.045313
1997-03-13,9.1,10.22,1.1187496,1.1187496
1997-03-14,10.9,9.31,-1.5874996,1.5874996
1997-03-15,11.7,10.83,-0.8718748,0.8718748
1997-03-16,9.0,11.055,2.0546875,2.0546875
1997-03-17,8.7,8.64,-0.05937481,0.05937481
1997-03-18,10.4,8.98,-1.4234371,1.4234371
1997-03-19,9.3,10.53,1.2312498,1.2312498
1997-03-20,7.8,9.13,1.3328123,1.3328123
1997-03-21,7.7,8.08,0.3781252,0.3781252
1997-03-22,9.3,8.28,-1.0187502,1.0187502
1997-03-23,10.8,9.47,-1.3312502,1.3312502
1997-03-24,9.7,10.74,1.0421877,1.0421877
1997-03-25,10.1,9.1,-0.9984379,0.9984379
1997-03-26,11.7,10.305,-1.3953123,1.3953123
1997-03-27,11.8,11.66,-0.14375019,0.14375019
1997-03-28,8.7,11.375,2.6750002,2.6750002
1997-03-29,7.1,8.48,1.3765626,1.3765626
1997-03-30,7.8,7.96,0.16093731,0.16093731
1997-03-31,9.0,8.66,-0.34375,0.34375
1997-04-01,8.4,9.22,0.8187504,0.8187504
1997-04-02,8.8,8.27,-0.5265627,0.5265627
1997-04-03,10.4,8.83,-1.5718746,1.5718746
1997-04-04,9.3,10.586,1.2859373,1.2859373
1997-04-05,10.5,8.86,-1.640625,1.640625
1997-04-06,11.0,10.484,-0.515625,0.515625
1997-04-07,10.0,10.31,0.3125,0.3125
1997-04-08,12.3,9.65,-2.6515627,2.6515627
1997-04-09,13.8,12.49,-1.3078127,1.3078127
1997-04-10,11.400001,13.07,1.6703119,1.6703119
1997-04-11,8.8,10.73,1.9265623,1.9265623
1997-04-12,8.2,8.95,0.7531252,0.7531252
1997-04-13,8.3,8.94,0.6374998,0.6374998
1997-04-14,9.2,8.95,-0.24687481,0.24687481
1997-04-15,9.9,9.42,-0.47812462,0.47812462
1997-04-16,9.1,9.68,0.5796871,0.5796871
1997-04-17,9.3,8.89,-0.4093752,0.4093752
1997-04-18,9.3,9.375,0.07499981,0.07499981
1997-04-19,8.7,9.27,0.5734377,0.5734377
1997-04-20,7.8999996,8.75,0.8500004,0.8500004
1997-04-21,6.2999997,8.25,1.9500003,1.9500003
1997-04-22,7.1,7.05,-0.049218655,0.049218655
1997-04-23,8.8,7.914,-0.8859377,0.8859377
1997-04-24,10.7,9.0,-1.6999998,1.6999998
1997-04-25,12.5,10.586,-1.9140625,1.9140625
1997-04-26,12.5,12.16,-0.34375,0.34375
1997-04-27,13.1,11.95,-1.1468754,1.1468754
1997-04-28,13.1,12.34,-0.7562504,0.7562504
1997-04-29,12.4,12.45,0.05312538,0.05312538
1997-04-30,12.3,11.625,-0.6750002,0.6750002
1997-05-01,15.700001,11.92,-3.7781258,3.7781258
1997-05-02,18.7,15.1,-3.5984383,3.5984383
1997-05-03,15.6,16.9,1.3062496,1.3062496
1997-05-04,14.8,13.984,-0.8156252,0.8156252
1997-05-05,13.4,14.016,0.6156254,0.6156254
1997-05-06,8.1,12.97,4.8687496,4.8687496
1997-05-07,7.2,8.234,1.0343752,1.0343752
1997-05-08,10.6,8.17,-2.4281254,2.4281254
1997-05-09,11.0,10.96,-0.0390625,0.0390625
1997-05-10,11.8,10.34,-1.4562502,1.4562502
1997-05-11,11.1,11.72,0.6187496,0.6187496
1997-05-12,10.9,10.94,0.03750038,0.03750038
1997-05-13,11.3,10.92,-0.3781252,0.3781252
1997-05-14,11.1,11.57,0.47031212,0.47031212
1997-05-15,13.900001,11.21,-2.689063,2.689063
1997-05-16,14.8,13.64,-1.1593752,1.1593752
1997-05-17,13.5,14.55,1.046875,1.046875
1997-05-18,14.8,12.82,-1.9796877,1.9796877
1997-05-19,14.3,14.05,-0.2531252,0.2531252
1997-05-20,12.4,13.53,1.1312504,1.1312504
1997-05-21,13.3,12.08,-1.2218752,1.2218752
1997-05-22,13.2,13.24,0.04218769,0.04218769
1997-05-23,14.8,12.79,-2.0109377,2.0109377
1997-05-24,12.8,14.336,1.5359373,1.5359373
1997-05-25,13.4,12.83,-0.5718746,0.5718746
1997-05-26,14.6,13.43,-1.1703129,1.1703129
1997-05-27,15.0,14.375,-0.625,0.625
1997-05-28,14.1,15.06,0.9624996,0.9624996
1997-05-29,15.4,13.75,-1.6499996,1.6499996
1997-05-30,18.300001,15.086,-3.2140636,3.2140636
1997-05-31,15.8,17.14,1.3406248,1.3406248
1997-06-01,14.1,15.125,1.0249996,1.0249996
1997-06-02,12.5,13.97,1.46875,1.46875
1997-06-03,13.1,12.9,-0.20156288,0.20156288
1997-06-04,14.6,13.516,-1.0843754,1.0843754
1997-06-05,13.5,14.875,1.375,1.375
1997-06-06,16.6,13.58,-3.0218754,3.0218754
1997-06-07,17.3,16.03,-1.2687492,1.2687492
1997-06-08,16.1,16.75,0.6499996,0.6499996
1997-06-09,16.0,15.8,-0.203125,0.203125
1997-06-10,17.7,15.54,-2.1609383,2.1609383
1997-06-11,16.5,17.0,0.5,0.5
1997-06-12,16.300001,15.84,-0.45625114,0.45625114
1997-06-13,14.700001,16.25,1.5499992,1.5499992
1997-06-14,15.0,14.75,-0.25,0.25
1997-06-15,14.0,15.14,1.140625,1.140625
1997-06-16,14.5,14.29,-0.2109375,0.2109375
1997-06-17,15.3,14.91,-0.3937502,0.3937502
1997-06-18,14.900001,15.26,0.35781193,0.35781193
1997-06-19,13.4,15.06,1.6625004,1.6625004
1997-06-20,14.700001,13.71,-0.98906326,0.98906326
1997-06-21,13.4,14.95,1.5531254,1.5531254
1997-06-22,14.5,13.54,-0.9609375,0.9609375
1997-06-23,15.200001,14.78,-0.41875076,0.41875076
1997-06-24,14.900001,15.16,0.25624943,0.25624943
1997-06-25,14.700001,15.016,0.31562424,0.31562424
1997-06-26,12.5,14.66,2.15625,2.15625
1997-06-27,12.0,12.92,0.921875,0.921875
1997-06-28,13.3,12.56,-0.7375002,0.7375002
1997-06-29,14.1,13.8,-0.30312538,0.30312538
1997-06-30,13.8,14.36,0.5593748,0.5593748
1997-07-01,13.3,13.95,0.6531248,0.6531248
1997-07-02,11.5,13.516,2.015625,2.015625
1997-07-03,12.5,11.93,-0.5703125,0.5703125
1997-07-04,13.700001,13.05,-0.65312576,0.65312576
1997-07-05,15.0,13.85,-1.1484375,1.1484375
1997-07-06,15.4,14.94,-0.46249962,0.46249962
1997-07-07,16.0,15.11,-0.890625,0.890625
1997-07-08,17.400002,15.66,-1.7437515,1.7437515
1997-07-09,17.400002,16.4,-0.9937515,0.9937515
1997-07-10,18.1,16.42,-1.6781254,1.6781254
1997-07-11,17.3,16.8,-0.50312424,0.50312424
1997-07-12,17.900002,16.5,-1.4000015,1.4000015
1997-07-13,16.900002,17.31,0.41249847,0.41249847
1997-07-14,15.9,16.64,0.7406254,0.7406254
1997-07-15,17.5,15.875,-1.625,1.625
1997-07-16,17.400002,17.12,-0.27500153,0.27500153
1997-07-17,16.4,17.1,0.6937504,0.6937504
1997-07-18,15.4,16.36,0.9593754,0.9593754
1997-07-19,16.6,15.58,-1.0218754,1.0218754
1997-07-20,16.900002,16.6,-0.30625153,0.30625153
1997-07-21,16.5,16.67,0.171875,0.171875
1997-07-22,17.3,16.52,-0.78437424,0.78437424
1997-07-23,16.5,17.08,0.578125,0.578125
1997-07-24,16.6,16.38,-0.22500038,0.22500038
1997-07-25,16.6,16.6,-0.0062503815,0.0062503815
1997-07-26,18.7,16.58,-2.1218758,2.1218758
1997-07-27,17.5,18.02,0.515625,0.515625
1997-07-28,17.3,17.06,-0.23749924,0.23749924
1997-07-29,18.6,17.25,-1.3500004,1.3500004
1997-07-30,17.1,18.0,0.8999996,0.8999996
1997-07-31,16.6,16.88,0.27499962,0.27499962
1997-08-01,18.2,16.66,-1.5437508,1.5437508
1997-08-02,18.900002,17.81,-1.0875015,1.0875015
1997-08-03,19.7,18.19,-1.5125008,1.5125008
1997-08-04,17.7,18.72,1.0187492,1.0187492
1997-08-05,18.0,17.39,-0.609375,0.609375
1997-08-06,17.7,17.75,0.049999237,0.049999237
1997-08-07,18.4,17.39,-1.0093746,1.0093746
1997-08-08,18.300001,17.97,-0.33125114,0.33125114
1997-08-09,19.6,17.88,-1.7250004,1.7250004
1997-08-10,20.1,18.77,-1.3343754,1.3343754
1997-08-11,21.0,18.92,-2.078125,2.078125
1997-08-12,20.6,19.6,-1.0062504,1.0062504
1997-08-13,18.4,19.31,0.9125004,0.9125004
1997-08-14,17.6,17.98,0.38437462,0.38437462
1997-08-15,18.5,17.55,-0.953125,0.953125
1997-08-16,18.900002,18.11,-0.7906265,0.7906265
1997-08-17,20.0,18.38,-1.625,1.625
1997-08-18,19.7,19.03,-0.66875076,0.66875076
1997-08-19,20.800001,18.84,-1.9562511,1.9562511
1997-08-20,20.900002,19.47,-1.4312515,1.4312515
1997-08-21,20.0,19.44,-0.5625,0.5625
1997-08-22,20.3,19.0,-1.2999992,1.2999992
1997-08-23,20.6,19.25,-1.3500004,1.3500004
1997-08-24,20.0,19.4,-0.59375,0.59375
1997-08-25,16.900002,19.05,2.1468735,2.1468735
1997-08-26,16.4,16.88,0.47500038,0.47500038
1997-08-27,16.900002,16.7,-0.19687653,0.19687653
1997-08-28,14.4,16.92,2.5218754,2.5218754
1997-08-29,16.0,14.59,-1.40625,1.40625
1997-08-30,18.300001,16.23,-2.0656261,2.0656261
1997-08-31,17.1,17.69,0.5874996,0.5874996
1997-09-01,14.900001,16.88,1.9749994,1.9749994
1997-09-02,16.0,15.016,-0.984375,0.984375
1997-09-03,18.1,16.28,-1.8187504,1.8187504
1997-09-04,15.9,17.44,1.5375004,1.5375004
1997-09-05,14.4,15.766,1.3656254,1.3656254
1997-09-06,14.3,14.914,0.6140623,0.6140623
1997-09-07,15.200001,14.805,-0.39531326,0.39531326
1997-09-08,15.4,15.35,-0.04843712,0.04843712
1997-09-09,15.5,15.6,0.1015625,0.1015625
1997-09-10,15.5,15.52,0.0234375,0.0234375
1997-09-11,15.3,15.51,0.20781231,0.20781231
1997-09-12,14.6,15.41,0.8062496,0.8062496
1997-09-13,11.900001,14.8,2.8968744,2.8968744
1997-09-14,12.1,12.33,0.22812462,0.22812462
1997-09-15,12.7,12.96,0.2609377,0.2609377
1997-09-16,15.1,13.37,-1.7328129,1.7328129
1997-09-17,17.0,15.41,-1.59375,1.59375
1997-09-18,20.6,16.56,-4.0375004,4.0375004
1997-09-19,18.300001,18.53,0.23124886,0.23124886
1997-09-20,20.0,16.98,-3.015625,3.015625
1997-09-21,16.900002,18.48,1.5843735,1.5843735
1997-09-22,17.1,15.67,-1.4281254,1.4281254
1997-09-23,16.4,16.7,0.30312538,0.30312538
1997-09-24,16.5,16.25,-0.25,0.25
1997-09-25,16.2,16.81,0.61249924,0.61249924
1997-09-26,16.2,16.05,-0.15312576,0.15312576
1997-09-27,16.1,16.31,0.21249962,0.21249962
1997-09-28,16.300001,16.05,-0.25312614,0.25312614
1997-09-29,15.8,16.31,0.5124998,0.5124998
1997-09-30,15.200001,15.8,0.59687424,0.59687424
1997-10-01,16.900002,15.23,-1.673439,1.673439
1997-10-02,15.700001,16.66,0.95624924,0.95624924
1997-10-03,15.5,15.59,0.09375,0.09375
1997-10-04,14.6,15.7,1.1031246,1.1031246
1997-10-05,15.4,14.92,-0.47812462,0.47812462
1997-10-06,14.4,15.586,1.1859379,1.1859379
1997-10-07,14.4,14.61,0.20937538,0.20937538
1997-10-08,17.7,14.85,-2.8484383,2.8484383
1997-10-09,18.0,17.17,-0.828125,0.828125
1997-10-10,14.6,17.47,2.8687496,2.8687496
1997-10-11,15.200001,14.25,-0.95000076,0.95000076
1997-10-12,12.8,15.45,2.6531248,2.6531248
1997-10-13,12.6,12.875,0.27499962,0.27499962
1997-10-14,11.1,13.25,2.1499996,2.1499996
1997-10-15,14.5,11.805,-2.6953125,2.6953125
1997-10-16,16.300001,14.87,-1.4328136,1.4328136
1997-10-17,17.400002,16.0,-1.4000015,1.4000015
1997-10-18,18.900002,16.97,-1.9312515,1.9312515
1997-10-19,18.1,17.5,-0.6000004,0.6000004
1997-10-20,17.0,17.16,0.15625,0.15625
1997-10-21,15.5,16.2,0.703125,0.703125
1997-10-22,15.200001,15.266,0.06562424,0.06562424
1997-10-23,14.3,15.055,0.7546873,0.7546873
1997-10-24,10.3,14.59,4.29375,4.29375
1997-10-25,8.6,10.69,2.0874996,2.0874996
1997-10-26,10.3,9.45,-0.8468752,0.8468752
1997-10-27,11.0,11.61,0.609375,0.609375
1997-10-28,7.7,11.48,3.7765627,3.7765627
1997-10-29,4.6,7.844,3.24375,3.24375
1997-10-30,5.7,5.902,0.20234394,0.20234394
1997-10-31,8.1,7.25,-0.8500004,0.8500004
1997-11-01,9.0,8.47,-0.53125,0.53125
1997-11-02,7.6,8.83,1.2281251,1.2281251
1997-11-03,9.7,7.625,-2.0749998,2.0749998
1997-11-04,14.200001,10.01,-4.1921883,4.1921883
1997-11-05,13.1,13.04,-0.06093788,0.06093788
1997-11-06,12.1,11.91,-0.19375038,0.19375038
1997-11-07,10.9,11.22,0.31875038,0.31875038
1997-11-08,10.4,10.92,0.5218754,0.5218754
1997-11-09,9.8,10.29,0.4890623,0.4890623
1997-11-10,8.6,9.79,1.1890621,1.1890621
1997-11-11,8.9,8.5,-0.39999962,0.39999962
1997-11-12,9.2,9.125,-0.07499981,0.07499981
1997-11-13,8.8,9.35,0.5515623,0.5515623
1997-11-14,12.4,8.79,-3.610937,3.610937
1997-11-15,15.200001,12.266,-2.9343758,2.9343758
1997-11-16,14.8,13.78,-1.0187502,1.0187502
1997-11-17,15.200001,13.17,-2.0281258,2.0281258
1997-11-18,14.0,13.89,-0.109375,0.109375
1997-11-19,12.8,12.7,-0.09687519,0.09687519
1997-11-20,10.6,12.445,1.8453121,1.8453121
1997-11-21,8.2,10.88,2.6828127,2.6828127
1997-11-22,7.0,8.72,1.71875,1.71875
1997-11-23,9.6,8.06,-1.5375004,1.5375004
1997-11-24,10.4,10.61,0.20937538,0.20937538
1997-11-25,11.0,10.13,-0.8671875,0.8671875
1997-11-26,10.9,10.76,-0.14218712,0.14218712
1997-11-27,11.2,10.72,-0.4812498,0.4812498
1997-11-28,11.8,11.08,-0.7218752,0.7218752
1997-11-29,10.4,11.445,1.0453129,1.0453129
1997-11-30,10.4,10.12,-0.28281212,0.28281212
1997-12-01,10.0,10.75,0.75,0.75
1997-12-02,7.4,10.17,2.771875,2.771875
1997-12-03,5.2999997,7.875,2.5750003,2.5750003
1997-12-04,5.2999997,6.41,1.1101565,1.1101565
1997-12-05,4.7999997,6.633,1.8328128,1.8328128
1997-12-06,7.6,6.004,-1.5960937,1.5960937
1997-12-07,11.3,8.17,-3.1281252,3.1281252
1997-12-08,11.400001,11.02,-0.37656307,0.37656307
1997-12-09,11.7,9.93,-1.7703123,1.7703123
1997-12-10,14.0,10.93,-3.0703125,3.0703125
1997-12-11,12.4,12.92,0.5218754,0.5218754
1997-12-12,9.1,11.11,2.0093746,2.0093746
1997-12-13,7.2,8.97,1.7687502,1.7687502
1997-12-14,5.2999997,7.945,2.6453128,2.6453128
1997-12-15,5.2999997,6.37,1.071094,1.071094
1997-12-16,2.0999994,6.473,4.372657,4.372657
1997-12-17,3.5999994,3.965,0.36484432,0.36484432
1997-12-18,11.3,5.418,-5.8820314,5.8820314
1997-12-19,9.4,11.17,1.7718754,1.7718754
1997-12-20,10.5,8.57,-1.9296875,1.9296875
1997-12-21,9.1,9.76,0.6578121,0.6578121
1997-12-22,9.7,8.7,-0.9968748,0.9968748
1997-12-23,12.2,9.4,-2.8015623,2.8015623
1997-12-24,12.8,11.62,-1.1828127,1.1828127
1997-12-25,11.7,11.5,-0.19999981,0.19999981
1997-12-26,9.7,10.76,1.0578127,1.0578127
1997-12-27,8.4,9.78,1.3812504,1.3812504
1997-12-28,7.3,8.81,1.5124998,1.5124998
1997-12-29,10.2,8.125,-2.0749998,2.0749998
1997-12-30,10.7,10.37,-0.3328123,0.3328123
1997-12-31,7.4,9.79,2.3890624,2.3890624
1998-01-01,8.3,7.4,-0.9015627,0.9015627
1998-01-02,9.9,8.68,-1.2203121,1.2203121
1998-01-03,10.9,9.41,-1.4937496,1.4937496
1998-01-04,9.1,10.586,1.4859371,1.4859371
1998-01-05,9.0,8.664,-0.3359375,0.3359375
1998-01-06,10.8,9.06,-1.7375002,1.7375002
1998-01-07,9.6,10.48,0.8765621,0.8765621
1998-01-08,12.3,9.16,-3.1437502,3.1437502
1998-01-09,12.3,12.34,0.04374981,0.04374981
1998-01-10,13.2,11.53,-1.6687498,1.6687498
1998-01-11,12.6,12.52,-0.07656288,0.07656288
1998-01-12,12.1,11.91,-0.19375038,0.19375038
1998-01-13,10.9,11.69,0.7875004,0.7875004
1998-01-14,9.0,10.87,1.8671875,1.8671875
1998-01-15,10.6,9.23,-1.3734379,1.3734379
1998-01-16,8.9,10.914,2.014063,2.014063
1998-01-17,7.8999996,8.65,0.7484379,0.7484379
1998-01-18,9.2,8.36,-0.8406248,0.8406248
1998-01-19,9.3,9.58,0.2781248,0.2781248
1998-01-20,4.9,9.305,4.4046874,4.4046874
1998-01-21,5.1,5.695,0.5953126,0.5953126
1998-01-22,4.7999997,6.555,1.7546878,1.7546878
1998-01-23,3.7999997,5.887,2.086719,2.086719
1998-01-24,5.8,5.07,-0.7296877,0.7296877
1998-01-25,5.2,6.617,1.4171877,1.4171877
1998-01-26,1.7999992,6.094,4.293751,4.293751
1998-01-27,1.6000004,3.402,1.8023434,1.8023434
1998-01-28,0.5,3.25,2.75,2.75
1998-01-29,2.1999998,2.398,0.19843769,0.19843769
1998-01-30,1.6000004,3.656,2.0562496,2.0562496
1998-01-31,3.1999998,3.148,-0.05156231,0.05156231
1998-02-01,4.1,4.27,0.16953135,0.16953135
1998-02-02,4.4,4.836,0.4359374,0.4359374
1998-02-03,4.4,5.125,0.7249999,0.7249999
1998-02-04,4.9999995,5.07,0.07031298,0.07031298
1998-02-05,7.5,5.64,-1.859375,1.859375
1998-02-06,6.8999996,7.723,0.82265663,0.82265663
1998-02-07,8.6,7.133,-1.4671879,1.4671879
1998-02-08,7.7,8.74,1.0421877,1.0421877
1998-02-09,8.6,7.9,-0.7015629,0.7015629
1998-02-10,7.8,8.71,0.9109373,0.9109373
1998-02-11,8.6,8.016,-0.5843754,0.5843754
1998-02-12,10.4,8.695,-1.7046871,1.7046871
1998-02-13,9.9,9.78,-0.11874962,0.11874962
1998-02-14,9.1,9.17,0.07187462,0.07187462
1998-02-15,12.1,9.0,-3.1000004,3.1000004
1998-02-16,9.9,11.94,2.0375004,2.0375004
1998-02-17,8.8,8.914,0.11406231,0.11406231
1998-02-18,8.4,8.76,0.35781288,0.35781288
1998-02-19,11.8,8.58,-3.2218752,3.2218752
1998-02-20,12.6,11.125,-1.4750004,1.4750004
1998-02-21,9.8,11.7,1.9031248,1.9031248
1998-02-22,8.2,9.3,1.0968752,1.0968752
1998-02-23,9.9,8.586,-1.3140621,1.3140621
1998-02-24,9.2,10.195,0.9953127,0.9953127
1998-02-25,8.2,8.875,0.6750002,0.6750002
1998-02-26,8.8,8.24,-0.5578127,0.5578127
1998-02-27,9.5,8.875,-0.625,0.625
1998-02-28,7.5,9.375,1.875,1.875
1998-03-01,7.3,7.734,0.4343748,0.4343748
1998-03-02,9.9,7.977,-1.9234371,1.9234371
1998-03-03,13.2,9.87,-3.3328123,3.3328123
1998-03-04,10.5,12.33,1.828125,1.828125
1998-03-05,9.7,9.58,-0.12187481,0.12187481
1998-03-06,11.2,9.56,-1.6374998,1.6374998
1998-03-07,11.3,11.15,-0.15156269,0.15156269
1998-03-08,9.7,10.71,1.0109377,1.0109377
1998-03-09,8.9,9.24,0.34218788,0.34218788
1998-03-10,9.4,8.87,-0.5328121,0.5328121
1998-03-11,8.8,9.63,0.8328123,0.8328123
1998-03-12,8.9,8.875,-0.024999619,0.024999619
1998-03-13,10.0,8.95,-1.046875,1.046875
1998-03-14,8.9,10.02,1.1234379,1.1234379
1998-03-15,8.7,8.695,-0.0046873093,0.0046873093
1998-03-16,8.5,8.83,0.328125,0.328125
1998-03-17,9.1,8.57,-0.5296879,0.5296879
1998-03-18,9.3,9.16,-0.14375019,0.14375019
1998-03-19,7.5,9.22,1.71875,1.71875
1998-03-20,7.8,7.734,-0.06562519,0.06562519
1998-03-21,9.4,8.44,-0.9624996,0.9624996
1998-03-22,8.6,9.586,0.9859371,0.9859371
1998-03-23,7.8,8.45,0.6531248,0.6531248
1998-03-24,8.1,8.15,0.04843712,0.04843712
1998-03-25,9.6,8.555,-1.0453129,1.0453129
1998-03-26,10.5,9.555,-0.9453125,0.9453125
1998-03-27,12.0,10.23,-1.7734375,1.7734375
1998-03-28,13.4,11.57,-1.8296871,1.8296871
1998-03-29,13.2,12.81,-0.3874998,0.3874998
1998-03-30,11.2,12.65,1.4484377,1.4484377
1998-03-31,10.9,10.72,-0.18124962,0.18124962
1998-04-01,11.8,10.96,-0.8390627,0.8390627
1998-04-02,11.3,11.64,0.3406248,0.3406248
1998-04-03,10.7,10.94,0.23750019,0.23750019
1998-04-04,10.5,10.77,0.2734375,0.2734375
1998-04-05,10.4,10.836,0.43593788,0.43593788
1998-04-06,9.4,10.69,1.2875004,1.2875004
1998-04-07,8.7,9.49,0.7921877,0.7921877
1998-04-08,7.8,8.84,1.0437498,1.0437498
1998-04-09,6.4999995,8.28,1.7812505,1.7812505
1998-04-10,6.1,7.277,1.1773438,1.1773438
1998-04-11,6.1,7.043,0.94296885,0.94296885
1998-04-12,4.6,7.027,2.4273438,2.4273438
1998-04-13,4.9,5.72,0.8187499,0.8187499
1998-04-14,5.5,5.984,0.484375,0.484375
1998-04-15,6.6,6.426,-0.17421865,0.17421865
1998-04-16,8.0,7.203,-0.796875,0.796875
1998-04-17,8.0,8.125,0.125,0.125
1998-04-18,9.3,8.05,-1.2531252,1.2531252
1998-04-19,10.3,9.336,-0.9640627,0.9640627
1998-04-20,10.0,9.95,-0.046875,0.046875
1998-04-21,11.400001,9.44,-1.9625006,1.9625006
1998-04-22,12.1,10.91,-1.1937504,1.1937504
1998-04-23,11.6,11.35,-0.24843788,0.24843788
1998-04-24,12.6,10.914,-1.6859379,1.6859379
1998-04-25,11.7,12.266,0.5656252,0.5656252
1998-04-26,10.3,11.164,0.8640623,0.8640623
1998-04-27,9.5,10.23,0.7265625,0.7265625
1998-04-28,10.5,9.7,-0.796875,0.796875
1998-04-29,10.5,10.59,0.09375,0.09375
1998-04-30,11.0,10.38,-0.6171875,0.6171875
1998-05-01,10.5,11.11,0.609375,0.609375
1998-05-02,10.3,10.31,0.012499809,0.012499809
1998-05-03,8.6,10.484,1.8843746,1.8843746
1998-05-04,10.5,8.69,-1.8125,1.8125
1998-05-05,11.7,10.914,-0.7859373,0.7859373
1998-05-06,12.0,11.08,-0.921875,0.921875
1998-05-07,13.0,11.56,-1.4375,1.4375
1998-05-08,14.0,12.64,-1.359375,1.359375
1998-05-09,13.8,13.53,-0.2687502,0.2687502
1998-05-10,17.3,13.03,-4.268749,4.268749
1998-05-11,17.1,15.95,-1.1468754,1.1468754
1998-05-12,16.2,15.91,-0.29375076,0.29375076
1998-05-13,13.5,15.08,1.578125,1.578125
1998-05-14,13.0,13.055,0.0546875,0.0546875
1998-05-15,14.1,13.28,-0.8187504,0.8187504
1998-05-16,14.3,13.74,-0.5578127,0.5578127
1998-05-17,13.4,14.31,0.9125004,0.9125004
1998-05-18,14.700001,13.36,-1.3406258,1.3406258
1998-05-19,15.0,14.555,-0.4453125,0.4453125
1998-05-20,14.4,14.64,0.24062538,0.24062538
1998-05-21,14.6,14.42,-0.17812538,0.17812538
1998-05-22,13.900001,14.41,0.5062494,0.5062494
1998-05-23,13.2,13.91,0.7062502,0.7062502
1998-05-24,13.900001,13.516,-0.38437557,0.38437557
1998-05-25,13.8,14.266,0.4656248,0.4656248
1998-05-26,13.2,13.92,0.7218752,0.7218752
1998-05-27,11.900001,13.484,1.5843744,1.5843744
1998-05-28,11.3,12.41,1.1062498,1.1062498
1998-05-29,12.3,12.02,-0.2765627,0.2765627
1998-05-30,12.6,12.95,0.35312462,0.35312462
1998-05-31,13.700001,13.086,-0.61406326,0.61406326
1998-06-01,13.2,14.01,0.8078127,0.8078127
1998-06-02,14.900001,13.3,-1.6031256,1.6031256
1998-06-03,14.5,14.71,0.2109375,0.2109375
1998-06-04,14.5,14.15,-0.3515625,0.3515625
1998-06-05,17.400002,14.19,-3.2125015,3.2125015
1998-06-06,16.1,16.38,0.27499962,0.27499962
1998-06-07,14.8,15.47,0.6687498,0.6687498
1998-06-08,15.4,14.58,-0.8218746,0.8218746
1998-06-09,15.6,15.266,-0.33437538,0.33437538
1998-06-10,14.200001,15.266,1.0656242,1.0656242
1998-06-11,11.7,14.17,2.4718752,2.4718752
1998-06-12,13.1,12.24,-0.8578129,0.8578129
1998-06-13,14.200001,13.664,-0.53593826,0.53593826
1998-06-14,13.6,14.39,0.7906246,0.7906246
1998-06-15,13.700001,13.94,0.23749924,0.23749924
1998-06-16,13.2,13.81,0.6125002,0.6125002
1998-06-17,14.1,13.39,-0.7093754,0.7093754
1998-06-18,17.0,14.2,-2.796875,2.796875
1998-06-19,21.7,16.55,-5.153126,5.153126
1998-06-20,24.400002,18.52,-5.8843765,5.8843765
1998-06-21,16.8,19.89,3.0906258,3.0906258
1998-06-22,14.900001,15.24,0.34218693,0.34218693
1998-06-23,16.8,15.28,-1.5187492,1.5187492
1998-06-24,15.3,16.48,1.1843748,1.1843748
1998-06-25,14.6,15.23,0.6265621,0.6265621
1998-06-26,15.1,15.086,-0.0140628815,0.0140628815
1998-06-27,14.900001,15.3,0.39687443,0.39687443
1998-06-28,15.1,14.84,-0.25625038,0.25625038
1998-06-29,15.5,15.31,-0.1875,0.1875
1998-06-30,15.700001,15.484,-0.21562576,0.21562576
1998-07-01,15.3,15.55,0.24687481,0.24687481
1998-07-02,14.900001,15.22,0.31874943,0.31874943
1998-07-03,15.5,14.945,-0.5546875,0.5546875
1998-07-04,15.4,15.3,-0.10312462,0.10312462
1998-07-05,15.700001,15.41,-0.29375076,0.29375076
1998-07-06,15.9,15.8,-0.10312462,0.10312462
1998-07-07,15.200001,15.95,0.75312424,0.75312424
1998-07-08,15.8,15.22,-0.5812502,0.5812502
1998-07-09,16.0,15.89,-0.109375,0.109375
1998-07-10,16.0,15.95,-0.046875,0.046875
1998-07-11,16.4,15.94,-0.46249962,0.46249962
1998-07-12,16.8,16.25,-0.54999924,0.54999924
1998-07-13,14.700001,16.62,1.9249992,1.9249992
1998-07-14,15.0,14.68,-0.3203125,0.3203125
1998-07-15,15.4,15.3,-0.10312462,0.10312462
1998-07-16,16.2,15.484,-0.71562576,0.71562576
1998-07-17,16.5,16.2,-0.296875,0.296875
1998-07-18,16.5,16.39,-0.109375,0.109375
1998-07-19,18.1,16.45,-1.6468754,1.6468754
1998-07-20,18.6,17.48,-1.1156254,1.1156254
1998-07-21,15.5,17.86,2.359375,2.359375
1998-07-22,17.3,15.125,-2.1749992,2.1749992
1998-07-23,16.5,17.06,0.5625,0.5625
1998-07-24,15.3,16.28,0.9812498,0.9812498
1998-07-25,14.900001,15.516,0.6156244,0.6156244
1998-07-26,15.8,15.22,-0.5812502,0.5812502
1998-07-27,16.300001,16.0,-0.30000114,0.30000114
1998-07-28,16.5,16.22,-0.28125,0.28125
1998-07-29,17.1,16.5,-0.6000004,0.6000004
1998-07-30,15.700001,16.86,1.1593742,1.1593742
1998-07-31,15.3,15.58,0.2781248,0.2781248
1998-08-01,15.1,15.48,0.37656212,0.37656212
1998-08-02,16.1,15.24,-0.8578129,0.8578129
1998-08-03,16.8,16.08,-0.72187424,0.72187424
1998-08-04,16.6,16.67,0.07187462,0.07187462
1998-08-05,16.1,16.55,0.44687462,0.44687462
1998-08-06,15.5,16.08,0.578125,0.578125
1998-08-07,17.3,15.61,-1.6906242,1.6906242
1998-08-08,18.0,16.98,-1.015625,1.015625
1998-08-09,20.7,17.45,-3.2468758,3.2468758
1998-08-10,20.800001,18.95,-1.8468761,1.8468761
1998-08-11,18.800001,19.02,0.21562386,0.21562386
1998-08-12,16.8,18.16,1.3562508,1.3562508
1998-08-13,15.9,16.77,0.8656254,0.8656254
1998-08-14,16.4,16.1,-0.30624962,0.30624962
1998-08-15,16.7,16.5,-0.20000076,0.20000076
1998-08-16,15.3,16.78,1.4812498,1.4812498
1998-08-17,17.2,15.55,-1.6531258,1.6531258
1998-08-18,16.7,17.12,0.42499924,0.42499924
1998-08-19,15.3,16.56,1.2624998,1.2624998
1998-08-20,16.7,15.48,-1.2234383,1.2234383
1998-08-21,18.1,16.62,-1.4750004,1.4750004
1998-08-22,17.1,17.53,0.43124962,0.43124962
1998-08-23,17.6,16.7,-0.8968754,0.8968754
1998-08-24,16.1,17.4,1.3062496,1.3062496
1998-08-25,16.2,16.02,-0.18437576,0.18437576
1998-08-26,16.300001,16.28,-0.018751144,0.018751144
1998-08-27,15.200001,16.38,1.1749992,1.1749992
1998-08-28,13.6,15.44,1.8374996,1.8374996
1998-08-29,14.8,14.125,-0.6750002,0.6750002
1998-08-30,18.1,15.25,-2.8500004,2.8500004
1998-08-31,20.2,17.53,-2.6687508,2.6687508
1998-09-01,18.800001,18.69,-0.112501144,0.112501144
1998-09-02,15.3,17.83,2.5281248,2.5281248
1998-09-03,15.9,15.125,-0.7749996,0.7749996
1998-09-04,16.8,16.0,-0.79999924,0.79999924
1998-09-05,17.1,16.47,-0.6312504,0.6312504
1998-09-06,17.6,16.98,-0.6156254,0.6156254
1998-09-07,16.900002,17.33,0.42812347,0.42812347
1998-09-08,18.4,16.83,-1.5718746,1.5718746
1998-09-09,17.900002,17.78,-0.118751526,0.118751526
1998-09-10,16.0,17.38,1.375,1.375
1998-09-11,13.700001,15.93,2.2296867,2.2296867
1998-09-12,12.7,14.18,1.4796877,1.4796877
1998-09-13,13.4,13.484,0.08437538,0.08437538
1998-09-14,13.3,13.89,0.5906248,0.5906248
1998-09-15,16.1,13.84,-2.2562504,2.2562504
1998-09-16,14.6,16.02,1.4156246,1.4156246
1998-09-17,14.5,14.39,-0.109375,0.109375
1998-09-18,15.0,14.67,-0.328125,0.328125
1998-09-19,16.0,14.97,-1.03125,1.03125
1998-09-20,16.4,15.8,-0.6031246,0.6031246
1998-09-21,16.300001,15.984,-0.31562614,0.31562614
1998-09-22,15.8,16.11,0.3093748,0.3093748
1998-09-23,16.0,15.56,-0.4375,0.4375
1998-09-24,17.3,15.91,-1.3937492,1.3937492
1998-09-25,15.700001,16.78,1.0812492,1.0812492
1998-09-26,16.8,15.414,-1.3859367,1.3859367
1998-09-27,16.1,16.53,0.43124962,0.43124962
1998-09-28,14.8,15.98,1.1765623,1.1765623
1998-09-29,13.6,14.984,1.3843746,1.3843746
1998-09-30,14.8,14.086,-0.7140627,0.7140627
1998-10-01,15.200001,15.08,-0.12187576,0.12187576
1998-10-02,13.5,15.305,1.8046875,1.8046875
1998-10-03,11.900001,13.81,1.9124994,1.9124994
1998-10-04,11.0,12.62,1.6171875,1.6171875
1998-10-05,11.5,11.96,0.4609375,0.4609375
1998-10-06,11.7,12.375,0.6750002,0.6750002
1998-10-07,12.3,12.39,0.09062481,0.09062481
1998-10-08,12.5,12.875,0.375,0.375
1998-10-09,13.3,13.01,-0.2921877,0.2921877
1998-10-10,13.1,13.71,0.6109371,0.6109371
1998-10-11,13.8,13.22,-0.5812502,0.5812502
1998-10-12,13.0,13.64,0.640625,0.640625
1998-10-13,15.1,12.805,-2.295313,2.295313
1998-10-14,15.8,14.89,-0.9093752,0.9093752
1998-10-15,14.5,15.4,0.8984375,0.8984375
1998-10-16,15.1,14.14,-0.9593754,0.9593754
1998-10-17,12.7,14.586,1.8859377,1.8859377
1998-10-18,10.6,12.64,2.0406246,2.0406246
1998-10-19,10.2,11.34,1.1437502,1.1437502
1998-10-20,12.0,11.305,-0.6953125,0.6953125
1998-10-21,15.700001,12.5,-3.2000008,3.2000008
1998-10-22,16.5,15.734,-0.765625,0.765625
1998-10-23,14.200001,16.0,1.7999992,1.7999992
1998-10-24,14.3,13.45,-0.8468752,0.8468752
1998-10-25,11.900001,14.01,2.107812,2.107812
1998-10-26,11.2,11.96,0.7609377,0.7609377
1998-10-27,14.700001,11.61,-3.0906258,3.0906258
1998-10-28,14.8,14.56,-0.23750019,0.23750019
1998-10-29,12.0,14.61,2.609375,2.609375
1998-10-30,11.900001,11.85,-0.048438072,0.048438072
1998-10-31,13.1,12.45,-0.6468754,0.6468754
1998-11-01,10.4,13.125,2.7250004,2.7250004
1998-11-02,10.9,10.57,-0.32968712,0.32968712
1998-11-03,9.8,11.79,1.9890623,1.9890623
1998-11-04,8.3,10.1,1.8015623,1.8015623
1998-11-05,8.6,8.95,0.35312462,0.35312462
1998-11-06,11.2,9.28,-1.9187498,1.9187498
1998-11-07,11.400001,11.07,-0.32968807,0.32968807
1998-11-08,15.3,11.016,-4.284375,4.284375
1998-11-09,14.5,14.6,0.1015625,0.1015625
1998-11-10,10.8,13.47,2.6687498,2.6687498
1998-11-11,9.2,10.164,0.9640627,0.9640627
1998-11-12,10.0,9.6,-0.3984375,0.3984375
1998-11-13,8.9,10.61,1.7093754,1.7093754
1998-11-14,9.3,9.125,-0.17500019,0.17500019
1998-11-15,9.6,9.74,0.14218712,0.14218712
1998-11-16,6.8999996,9.79,2.889063,2.889063
1998-11-17,6.2999997,7.58,1.2781253,1.2781253
1998-11-18,4.4,7.453,3.053125,3.053125
1998-11-19,5.3999996,5.58,0.17812538,0.17812538
1998-11-20,7.1,6.492,-0.6078124,0.6078124
1998-11-21,4.0,7.703,3.703125,3.703125
1998-11-22,3.8999996,5.164,1.2640629,1.2640629
1998-11-23,5.2999997,5.137,-0.16328096,0.16328096
1998-11-24,8.7,6.29,-2.4109373,2.4109373
1998-11-25,10.1,8.734,-1.3656254,1.3656254
1998-11-26,10.9,9.39,-1.5093746,1.5093746
1998-11-27,12.1,10.125,-1.9750004,1.9750004
1998-11-28,9.7,11.31,1.6125002,1.6125002
1998-11-29,8.9,9.1,0.20156288,0.20156288
1998-11-30,9.0,8.83,-0.171875,0.171875
1998-12-01,7.0,8.94,1.9375,1.9375
1998-12-02,6.7999997,7.43,0.6296878,0.6296878
1998-12-03,2.0999994,7.605,5.5054693,5.5054693
1998-12-04,5.5,3.781,-1.71875,1.71875
1998-12-05,6.0,7.152,1.1523438,1.1523438
1998-12-06,7.1,6.766,-0.3343749,0.3343749
1998-12-07,9.0,7.582,-1.4179688,1.4179688
1998-12-08,11.2,8.56,-2.6374998,2.6374998
1998-12-09,10.9,10.34,-0.5562496,0.5562496
1998-12-10,11.3,9.47,-1.8312502,1.8312502
1998-12-11,11.2,10.81,-0.3874998,0.3874998
1998-12-12,14.1,10.19,-3.9125004,3.9125004
1998-12-13,11.900001,13.016,1.1156244,1.1156244
1998-12-14,12.8,10.8,-2.0031252,2.0031252
1998-12-15,12.3,12.24,-0.05781269,0.05781269
1998-12-16,8.9,11.71,2.810938,2.810938
1998-12-17,10.6,8.95,-1.6468754,1.6468754
1998-12-18,10.2,11.04,0.8390627,0.8390627
1998-12-19,9.1,9.805,0.7046871,0.7046871
1998-12-20,7.1,8.81,1.7125001,1.7125001
1998-12-21,5.5,7.61,2.109375,2.109375
1998-12-22,9.3,6.37,-2.9289064,2.9289064
1998-12-23,8.3,9.586,1.2859373,1.2859373
1998-12-24,8.2,8.24,0.04218769,0.04218769
1998-12-25,11.3,8.18,-3.1203127,3.1203127
1998-12-26,11.400001,11.17,-0.22812557,0.22812557
1998-12-27,9.6,10.52,0.9234371,0.9234371
1998-12-28,6.4,9.22,2.81875,2.81875
1998-12-29,10.6,7.027,-3.5726566,3.5726566
1998-12-30,9.1,10.25,1.1499996,1.1499996
1998-12-31,8.1,8.68,0.5796871,0.5796871
1999-01-01,8.4,8.125,-0.27499962,0.27499962
1999-01-02,7.8999996,8.64,0.7406254,0.7406254
1999-01-03,11.2,8.37,-2.8328123,2.8328123
1999-01-04,13.0,11.16,-1.84375,1.84375
1999-01-05,14.0,12.16,-1.84375,1.84375
1999-01-06,13.1,12.95,-0.14687538,0.14687538
1999-01-07,9.5,11.85,2.3515625,2.3515625
1999-01-08,8.1,9.195,1.0953121,1.0953121
1999-01-09,6.1,8.7,2.603125,2.603125
1999-01-10,2.6999998,6.953,4.253125,4.253125
1999-01-11,4.1,4.285,0.18515635,0.18515635
1999-01-12,6.8999996,5.773,-1.1265621,1.1265621
1999-01-13,9.0,7.71,-1.2890625,1.2890625
1999-01-14,9.2,8.836,-0.3640623,0.3640623
1999-01-15,10.7,8.85,-1.8484373,1.8484373
1999-01-16,8.1,10.0,1.8999996,1.8999996
1999-01-17,5.7,8.06,2.3625002,2.3625002
1999-01-18,8.4,6.426,-1.9742184,1.9742184
1999-01-19,12.8,8.664,-4.1359377,4.1359377
1999-01-20,10.6,10.57,-0.029687881,0.029687881
1999-01-21,8.3,9.375,1.0749998,1.0749998
1999-01-22,9.1,8.33,-0.7718754,0.7718754
1999-01-23,9.9,9.47,-0.43124962,0.43124962
1999-01-24,10.1,9.664,-0.43593788,0.43593788
1999-01-25,10.9,9.64,-1.2593746,1.2593746
1999-01-26,8.8,10.17,1.3718748,1.3718748
1999-01-27,9.7,8.46,-1.2390623,1.2390623
1999-01-28,11.1,9.53,-1.5687504,1.5687504
1999-01-29,10.2,10.516,0.3156252,0.3156252
1999-01-30,7.6,9.6,2.0015626,2.0015626
1999-01-31,4.1,7.93,3.8296876,3.8296876
1999-02-01,5.3999996,5.16,-0.23984337,0.23984337
1999-02-02,8.5,6.625,-1.875,1.875
1999-02-03,8.2,8.6,0.4015627,0.4015627
1999-02-04,10.4,8.04,-2.360937,2.360937
1999-02-05,9.6,10.32,0.7203121,0.7203121
1999-02-06,9.5,9.0,-0.5,0.5
1999-02-07,7.4,9.1,1.7015624,1.7015624
1999-02-08,8.2,7.71,-0.4890623,0.4890623
1999-02-09,4.4,8.59,4.19375,4.19375
1999-02-10,4.6999993,5.305,0.60468817,0.60468817
1999-02-11,4.4,6.17,1.7718749,1.7718749
1999-02-12,4.4999995,5.547,1.0468755,1.0468755
1999-02-13,5.2,5.797,0.5968752,0.5968752
1999-02-14,6.2,6.137,-0.06328106,0.06328106
1999-02-15,9.5,6.87,-2.6289062,2.6289062
1999-02-16,9.2,9.24,0.04218769,0.04218769
1999-02-17,9.2,8.62,-0.5828123,0.5828123
1999-02-18,10.3,9.11,-1.1906252,1.1906252
1999-02-19,11.6,9.88,-1.7171879,1.7171879
1999-02-20,11.1,10.63,-0.46718788,0.46718788
1999-02-21,10.3,10.19,-0.11250019,0.11250019
1999-02-22,8.2,9.766,1.5656252,1.5656252
1999-02-23,9.1,8.32,-0.7796879,0.7796879
1999-02-24,10.0,9.49,-0.5078125,0.5078125
1999-02-25,8.9,9.64,0.7406254,0.7406254
1999-02-26,10.0,8.52,-1.4765625,1.4765625
1999-02-27,8.7,10.125,1.4250002,1.4250002
1999-02-28,9.8,8.38,-1.4171877,1.4171877
1999-03-01,12.2,9.914,-2.2859373,2.2859373
1999-03-02,12.0,11.77,-0.2265625,0.2265625
1999-03-03,8.8,11.03,2.2312498,2.2312498
1999-03-04,7.2,8.61,1.4093752,1.4093752
1999-03-05,6.2,8.03,1.8312502,1.8312502
1999-03-06,6.0,7.023,1.0234375,1.0234375
1999-03-07,6.0,6.984,0.984375,0.984375
1999-03-08,8.1,6.93,-1.1703129,1.1703129
1999-03-09,7.4,8.375,0.9749999,0.9749999
1999-03-10,7.6,7.883,0.2828126,0.2828126
1999-03-11,10.3,7.984,-2.3156252,2.3156252
1999-03-12,10.8,10.23,-0.5734377,0.5734377
1999-03-13,9.5,9.96,0.4609375,0.4609375
1999-03-14,7.6,9.13,1.5328126,1.5328126
1999-03-15,7.8,7.953,0.15312481,0.15312481
1999-03-16,7.8999996,8.375,0.47500038,0.47500038
1999-03-17,8.4,8.22,-0.18124962,0.18124962
1999-03-18,7.7,8.44,0.7375002,0.7375002
1999-03-19,8.9,7.92,-0.9781246,0.9781246
1999-03-20,8.2,9.16,0.9562502,0.9562502
1999-03-21,9.3,8.375,-0.9250002,0.9250002
1999-03-22,9.6,9.34,-0.25625038,0.25625038
1999-03-23,10.0,9.24,-0.7578125,0.7578125
1999-03-24,9.5,9.51,0.0078125,0.0078125
1999-03-25,8.6,9.17,0.5718746,0.5718746
1999-03-26,8.4,8.625,0.22500038,0.22500038
1999-03-27,8.8,8.625,-0.17500019,0.17500019
1999-03-28,8.8,8.96,0.16093731,0.16093731
1999-03-29,12.0,8.73,-3.2734375,3.2734375
1999-03-30,11.900001,11.984,0.08437443,0.08437443
1999-03-31,14.5,11.125,-3.375,3.375
1999-04-01,12.8,13.7,0.9031248,0.9031248
1999-04-02,11.7,11.98,0.2765627,0.2765627
1999-04-03,13.700001,11.2,-2.4968758,2.4968758
1999-04-04,14.0,12.92,-1.078125,1.078125
1999-04-05,13.0,13.44,0.4375,0.4375
1999-04-06,12.6,12.45,-0.14687538,0.14687538
1999-04-07,10.9,12.555,1.6546879,1.6546879
1999-04-08,11.2,10.836,-0.3640623,0.3640623
1999-04-09,10.7,11.57,0.8703127,0.8703127
1999-04-10,10.9,10.93,0.029687881,0.029687881
1999-04-11,10.6,10.99,0.39218712,0.39218712
1999-04-12,10.4,10.85,0.45156288,0.45156288
1999-04-13,8.7,10.95,2.2531252,2.2531252
1999-04-14,6.2999997,8.805,2.5046878,2.5046878
1999-04-15,7.0,7.12,0.12109375,0.12109375
1999-04-16,5.5,8.055,2.5546875,2.5546875
1999-04-17,7.8,6.56,-1.2414064,1.2414064
1999-04-18,7.8999996,8.37,0.46718788,0.46718788
1999-04-19,8.7,8.02,-0.6765623,0.6765623
1999-04-20,12.4,8.72,-3.6812496,3.6812496
1999-04-21,11.5,11.8,0.296875,0.296875
1999-04-22,11.3,10.89,-0.4093752,0.4093752
1999-04-23,10.5,10.984,0.484375,0.484375
1999-04-24,11.1,10.516,-0.5843754,0.5843754
1999-04-25,11.3,10.8,-0.5031252,0.5031252
1999-04-26,11.5,11.08,-0.421875,0.421875
1999-04-27,12.0,11.32,-0.6796875,0.6796875
1999-04-28,12.2,11.76,-0.4421873,0.4421873
1999-04-29,11.5,11.734,0.234375,0.234375
1999-04-30,13.3,11.195,-2.1046877,2.1046877
1999-05-01,12.7,13.125,0.4250002,0.4250002
1999-05-02,12.9,12.234,-0.6656246,0.6656246
1999-05-03,13.8,12.18,-1.6203127,1.6203127
1999-05-04,13.5,13.23,-0.2734375,0.2734375
1999-05-05,14.200001,12.87,-1.3328133,1.3328133
1999-05-06,15.0,13.56,-1.4375,1.4375
1999-05-07,14.1,14.69,0.5874996,0.5874996
1999-05-08,14.0,13.69,-0.3125,0.3125
1999-05-09,15.6,13.77,-1.8265629,1.8265629
1999-05-10,14.200001,15.2,1.0031242,1.0031242
1999-05-11,14.1,13.79,-0.31093788,0.31093788
1999-05-12,13.4,14.12,0.7171879,0.7171879
1999-05-13,12.4,13.484,1.0843754,1.0843754
1999-05-14,12.7,12.695,-0.0046873093,0.0046873093
1999-05-15,12.6,13.2,0.6031246,0.6031246
1999-05-16,12.2,13.0,0.8000002,0.8000002
1999-05-17,11.900001,12.52,0.6234369,0.6234369
1999-05-18,13.5,12.48,-1.0234375,1.0234375
1999-05-19,12.5,13.94,1.4375,1.4375
1999-05-20,13.0,12.59,-0.40625,0.40625
1999-05-21,14.0,13.3,-0.703125,0.703125
1999-05-22,13.0,14.04,1.0390625,1.0390625
1999-05-23,13.4,12.9,-0.5015621,0.5015621
1999-05-24,14.6,13.5,-1.1000004,1.1000004
1999-05-25,13.3,14.43,1.1296873,1.1296873
1999-05-26,14.200001,13.03,-1.1687508,1.1687508
1999-05-27,16.5,14.16,-2.34375,2.34375
1999-05-28,16.8,15.875,-0.92499924,0.92499924
1999-05-29,17.400002,16.05,-1.3531265,1.3531265
1999-05-30,14.3,16.53,2.2312498,2.2312498
1999-05-31,15.6,13.8,-1.8031254,1.8031254
1999-06-01,16.0,15.26,-0.7421875,0.7421875
1999-06-02,14.700001,15.67,0.97187424,0.97187424
1999-06-03,14.6,14.69,0.08749962,0.08749962
1999-06-04,13.900001,14.64,0.7406244,0.7406244
1999-06-05,12.2,14.25,2.0500002,2.0500002
1999-06-06,13.5,12.695,-0.8046875,0.8046875
1999-06-07,12.0,13.95,1.953125,1.953125
1999-06-08,12.5,12.22,-0.28125,0.28125
1999-06-09,13.6,13.12,-0.48281288,0.48281288
1999-06-10,13.900001,14.016,0.11562443,0.11562443
1999-06-11,13.6,14.17,0.5718746,0.5718746
1999-06-12,13.2,13.59,0.3937502,0.3937502
1999-06-13,13.700001,13.516,-0.18437576,0.18437576
1999-06-14,14.0,13.65,-0.3515625,0.3515625
1999-06-15,15.0,14.09,-0.90625,0.90625
1999-06-16,15.6,14.88,-0.7171879,0.7171879
1999-06-17,15.200001,15.23,0.026561737,0.026561737
1999-06-18,15.4,14.87,-0.5328121,0.5328121
1999-06-19,16.2,15.18,-1.0203133,1.0203133
1999-06-20,15.3,15.66,0.3562498,0.3562498
1999-06-21,13.8,14.95,1.1531248,1.1531248
1999-06-22,14.3,13.95,-0.3468752,0.3468752
1999-06-23,14.700001,14.55,-0.15312576,0.15312576
1999-06-24,16.900002,14.8,-2.1031265,2.1031265
1999-06-25,19.3,16.61,-2.6906242,2.6906242
1999-06-26,17.1,17.92,0.8218746,0.8218746
1999-06-27,14.700001,16.33,1.6281242,1.6281242
1999-06-28,15.5,14.7,-0.796875,0.796875
1999-06-29,16.4,15.61,-0.7906246,0.7906246
1999-06-30,15.700001,16.1,0.39374924,0.39374924
1999-07-01,17.7,15.74,-1.9578133,1.9578133
1999-07-02,20.5,17.28,-3.21875,3.21875
1999-07-03,17.7,18.86,1.1593742,1.1593742
1999-07-04,18.1,16.9,-1.1937504,1.1937504
1999-07-05,16.2,17.7,1.5031242,1.5031242
1999-07-06,16.8,15.97,-0.83124924,0.83124924
1999-07-07,17.400002,16.62,-0.7750015,0.7750015
1999-07-08,18.1,17.1,-1.0062504,1.0062504
1999-07-09,18.900002,17.75,-1.1500015,1.1500015
1999-07-10,17.6,18.17,0.5718746,0.5718746
1999-07-11,17.900002,17.36,-0.5406265,0.5406265
1999-07-12,17.800001,17.61,-0.19062614,0.19062614
1999-07-13,17.5,17.4,-0.09375,0.09375
1999-07-14,17.2,17.28,0.08124924,0.08124924
1999-07-15,16.900002,17.03,0.13124847,0.13124847
1999-07-16,16.7,16.94,0.23749924,0.23749924
1999-07-17,16.8,16.7,-0.09687424,0.09687424
1999-07-18,16.300001,16.83,0.52812386,0.52812386
1999-07-19,18.800001,16.45,-2.3468761,2.3468761
1999-07-20,18.300001,18.08,-0.22187614,0.22187614
1999-07-21,16.1,17.69,1.5874996,1.5874996
1999-07-22,15.3,16.05,0.7468748,0.7468748
1999-07-23,15.4,15.625,0.22500038,0.22500038
1999-07-24,17.5,15.61,-1.890625,1.890625
1999-07-25,19.5,17.23,-2.265625,2.265625
1999-07-26,19.0,18.45,-0.546875,0.546875
1999-07-27,18.800001,18.16,-0.64375114,0.64375114
1999-07-28,18.2,18.22,0.018749237,0.018749237
1999-07-29,18.900002,17.78,-1.1187515,1.1187515
1999-07-30,16.8,18.16,1.3562508,1.3562508
1999-07-31,16.900002,16.56,-0.33750153,0.33750153
1999-08-01,17.6,16.98,-0.6156254,0.6156254
1999-08-02,17.7,17.42,-0.27812576,0.27812576
1999-08-03,18.4,17.56,-0.8374996,0.8374996
1999-08-04,17.6,17.98,0.38437462,0.38437462
1999-08-05,19.0,17.38,-1.625,1.625
1999-08-06,17.800001,18.28,0.48124886,0.48124886
1999-08-07,19.0,17.33,-1.671875,1.671875
1999-08-08,18.0,18.3,0.296875,0.296875
1999-08-09,17.900002,17.53,-0.36875153,0.36875153
1999-08-10,16.900002,17.75,0.8499985,0.8499985
1999-08-11,16.1,16.88,0.7749996,0.7749996
1999-08-12,16.900002,16.33,-0.5718765,0.5718765
1999-08-13,17.400002,16.92,-0.47812653,0.47812653
1999-08-14,16.2,17.27,1.0656242,1.0656242
1999-08-15,15.8,16.28,0.4812498,0.4812498
1999-08-16,15.5,16.03,0.53125,0.53125
1999-08-17,15.700001,15.72,0.018749237,0.018749237
1999-08-18,15.8,15.83,0.02812481,0.02812481
1999-08-19,15.700001,15.95,0.25312424,0.25312424
1999-08-20,14.900001,15.875,0.9749994,0.9749994
1999-08-21,17.7,15.125,-2.5750008,2.5750008
1999-08-22,19.400002,17.36,-2.0406265,2.0406265
1999-08-23,17.6,18.28,0.6812496,0.6812496
1999-08-24,19.8,17.08,-2.7218742,2.7218742
1999-08-25,19.6,18.58,-1.0218754,1.0218754
1999-08-26,17.3,18.45,1.1531258,1.1531258
1999-08-27,16.7,16.94,0.23749924,0.23749924
1999-08-28,16.6,16.81,0.21249962,0.21249962
1999-08-29,17.800001,16.77,-1.0343761,1.0343761
1999-08-30,16.300001,17.55,1.2468739,1.2468739
1999-08-31,15.9,16.31,0.41250038,0.41250038
1999-09-01,16.0,16.22,0.21875,0.21875
1999-09-02,17.6,16.1,-1.5062504,1.5062504
1999-09-03,16.5,17.34,0.84375,0.84375
1999-09-04,16.7,16.28,-0.41875076,0.41875076
1999-09-05,17.1,16.7,-0.39687538,0.39687538
1999-09-06,16.2,16.86,0.65937424,0.65937424
1999-09-07,17.5,16.17,-1.328125,1.328125
1999-09-08,19.6,17.28,-2.3187504,2.3187504
1999-09-09,15.6,18.5,2.8999996,2.8999996
1999-09-10,19.900002,15.06,-4.8375015,4.8375015
1999-09-11,18.4,18.8,0.39687538,0.39687538
1999-09-12,15.200001,17.56,2.3624992,2.3624992
1999-09-13,13.4,15.22,1.8187504,1.8187504
1999-09-14,13.2,14.18,0.9796877,0.9796877
1999-09-15,13.700001,13.94,0.23749924,0.23749924
1999-09-16,16.1,14.06,-2.0375004,2.0375004
1999-09-17,14.8,15.95,1.1531248,1.1531248
1999-09-18,15.9,14.625,-1.2749996,1.2749996
1999-09-19,15.0,15.805,0.8046875,0.8046875
1999-09-20,14.700001,14.984,0.28437424,0.28437424
1999-09-21,15.4,14.85,-0.5484371,0.5484371
1999-09-22,17.6,15.18,-2.420313,2.420313
1999-09-23,17.1,17.03,-0.06875038,0.06875038
1999-09-24,17.5,16.52,-0.984375,0.984375
1999-09-25,15.700001,17.2,1.5031242,1.5031242
1999-09-26,14.900001,15.43,0.5296869,0.5296869
1999-09-27,15.0,15.04,0.0390625,0.0390625
1999-09-28,15.4,15.1,-0.29843712,0.29843712
1999-09-29,16.300001,15.59,-0.70625114,0.70625114
1999-09-30,14.8,16.22,1.4187498,1.4187498
1999-10-01,15.3,14.89,-0.4093752,0.4093752
1999-10-02,14.1,15.516,1.4156246,1.4156246
1999-10-03,12.3,14.28,1.9812498,1.9812498
1999-10-04,11.1,12.89,1.7906246,1.7906246
1999-10-05,10.1,12.03,1.9312496,1.9312496
1999-10-06,10.5,11.18,0.6796875,0.6796875
1999-10-07,11.3,11.7,0.4031248,0.4031248
1999-10-08,14.4,12.09,-2.3062496,2.3062496
1999-10-09,14.8,14.68,-0.12031269,0.12031269
1999-10-10,15.3,14.414,-0.8859377,0.8859377
1999-10-11,13.2,14.75,1.5500002,1.5500002
1999-10-12,11.7,12.92,1.2218752,1.2218752
1999-10-13,12.4,11.89,-0.5093746,0.5093746
1999-10-14,14.200001,12.5,-1.7000008,1.7000008
1999-10-15,14.6,14.13,-0.46718788,0.46718788
1999-10-16,13.700001,14.42,0.72187424,0.72187424
1999-10-17,12.8,13.586,0.7859373,0.7859373
1999-10-18,12.1,12.81,0.7124996,0.7124996
1999-10-19,9.5,12.44,2.9375,2.9375
1999-10-20,10.7,9.92,-0.7781248,0.7781248
1999-10-21,13.2,11.66,-1.5437498,1.5437498
1999-10-22,13.900001,13.05,-0.8531256,0.8531256
1999-10-23,14.1,14.12,0.017187119,0.017187119
1999-10-24,11.1,13.58,2.4781246,2.4781246
1999-10-25,11.400001,11.07,-0.32968807,0.32968807
1999-10-26,11.6,11.695,0.09531212,0.09531212
1999-10-27,12.9,11.77,-1.1265621,1.1265621
1999-10-28,14.3,13.11,-1.1906252,1.1906252
1999-10-29,15.200001,14.44,-0.76250076,0.76250076
1999-10-30,13.8,14.89,1.0906248,1.0906248
1999-10-31,13.2,13.336,0.13593769,0.13593769
1999-11-01,14.700001,13.15,-1.5515633,1.5515633
1999-11-02,12.0,14.19,2.1875,2.1875
1999-11-03,10.2,11.7,1.5031252,1.5031252
1999-11-04,11.1,11.07,-0.029687881,0.029687881
1999-11-05,11.6,11.87,0.26718712,0.26718712
1999-11-06,10.3,11.86,1.5593748,1.5593748
1999-11-07,11.900001,10.766,-1.1343756,1.1343756
1999-11-08,12.5,12.42,-0.078125,0.078125
1999-11-09,12.3,12.18,-0.12031269,0.12031269
1999-11-10,11.6,12.38,0.7828121,0.7828121
1999-11-11,11.0,11.79,0.7890625,0.7890625
1999-11-12,9.6,11.22,1.6187496,1.6187496
1999-11-13,10.9,9.98,-0.9234371,0.9234371
1999-11-14,11.8,11.66,-0.14375019,0.14375019
1999-11-15,10.3,11.38,1.0828123,1.0828123
1999-11-16,9.6,10.45,0.8531246,0.8531246
1999-11-17,9.8,9.89,0.09062481,0.09062481
1999-11-18,10.5,10.34,-0.15625,0.15625
1999-11-19,8.1,10.73,2.626562,2.626562
1999-11-20,7.8,8.18,0.3796873,0.3796873
1999-11-21,4.9,8.36,3.459375,3.459375
1999-11-22,8.2,5.88,-2.3210936,2.3210936
1999-11-23,10.1,9.09,-1.0062504,1.0062504
1999-11-24,10.3,9.66,-0.6437502,0.6437502
1999-11-25,11.8,9.68,-2.1203127,2.1203127
1999-11-26,10.9,11.61,0.7093754,0.7093754
1999-11-27,11.2,10.56,-0.6374998,0.6374998
1999-11-28,12.7,10.9,-1.8015623,1.8015623
1999-11-29,11.6,12.57,0.9703121,0.9703121
1999-11-30,10.4,10.84,0.44375038,0.44375038
1999-12-01,11.900001,10.52,-1.3765631,1.3765631
1999-12-02,10.2,12.0,1.8000002,1.8000002
1999-12-03,10.6,9.74,-0.8578129,0.8578129
1999-12-04,8.5,10.83,2.328125,2.328125
1999-12-05,8.1,8.46,0.36093712,0.36093712
1999-12-06,10.7,8.664,-2.0359373,2.0359373
1999-12-07,11.1,10.81,-0.28750038,0.28750038
1999-12-08,9.9,10.3,0.39687538,0.39687538
1999-12-09,8.1,9.42,1.3218746,1.3218746
1999-12-10,9.9,8.414,-1.4859371,1.4859371
1999-12-11,12.5,10.29,-2.2109375,2.2109375
1999-12-12,9.4,11.5,2.1000004,2.1000004
1999-12-13,8.9,8.83,-0.07187462,0.07187462
1999-12-14,6.7000003,8.97,2.2687497,2.2687497
1999-12-15,6.6,7.297,0.6968751,0.6968751
1999-12-16,8.2,7.516,-0.6843748,0.6843748
1999-12-17,10.6,8.59,-2.0062504,2.0062504
1999-12-18,12.7,10.516,-2.1843748,2.1843748
1999-12-19,7.2,12.016,4.815625,4.815625
1999-12-20,2.5999994,7.215,4.6148443,4.6148443
1999-12-21,9.1,4.11,-4.9906254,4.9906254
1999-12-22,10.7,9.5,-1.1999998,1.1999998
1999-12-23,9.4,8.66,-0.7437496,0.7437496
1999-12-24,12.1,8.59,-3.5062504,3.5062504
1999-12-25,10.0,11.43,1.4296875,1.4296875
1999-12-26,8.8,9.15,0.3484373,0.3484373
1999-12-27,7.1,8.92,1.8218751,1.8218751
1999-12-28,6.6,7.582,0.98203135,0.98203135
1999-12-29,7.0,7.246,0.24609375,0.24609375
1999-12-30,8.4,7.65,-0.7515621,0.7515621
1999-12-31,10.4,8.52,-1.8765621,1.8765621
