DATE,TEMPERATURE_REELLE,TEMPERATURE_TCN,TEMPERATURE_PERSISTANCE,ERREUR_TCN
1994-01-30,3.1,2.133,3.1,-0.9671874
1994-01-31,4.0,4.816,3.1,0.81640625
1994-02-01,3.5000005,3.3,4.0,-0.19921923
1994-02-02,7.9000006,5.348,3.5000005,-2.5523443
1994-02-03,8.0,7.254,7.9000006,-0.74609375
1994-02-04,4.8,6.508,8.0,1.7078123
1994-02-05,4.8,3.727,4.8,-1.0734377
1994-02-06,3.9000006,3.977,4.8,0.07656193
1994-02-07,3.1,2.824,3.9000006,-0.27578115
1994-02-08,2.5,3.691,3.1,1.1914062
1994-02-09,5.2000003,1.773,2.5,-3.4265628
1994-02-10,4.9,7.688,5.2000003,2.7875
1994-02-11,1.3000002,3.938,4.9,2.6374998
1994-02-12,1.500001,0.797,1.3000002,-0.70312595
1994-02-13,-1.0999994,2.07,1.500001,3.170312
1994-02-14,0.3000002,-1.008,-1.0999994,-1.3078127
1994-02-15,5.3,1.07,0.3000002,-4.2296877
1994-02-16,1.0,5.93,5.3,4.9296875
1994-02-17,0.8000002,0.3516,1.0,-0.4484377
1994-02-18,3.2000003,1.234,0.8000002,-1.9656253
1994-02-19,4.7000003,4.656,3.2000003,-0.043750286
1994-02-20,6.5000005,4.113,4.7000003,-2.3867192
1994-02-21,4.2000003,5.902,6.5000005,1.7023435
1994-02-22,9.1,4.68,4.2000003,-4.420313
1994-02-23,7.5000005,8.1,9.1,0.601562
1994-02-24,9.0,5.58,7.5000005,-3.421875
1994-02-25,9.8,7.457,9.0,-2.342969
1994-02-26,11.400001,8.125,9.8,-3.2750006
1994-02-27,9.3,9.766,11.400001,0.4656248
1994-02-28,8.8,7.47,9.3,-1.3312502
1994-03-01,6.7000003,7.56,8.8,0.85859346
1994-03-02,7.5000005,5.273,6.7000003,-2.226563
1994-03-03,8.700001,7.188,7.5000005,-1.5125008
1994-03-04,5.8000007,7.207,8.700001,1.4070306
1994-03-05,9.400001,6.71,5.8000007,-2.689063
1994-03-06,7.9000006,9.33,9.400001,1.4281244
1994-03-07,8.1,6.52,7.9000006,-1.5804691
1994-03-08,9.5,7.43,8.1,-2.0703125
1994-03-09,11.8,9.35,9.5,-2.4484377
1994-03-10,8.8,11.055,11.8,2.2546873
1994-03-11,8.3,7.39,8.8,-0.9093752
1994-03-12,8.1,9.44,8.3,1.3374996
1994-03-13,8.400001,6.99,8.1,-1.4117193
1994-03-14,9.3,9.484,8.400001,0.18437481
1994-03-15,9.3,8.53,9.3,-0.7687502
1994-03-16,7.8,8.41,9.3,0.6062498
1994-03-17,7.1000004,7.906,7.8,0.8062496
1994-03-18,8.0,6.324,7.1000004,-1.6757812
1994-03-19,9.0,7.22,8.0,-1.78125
1994-03-20,10.400001,7.47,9.0,-2.9312506
1994-03-21,9.1,9.41,10.400001,0.30624962
1994-03-22,9.400001,8.31,9.1,-1.0875006
1994-03-23,11.0,8.336,9.400001,-2.6640625
1994-03-24,13.400001,9.66,11.0,-3.7437506
1994-03-25,14.200001,11.96,13.400001,-2.2390633
1994-03-26,8.3,12.09,14.200001,3.7937498
1994-03-27,6.6000004,6.03,8.3,-0.5687504
1994-03-28,11.1,8.16,6.6000004,-2.9437504
1994-03-29,11.700001,11.85,11.1,0.15156174
1994-03-30,14.200001,10.1,11.700001,-4.0984383
1994-03-31,13.200001,12.55,14.200001,-0.65312576
1994-04-01,9.200001,12.7,13.200001,3.5031242
1994-04-02,3.4000006,9.67,9.200001,6.2718744
1994-04-03,4.7000003,3.395,3.4000006,-1.305469
1994-04-04,7.2000003,6.008,4.7000003,-1.1921878
1994-04-05,5.2000003,6.36,7.2000003,1.1593747
1994-04-06,6.1000004,5.367,5.2000003,-0.7328129
1994-04-07,6.2,6.57,6.1000004,0.3703127
1994-04-08,6.8,4.996,6.2,-1.8039064
1994-04-09,4.8,7.08,6.8,2.2781248
1994-04-10,4.0,4.47,4.8,0.46875
1994-04-11,4.7000003,4.777,4.0,0.077343464
1994-04-12,7.1000004,5.81,4.7000003,-1.2914066
1994-04-13,7.5000005,8.016,7.1000004,0.5156245
1994-04-14,4.1000004,6.8,7.5000005,2.7007809
1994-04-15,2.4000006,3.781,4.1000004,1.3812494
1994-04-16,5.6000004,3.223,2.4000006,-2.3773441
1994-04-17,6.7000003,7.617,5.6000004,0.9171872
1994-04-18,5.2000003,7.34,6.7000003,2.1398435
1994-04-19,6.2,5.688,5.2000003,-0.5124998
1994-04-20,9.5,8.18,6.2,-1.3203125
1994-04-21,10.0,10.73,9.5,0.7265625
1994-04-22,12.5,9.03,10.0,-3.46875
1994-04-23,12.1,13.21,12.5,1.1109371
1994-04-24,10.900001,11.586,12.1,0.6859369
1994-04-25,9.6,10.28,10.900001,0.6812496
1994-04-26,11.1,9.6,9.6,-1.4984379
1994-04-27,12.200001,11.04,11.1,-1.1609383
1994-04-28,13.8,12.21,12.200001,-1.5890627
1994-04-29,16.400002,13.51,13.8,-2.892189
1994-04-30,17.800001,14.64,16.400002,-3.1593761
1994-05-01,14.6,15.3,17.800001,0.6968746
1994-05-02,12.8,11.25,14.6,-1.5500002
1994-05-03,17.0,12.445,12.8,-4.5546875
1994-05-04,11.8,15.75,17.0,3.9499998
1994-05-05,10.1,9.66,11.8,-0.44375038
1994-05-06,12.900001,9.98,10.1,-2.923438
1994-05-07,15.1,12.15,12.900001,-2.951563
1994-05-08,10.700001,13.06,15.1,2.3624992
1994-05-09,10.700001,10.11,10.700001,-0.59062576
1994-05-10,12.5,10.984,10.700001,-1.515625
1994-05-11,14.1,12.9,12.5,-1.2015629
1994-05-12,12.6,13.97,14.1,1.3687496
1994-05-13,16.2,12.625,12.6,-3.5750008
1994-05-14,14.6,15.41,16.2,0.8062496
1994-05-15,16.300001,12.695,14.6,-3.6046886
1994-05-16,13.900001,16.17,16.300001,2.2718744
1994-05-17,13.400001,11.49,13.900001,-1.9078131
1994-05-18,12.3,12.39,13.400001,0.09062481
1994-05-19,12.6,11.72,12.3,-0.8812504
1994-05-20,13.5,13.04,12.6,-0.4609375
1994-05-21,14.6,13.53,13.5,-1.0687504
1994-05-22,14.300001,13.7,14.6,-0.59687614
1994-05-23,15.400001,13.76,14.300001,-1.6421881
1994-05-24,14.6,14.91,15.400001,0.30624962
1994-05-25,14.300001,13.67,14.6,-0.62812614
1994-05-26,13.200001,14.19,14.300001,0.98749924
1994-05-27,13.5,12.64,13.200001,-0.859375
1994-05-28,14.900001,13.44,13.5,-1.4625006
1994-05-29,14.400001,14.84,14.900001,0.44374943
1994-05-30,13.5,13.984,14.400001,0.484375
1994-05-31,17.800001,14.14,13.5,-3.6593761
1994-06-01,21.5,18.6,17.800001,-2.90625
1994-06-02,16.400002,19.44,21.5,3.0374985
1994-06-03,13.400001,14.56,16.400002,1.1624994
1994-06-04,11.5,13.63,13.400001,2.1328125
1994-06-05,11.8,12.055,11.5,0.2546873
1994-06-06,14.6,12.125,11.8,-2.4750004
1994-06-07,19.2,16.6,14.6,-2.6062508
1994-06-08,17.0,18.47,19.2,1.46875
1994-06-09,12.6,15.61,17.0,3.0093746
1994-06-10,11.200001,13.05,12.6,1.8468742
1994-06-11,9.400001,11.91,11.200001,2.5062494
1994-06-12,13.3,10.625,9.400001,-2.6750002
1994-06-13,16.400002,15.625,13.3,-0.7750015
1994-06-14,17.400002,16.66,16.400002,-0.7437515
1994-06-15,17.0,17.55,17.400002,0.546875
1994-06-16,17.1,17.03,17.0,-0.06875038
1994-06-17,18.5,18.02,17.1,-0.484375
1994-06-18,20.900002,20.25,18.5,-0.6500015
1994-06-19,17.9,20.97,20.900002,3.0687504
1994-06-20,17.7,16.69,17.9,-1.0125008
1994-06-21,18.2,17.48,17.7,-0.71562576
1994-06-22,17.5,18.84,18.2,1.34375
1994-06-23,21.300001,17.88,17.5,-3.4250011
1994-06-24,24.5,20.48,21.300001,-4.015625
1994-06-25,17.9,22.56,24.5,4.6625004
1994-06-26,16.800001,17.0,17.9,0.19999886
1994-06-27,18.2,16.4,16.800001,-1.7937508
1994-06-28,22.0,19.03,18.2,-2.96875
1994-06-29,21.300001,22.22,22.0,0.91874886
1994-06-30,20.7,20.34,21.300001,-0.35625076
1994-07-01,22.900002,21.0,20.7,-1.9000015
1994-07-02,21.300001,20.56,22.900002,-0.73750114
1994-07-03,25.300001,20.61,21.300001,-4.690626
1994-07-04,23.0,23.53,25.300001,0.53125
1994-07-05,19.5,20.78,23.0,1.28125
1994-07-06,18.400002,20.31,19.5,1.9124985
1994-07-07,16.7,18.95,18.400002,2.2531242
1994-07-08,17.0,17.5,16.7,0.5
1994-07-09,16.0,17.22,17.0,1.21875
1994-07-10,18.7,17.53,16.0,-1.1687508
1994-07-11,22.1,20.58,18.7,-1.5218754
1994-07-12,23.800001,22.03,22.1,-1.7687511
1994-07-13,24.099998,23.38,23.800001,-0.7249985
1994-07-14,23.1,23.25,24.099998,0.14999962
1994-07-15,22.3,21.4,23.1,-0.89374924
1994-07-16,24.0,21.72,22.3,-2.28125
1994-07-17,24.800001,23.38,24.0,-1.4250011
1994-07-18,20.0,23.12,24.800001,3.125
1994-07-19,18.2,19.22,20.0,1.0187492
1994-07-20,19.1,17.56,18.2,-1.5375004
1994-07-21,20.400002,19.42,19.1,-0.9781265
1994-07-22,22.2,20.97,20.400002,-1.2312508
1994-07-23,23.5,22.03,22.2,-1.46875
1994-07-24,23.5,20.9,23.5,-2.59375
1994-07-25,22.0,20.62,23.5,-1.375
1994-07-26,23.5,21.48,22.0,-2.015625
1994-07-27,25.1,22.44,23.5,-2.6625004
1994-07-28,22.5,23.48,25.1,0.984375
1994-07-29,23.7,21.78,22.5,-1.9187508
1994-07-30,22.0,22.03,23.7,0.03125
1994-07-31,21.400002,18.42,22.0,-2.9781265
1994-08-01,19.5,20.77,21.400002,1.265625
1994-08-02,21.1,18.9,19.5,-2.1937504
1994-08-03,24.900002,21.56,21.1,-3.3375015
1994-08-04,25.800001,23.83,24.900002,-1.9718761
1994-08-05,24.5,23.62,25.800001,-0.875
1994-08-06,24.7,22.64,24.5,-2.0593758
1994-08-07,23.900002,22.62,24.7,-1.2750015
1994-08-08,22.600002,21.7,23.900002,-0.8968773
1994-08-09,24.400002,22.69,22.600002,-1.7125015
1994-08-10,19.5,22.08,24.400002,2.578125
1994-08-11,17.1,19.72,19.5,2.6187496
1994-08-12,17.6,17.1,17.1,-0.5062504
1994-08-13,16.400002,17.69,17.6,1.2874985
1994-08-14,16.800001,17.52,16.400002,0.71562386
1994-08-15,17.2,17.89,16.800001,0.69062424
1994-08-16,17.800001,17.84,17.2,0.043748856
1994-08-17,16.5,19.0,17.800001,2.5
1994-08-18,17.7,16.4,16.5,-1.2937508
1994-08-19,17.6,17.28,17.7,-0.31875038
1994-08-20,20.1,17.36,17.6,-2.7406254
1994-08-21,21.300001,19.19,20.1,-2.1125011
1994-08-22,20.6,19.64,21.300001,-0.9593754
1994-08-23,19.3,19.03,20.6,-0.26874924
1994-08-24,16.400002,18.23,19.3,1.8343735
1994-08-25,15.700001,16.83,16.400002,1.1281242
1994-08-26,18.1,16.81,15.700001,-1.2875004
1994-08-27,19.600002,18.16,18.1,-1.4437523
1994-08-28,16.900002,19.11,19.600002,2.2093735
1994-08-29,15.400001,16.94,16.900002,1.5374994
1994-08-30,17.3,16.45,15.400001,-0.84687424
1994-08-31,16.300001,18.03,17.3,1.7312489
1994-09-01,16.5,15.78,16.300001,-0.71875
1994-09-02,14.6,15.1,16.5,0.5015621
1994-09-03,13.3,14.37,14.6,1.0671873
1994-09-04,16.900002,15.13,13.3,-1.767189
1994-09-05,16.5,17.16,16.900002,0.65625
1994-09-06,19.5,16.3,16.5,-3.203125
1994-09-07,14.8,16.88,19.5,2.0749998
1994-09-08,13.0,14.445,14.8,1.4453125
1994-09-09,14.200001,13.445,13.0,-0.75468826
1994-09-10,15.900001,14.36,14.200001,-1.5406256
1994-09-11,16.6,16.1,15.900001,-0.5062504
1994-09-12,17.2,15.63,16.6,-1.5671883
1994-09-13,13.5,15.766,17.2,2.265625
1994-09-14,12.700001,14.6,13.5,1.9015617
1994-09-15,10.6,13.15,12.700001,2.548437
1994-09-16,9.6,11.19,10.6,1.5874996
1994-09-17,8.6,10.61,9.6,2.0093746
1994-09-18,8.5,8.836,8.6,0.3359375
1994-09-19,8.5,8.055,8.5,-0.4453125
1994-09-20,11.400001,11.32,8.5,-0.07968807
1994-09-21,12.400001,11.47,11.400001,-0.9312506
1994-09-22,14.0,12.16,12.400001,-1.84375
1994-09-23,16.900002,13.61,14.0,-3.2906265
1994-09-24,17.1,15.85,16.900002,-1.2484379
1994-09-25,15.200001,15.914,17.1,0.71406174
1994-09-26,14.300001,15.305,15.200001,1.0046864
1994-09-27,14.1,14.03,14.300001,-0.06875038
1994-09-28,13.1,13.664,14.1,0.5640621
1994-09-29,14.1,13.56,13.1,-0.5375004
1994-09-30,14.300001,14.91,14.1,0.60624886
1994-10-01,16.800001,13.89,14.300001,-2.9093761
1994-10-02,16.800001,15.484,16.800001,-1.3156261
1994-10-03,14.1,16.05,16.800001,1.9468746
1994-10-04,9.3,14.195,14.1,4.8953123
1994-10-05,6.3,9.6,9.3,3.3015623
1994-10-06,6.8,8.414,6.3,1.6140623
1994-10-07,6.7000003,8.98,6.8,2.2765622
1994-10-08,7.6000004,6.95,6.7000003,-0.65078163
1994-10-09,9.700001,7.594,7.6000004,-2.1062508
1994-10-10,13.700001,11.61,9.700001,-2.0906258
1994-10-11,15.300001,13.26,13.700001,-2.0421886
1994-10-12,15.300001,13.664,15.300001,-1.6359386
1994-10-13,14.8,14.625,15.300001,-0.17500019
1994-10-14,15.200001,14.875,14.8,-0.32500076
1994-10-15,12.3,15.0,15.200001,2.6999998
1994-10-16,12.0,12.83,12.3,0.828125
1994-10-17,11.1,13.54,12.0,2.439062
1994-10-18,11.900001,9.66,11.1,-2.2437506
1994-10-19,12.0,10.96,11.900001,-1.0390625
1994-10-20,11.200001,11.45,12.0,0.25312424
1994-10-21,11.3,10.88,11.200001,-0.4171877
1994-10-22,13.700001,11.78,11.3,-1.9187508
1994-10-23,13.1,13.95,13.700001,0.8531246
1994-10-24,10.8,12.94,13.1,2.1374998
1994-10-25,10.5,11.39,10.8,0.890625
1994-10-26,8.900001,11.48,10.5,2.576562
1994-10-27,9.8,9.74,8.900001,-0.05781269
1994-10-28,7.6000004,11.1,9.8,3.501562
1994-10-29,9.0,7.273,7.6000004,-1.7265625
1994-10-30,13.8,12.01,9.0,-1.7921877
1994-10-31,14.400001,11.54,13.8,-2.860938
1994-11-01,9.6,11.01,14.400001,1.4078121
1994-11-02,11.0,8.06,9.6,-2.9375
1994-11-03,14.400001,11.99,11.0,-2.407813
1994-11-04,14.6,13.12,14.400001,-1.4828129
1994-11-05,13.0,12.97,14.6,-0.03125
1994-11-06,9.5,11.91,13.0,2.40625
1994-11-07,8.6,8.18,9.5,-0.42031288
1994-11-08,10.0,10.695,8.6,0.6953125
1994-11-09,10.0,11.6,10.0,1.6015625
1994-11-10,10.1,8.766,10.0,-1.3343754
1994-11-11,8.400001,8.37,10.1,-0.032813072
1994-11-12,8.200001,7.37,8.400001,-0.828907
1994-11-13,9.8,10.94,8.200001,1.1374998
1994-11-14,10.8,9.695,9.8,-1.1046877
1994-11-15,11.3,9.58,10.8,-1.7218752
1994-11-16,9.1,11.06,11.3,1.9624996
1994-11-17,7.1000004,7.805,9.1,0.7046871
1994-11-18,10.0,7.05,7.1000004,-2.9492188
1994-11-19,13.200001,11.25,10.0,-1.9500008
1994-11-20,11.8,10.22,13.200001,-1.5812502
1994-11-21,10.700001,9.68,11.8,-1.0203133
1994-11-22,10.3,8.8,10.700001,-1.5031252
1994-11-23,5.8000007,8.77,10.3,2.9734368
1994-11-24,7.4000006,4.855,5.8000007,-2.5445318
1994-11-25,9.1,9.695,7.4000006,0.5953121
1994-11-26,7.7000003,7.492,9.1,-0.20781279
1994-11-27,9.700001,6.96,7.7000003,-2.7390633
1994-11-28,6.9000006,8.3,9.700001,1.3968744
1994-11-29,7.5000005,5.094,6.9000006,-2.4062505
1994-11-30,6.4000006,7.01,7.5000005,0.6117182
1994-12-01,4.6000004,7.164,6.4000006,2.564062
1994-12-02,7.5000005,4.52,4.6000004,-2.9804692
1994-12-03,11.700001,8.8,7.5000005,-2.9031258
1994-12-04,13.6,9.98,11.700001,-3.623438
1994-12-05,11.6,10.83,13.6,-0.7718754
1994-12-06,7.2000003,10.28,11.6,3.0812497
1994-12-07,7.2000003,5.35,7.2000003,-1.8484378
1994-12-08,8.8,7.086,7.2000003,-1.7140627
1994-12-09,10.8,8.65,8.8,-2.1515627
1994-12-10,10.200001,8.18,10.8,-2.0203133
1994-12-11,11.3,7.504,10.200001,-3.796094
1994-12-12,10.6,9.41,11.3,-1.1937504
1994-12-13,7.2000003,7.367,10.6,0.16718721
1994-12-14,6.5000005,5.49,7.2000003,-1.0117192
1994-12-15,0.3000002,5.59,6.5000005,5.2898436
1994-12-16,3.1,1.078,0.3000002,-2.021875
1994-12-17,6.2,5.418,3.1,-0.78203106
1994-12-18,5.0000005,4.75,6.2,-0.25000048
1994-12-19,5.0000005,6.42,5.0000005,1.4218745
1994-12-20,3.7000003,5.242,5.0000005,1.5421872
1994-12-21,1.9000006,2.598,3.7000003,0.6976557
1994-12-22,0.8999996,2.148,1.9000006,1.2484379
1994-12-23,0.5,0.797,0.8999996,0.296875
1994-12-24,-0.3000002,0.633,0.5,0.9328127
1994-12-25,-1.0999994,-0.5625,-0.3000002,0.5374994
1994-12-26,2.7000003,-1.586,-1.0999994,-4.285938
1994-12-27,9.3,5.445,2.7000003,-3.8546877
1994-12-28,10.700001,8.54,9.3,-2.1609383
1994-12-29,10.1,8.91,10.700001,-1.1937504
1994-12-30,6.5000005,8.88,10.1,2.382812
1994-12-31,5.9,3.645,6.5000005,-2.2554688
1995-01-01,2.4000006,4.484,5.9,2.0843744
1995-01-02,0.0,2.387,2.4000006,2.3867188
1995-01-03,-0.5999994,-0.09375,0.0,0.5062494
1995-01-04,-2.6999998,-0.6797,-0.5999994,2.0203123
1995-01-05,-4.7,-1.9375,-2.6999998,2.7624998
1995-01-06,0.3000002,-3.102,-4.7,-3.4015627
1995-01-07,1.3999996,1.648,0.3000002,0.24843788
1995-01-08,2.1000004,0.883,1.3999996,-1.2171879
1995-01-09,4.6000004,2.656,2.1000004,-1.9437504
1995-01-10,6.9000006,3.734,4.6000004,-3.1656256
1995-01-11,5.5,6.066,6.9000006,0.56640625
1995-01-12,1.0,4.523,5.5,3.5234375
1995-01-13,0.3000002,1.1875,1.0,0.8874998
1995-01-14,2.2000003,1.625,0.3000002,-0.5750003
1995-01-15,3.3000002,2.031,2.2000003,-1.2687502
1995-01-16,2.2000003,2.898,3.3000002,0.6984372
1995-01-17,7.0000005,3.64,2.2000003,-3.3593755
1995-01-18,6.1000004,7.945,7.0000005,1.8453121
1995-01-19,6.6000004,5.477,6.1000004,-1.1234379
1995-01-20,7.6000004,6.695,6.6000004,-0.9046879
1995-01-21,6.3,6.242,7.6000004,-0.05781269
1995-01-22,11.400001,6.016,6.3,-5.3843756
1995-01-23,7.0000005,9.34,11.400001,2.3437495
1995-01-24,5.8000007,5.684,7.0000005,-0.11640692
1995-01-25,11.5,4.887,5.8000007,-6.6132812
1995-01-26,8.3,9.62,11.5,1.3171873
1995-01-27,5.2000003,6.9,8.3,1.6984372
1995-01-28,8.900001,4.785,5.2000003,-4.1148443
1995-01-29,9.6,8.03,8.900001,-1.5687504
1995-01-30,7.0000005,7.688,9.6,0.6874995
1995-01-31,2.9000006,5.47,7.0000005,2.5687494
1995-02-01,8.6,4.062,2.9000006,-4.5375004
1995-02-02,6.5000005,7.906,8.6,1.4062495
1995-02-03,2.2000003,4.277,6.5000005,2.0773435
1995-02-04,7.8,3.59,2.2000003,-4.2101564
1995-02-05,10.1,8.12,7.8,-1.9828129
1995-02-06,8.700001,8.414,10.1,-0.28593826
1995-02-07,6.2,6.984,8.700001,0.7843752
1995-02-08,8.5,6.29,6.2,-2.2109375
1995-02-09,7.6000004,6.836,8.5,-0.7640629
1995-02-10,6.9000006,5.207,7.6000004,-1.6929693
1995-02-11,8.8,6.56,6.9000006,-2.2414064
1995-02-12,9.6,7.47,8.8,-2.1312504
1995-02-13,8.8,7.5,9.6,-1.3000002
1995-02-14,7.7000003,7.61,8.8,-0.090625286
1995-02-15,12.200001,7.08,7.7000003,-5.121876
1995-02-16,9.5,10.21,12.200001,0.7109375
1995-02-17,8.200001,7.727,9.5,-0.47343826
1995-02-18,5.3,6.89,8.200001,1.5906248
1995-02-19,7.7000003,4.523,5.3,-3.1765628
1995-02-20,10.900001,7.555,7.7000003,-3.345313
1995-02-21,6.4000006,9.48,10.900001,3.076562
1995-02-22,2.2000003,4.434,6.4000006,2.2335935
1995-02-23,5.0000005,4.062,2.2000003,-0.9375005
1995-02-24,9.200001,5.117,5.0000005,-4.0828133
1995-02-25,8.3,9.58,9.200001,1.2781248
1995-02-26,3.8000002,7.477,8.3,3.6765623
1995-02-27,1.9000006,2.95,3.8000002,1.0492182
1995-02-28,6.0000005,4.008,1.9000006,-1.992188
1995-03-01,6.9000006,7.383,6.0000005,0.48281193
1995-03-02,6.3,6.734,6.9000006,0.4343748
1995-03-03,4.4,6.74,6.3,2.3382812
1995-03-04,1.6999998,4.03,4.4,2.3312502
1995-03-05,4.2000003,2.316,1.6999998,-1.883594
1995-03-06,3.8000002,5.44,4.2000003,1.641406
1995-03-07,4.4,2.238,3.8000002,-2.1617188
1995-03-08,5.1,5.68,4.4,0.5796876
1995-03-09,4.7000003,4.207,5.1,-0.49296904
1995-03-10,8.400001,4.414,4.7000003,-3.985938
1995-03-11,9.8,8.17,8.400001,-1.6281252
1995-03-12,8.6,8.37,9.8,-0.23281288
1995-03-13,7.3,8.3,8.6,0.9968748
1995-03-14,4.7000003,6.14,7.3,1.4406247
1995-03-15,6.2,7.188,4.7000003,0.9875002
1995-03-16,5.4000006,5.605,6.2,0.20546818
1995-03-17,9.700001,7.656,5.4000006,-2.0437508
1995-03-18,10.200001,9.875,9.700001,-0.32500076
1995-03-19,7.7000003,9.34,10.200001,1.6437497
1995-03-20,4.0,7.695,7.7000003,3.6953125
1995-03-21,2.9000006,5.39,4.0,2.4906244
1995-03-22,4.8,4.1,2.9000006,-0.6984377
1995-03-23,7.2000003,5.895,4.8,-1.305469
1995-03-24,9.200001,7.945,7.2000003,-1.2546883
1995-03-25,8.3,9.68,9.200001,1.3796873
1995-03-26,9.8,7.305,8.3,-2.4953127
1995-03-27,5.8000007,10.15,9.8,4.348437
1995-03-28,2.4000006,6.61,5.8000007,4.2093744
1995-03-29,5.3,4.797,2.4000006,-0.5031252
1995-03-30,2.2000003,5.15,5.3,2.9484372
1995-03-31,3.7000003,3.387,2.2000003,-0.31328154
1995-04-01,9.700001,7.176,3.7000003,-2.5242195
1995-04-02,12.0,9.93,9.700001,-2.0703125
1995-04-03,12.5,9.836,12.0,-2.6640625
1995-04-04,12.8,11.04,12.5,-1.7609377
1995-04-05,10.400001,11.414,12.8,1.0140619
1995-04-06,11.900001,8.58,10.400001,-3.3218756
1995-04-07,11.900001,11.22,11.900001,-0.6812506
1995-04-08,8.5,10.71,11.900001,2.2109375
1995-04-09,6.0000005,6.086,8.5,0.08593702
1995-04-10,6.9000006,7.305,6.0000005,0.40468693
1995-04-11,9.1,8.195,6.9000006,-0.9046879
1995-04-12,10.1,9.484,9.1,-0.6156254
1995-04-13,8.700001,9.58,10.1,0.87812424
1995-04-14,7.8,8.39,8.700001,0.5906248
1995-04-15,7.3,8.16,7.8,0.8562498
1995-04-16,7.2000003,9.29,7.3,2.0890622
1995-04-17,9.0,7.637,7.2000003,-1.3632812
1995-04-18,10.700001,9.17,9.0,-1.5281258
1995-04-19,6.0000005,10.23,10.700001,4.226562
1995-04-20,5.8000007,6.71,6.0000005,0.91093683
1995-04-21,6.5000005,6.965,5.8000007,0.46484327
1995-04-22,8.5,7.316,6.5000005,-1.1835938
1995-04-23,7.3,8.23,8.5,0.9265623
1995-04-24,7.3,7.406,7.3,0.10624981
1995-04-25,7.6000004,8.36,7.3,0.7593746
1995-04-26,9.1,7.844,7.6000004,-1.2562504
1995-04-27,10.200001,9.055,9.1,-1.1453133
1995-04-28,12.200001,9.87,10.200001,-2.3328133
1995-04-29,11.700001,12.586,12.200001,0.88593674
1995-04-30,11.700001,12.2,11.700001,0.50312424
1995-05-01,12.0,10.586,11.700001,-1.4140625
1995-05-02,15.1,13.3,12.0,-1.8031254
1995-05-03,17.5,15.05,15.1,-2.453125
1995-05-04,18.800001,16.31,17.5,-2.4875011
1995-05-05,18.900002,16.56,18.800001,-2.3375015
1995-05-06,18.3,15.92,18.900002,-2.3781242
1995-05-07,18.0,15.86,18.3,-2.140625
1995-05-08,18.0,16.56,18.0,-1.4375
1995-05-09,13.0,15.95,18.0,2.953125
1995-05-10,12.400001,11.17,13.0,-1.2281256
1995-05-11,13.3,12.05,12.400001,-1.2531252
1995-05-12,10.700001,12.33,13.3,1.6281242
1995-05-13,5.0000005,9.28,10.700001,4.2812495
1995-05-14,6.7000003,6.496,5.0000005,-0.20390654
1995-05-15,8.8,8.65,6.7000003,-0.15156269
1995-05-16,12.1,10.95,8.8,-1.1468754
1995-05-17,12.6,12.91,12.1,0.30624962
1995-05-18,10.3,12.22,12.6,1.9187498
1995-05-19,9.200001,10.86,10.3,1.6593742
1995-05-20,9.5,9.72,9.200001,0.21875
1995-05-21,11.3,11.58,9.5,0.2781248
1995-05-22,13.400001,12.76,11.3,-0.6421881
1995-05-23,17.1,14.95,13.400001,-2.1468754
1995-05-24,15.6,17.36,17.1,1.7593746
1995-05-25,13.8,14.94,15.6,1.1374998
1995-05-26,14.400001,13.266,13.8,-1.1343756
1995-05-27,17.0,14.19,14.400001,-2.8125
1995-05-28,20.1,17.38,17.0,-2.7250004
1995-05-29,15.700001,19.4,20.1,3.7062492
1995-05-30,13.5,14.61,15.700001,1.109375
1995-05-31,12.5,13.23,13.5,0.7265625
1995-06-01,13.6,12.45,12.5,-1.1468754
1995-06-02,14.1,14.07,13.6,-0.029687881
1995-06-03,13.400001,14.02,14.1,0.6234369
1995-06-04,14.5,13.35,13.400001,-1.1484375
1995-06-05,13.1,14.484,14.5,1.3843746
1995-06-06,13.700001,13.3,13.1,-0.40312576
1995-06-07,14.8,14.266,13.700001,-0.5343752
1995-06-08,14.400001,16.14,14.8,1.7406244
1995-06-09,14.0,14.25,14.400001,0.25
1995-06-10,12.3,14.22,14.0,1.9187498
1995-06-11,11.1,13.4,12.3,2.298437
1995-06-12,10.700001,11.69,11.1,0.98749924
1995-06-13,11.400001,11.664,10.700001,0.26406193
1995-06-14,10.3,12.39,11.400001,2.0906248
1995-06-15,11.5,11.87,10.3,0.3671875
1995-06-16,15.6,13.484,11.5,-2.1156254
1995-06-17,16.800001,17.75,15.6,0.94999886
1995-06-18,15.6,17.73,16.800001,2.1343746
1995-06-19,18.6,16.03,15.6,-2.5687504
1995-06-20,21.2,17.97,18.6,-3.2312508
1995-06-21,20.7,20.8,21.2,0.09687424
1995-06-22,16.0,18.84,20.7,2.84375
1995-06-23,12.6,16.33,16.0,3.7281246
1995-06-24,14.8,13.54,12.6,-1.2609377
1995-06-25,17.800001,16.22,14.8,-1.5812511
1995-06-26,21.2,19.36,17.800001,-1.8406258
1995-06-27,21.6,21.75,21.2,0.14999962
1995-06-28,23.0,20.95,21.6,-2.046875
1995-06-29,22.8,22.44,23.0,-0.36249924
1995-06-30,23.600002,21.22,22.8,-2.3812523
1995-07-01,21.7,23.42,23.600002,1.7218742
1995-07-02,19.600002,21.06,21.7,1.4624977
1995-07-03,17.1,19.12,19.600002,2.0249996
1995-07-04,16.7,16.75,17.1,0.049999237
1995-07-05,17.3,17.5,16.7,0.20000076
1995-07-06,18.0,19.03,17.3,1.03125
1995-07-07,20.3,19.14,18.0,-1.1593742
1995-07-08,23.7,21.12,20.3,-2.5750008
1995-07-09,25.1,23.25,23.7,-1.8500004
1995-07-10,25.2,23.14,25.1,-2.0593758
1995-07-11,20.8,23.06,25.2,2.2625008
1995-07-12,21.0,19.72,20.8,-1.28125
1995-07-13,23.1,21.31,21.0,-1.7875004
1995-07-14,20.8,23.05,23.1,2.2468758
1995-07-15,19.2,21.1,20.8,1.8937492
1995-07-16,18.2,18.5,19.2,0.29999924
1995-07-17,19.0,18.2,18.2,-0.796875
1995-07-18,20.8,20.55,19.0,-0.25312424
1995-07-19,23.400002,20.72,20.8,-2.6812515
1995-07-20,27.400002,23.34,23.400002,-4.0562515
1995-07-21,28.000002,24.7,27.400002,-3.296877
1995-07-22,18.7,23.98,28.000002,5.284374
1995-07-23,17.9,17.33,18.7,-0.5718746
1995-07-24,21.1,19.53,17.9,-1.5687504
1995-07-25,25.0,21.94,21.1,-3.0625
1995-07-26,24.400002,24.34,25.0,-0.056251526
1995-07-27,20.0,20.97,24.400002,0.96875
1995-07-28,19.3,20.47,20.0,1.1687508
1995-07-29,21.5,19.44,19.3,-2.0625
1995-07-30,22.600002,21.33,21.5,-1.2718773
1995-07-31,20.5,22.1,22.600002,1.59375
1995-08-01,22.600002,17.94,20.5,-4.6625023
1995-08-02,25.7,21.95,22.600002,-3.7468758
1995-08-03,24.900002,23.89,25.7,-1.0093765
1995-08-04,24.2,22.95,24.900002,-1.2468758
1995-08-05,25.0,23.92,24.2,-1.078125
1995-08-06,20.400002,23.16,25.0,2.7562485
1995-08-07,18.1,20.5,20.400002,2.3999996
1995-08-08,15.1,17.81,18.1,2.7124996
1995-08-09,17.9,16.25,15.1,-1.6499996
1995-08-10,21.300001,18.44,17.9,-2.8625011
1995-08-11,23.5,21.4,21.300001,-2.09375
1995-08-12,23.2,21.75,23.5,-1.4500008
1995-08-13,20.7,20.84,23.2,0.14374924
1995-08-14,18.800001,20.25,20.7,1.4499989
1995-08-15,18.5,18.6,18.800001,0.09375
1995-08-16,19.7,19.16,18.5,-0.54375076
1995-08-17,20.2,19.69,19.7,-0.51250076
1995-08-18,19.400002,19.11,20.2,-0.29062653
1995-08-19,21.6,20.58,19.400002,-1.0218754
1995-08-20,20.900002,20.47,21.6,-0.43125153
1995-08-21,20.900002,19.06,20.900002,-1.8375015
1995-08-22,20.8,21.03,20.900002,0.23125076
1995-08-23,19.8,20.45,20.8,0.65312576
1995-08-24,18.5,18.28,19.8,-0.21875
1995-08-25,18.400002,17.2,18.5,-1.1968765
1995-08-26,19.2,18.6,18.400002,-0.60625076
1995-08-27,17.2,17.83,19.2,0.62812424
1995-08-28,14.400001,17.8,17.2,3.3968744
1995-08-29,14.400001,15.83,14.400001,1.4281244
1995-08-30,13.900001,16.19,14.400001,2.2874994
1995-08-31,11.8,14.484,13.900001,2.6843748
1995-09-01,12.700001,13.44,11.8,0.73749924
1995-09-02,13.3,13.484,12.700001,0.18437481
1995-09-03,14.400001,14.91,13.3,0.5062494
1995-09-04,13.200001,14.3,14.400001,1.0968742
1995-09-05,14.0,13.25,13.200001,-0.75
1995-09-06,16.6,13.6,14.0,-2.998438
1995-09-07,18.0,17.47,16.6,-0.53125
1995-09-08,16.5,17.25,18.0,0.75
1995-09-09,16.300001,15.53,16.5,-0.76875114
1995-09-10,16.800001,15.875,16.300001,-0.92500114
1995-09-11,16.2,16.34,16.800001,0.14374924
1995-09-12,13.5,15.93,16.2,2.4296875
1995-09-13,12.8,13.67,13.5,0.8718748
1995-09-14,13.3,13.49,12.8,0.19218731
1995-09-15,14.0,14.445,13.3,0.4453125
1995-09-16,13.3,14.02,14.0,0.7234373
1995-09-17,14.0,13.086,13.3,-0.9140625
1995-09-18,15.900001,14.03,14.0,-1.8687506
1995-09-19,14.0,15.64,15.900001,1.640625
1995-09-20,12.6,13.3,14.0,0.6968746
1995-09-21,10.900001,12.23,12.6,1.3265619
1995-09-22,11.200001,10.75,10.900001,-0.45000076
1995-09-23,12.1,12.97,11.200001,0.8687496
1995-09-24,12.3,13.47,12.1,1.1687498
1995-09-25,9.3,12.84,12.3,3.5437498
1995-09-26,11.400001,9.79,9.3,-1.6109381
1995-09-27,12.6,13.016,11.400001,0.41562462
1995-09-28,8.700001,13.41,12.6,4.706249
1995-09-29,6.8,9.34,8.700001,2.5437498
1995-09-30,10.0,8.29,6.8,-1.7109375
1995-10-01,15.1,12.9,10.0,-2.201563
1995-10-02,16.300001,14.27,15.1,-2.0265636
1995-10-03,18.3,16.9,16.300001,-1.3937492
1995-10-04,17.5,16.6,18.3,-0.90625
1995-10-05,13.3,16.02,17.5,2.7156248
1995-10-06,12.5,12.81,13.3,0.3125
1995-10-07,15.0,13.63,12.5,-1.3671875
1995-10-08,16.5,14.766,15.0,-1.734375
1995-10-09,16.1,15.83,16.5,-0.27187538
1995-10-10,15.6,14.84,16.1,-0.7562504
1995-10-11,15.200001,14.67,15.6,-0.52812576
1995-10-12,14.6,14.516,15.200001,-0.08437538
1995-10-13,15.5,14.63,14.6,-0.8671875
1995-10-14,15.6,14.34,15.5,-1.2562504
1995-10-15,14.300001,13.91,15.6,-0.39375114
1995-10-16,12.3,13.36,14.300001,1.0593748
1995-10-17,14.0,12.8,12.3,-1.203125
1995-10-18,14.5,13.92,14.0,-0.578125
1995-10-19,11.6,14.63,14.5,3.032812
1995-10-20,9.700001,10.79,11.6,1.0890617
1995-10-21,10.1,10.32,9.700001,0.22031212
1995-10-22,7.5000005,11.875,10.1,4.3749995
1995-10-23,13.0,9.9,7.5000005,-3.1015625
1995-10-24,15.700001,14.0,13.0,-1.7000008
1995-10-25,13.1,13.99,15.700001,0.8921871
1995-10-26,16.300001,11.41,13.1,-4.893751
1995-10-27,16.900002,14.79,16.300001,-2.110939
1995-10-28,14.700001,13.85,16.900002,-0.84843826
1995-10-29,14.1,13.24,14.700001,-0.8578129
1995-10-30,13.1,13.58,14.1,0.47812462
1995-10-31,11.8,11.6,13.1,-0.19843769
1995-11-01,9.900001,10.82,11.8,0.9203119
1995-11-02,6.2,8.625,9.900001,2.4250002
1995-11-03,5.9,6.39,6.2,0.4906249
1995-11-04,3.7000003,8.03,5.9,4.3312497
1995-11-05,0.0,3.402,3.7000003,3.4023438
1995-11-06,-1.1999998,3.223,0.0,4.422656
1995-11-07,1.6000004,2.969,-1.1999998,1.3687496
1995-11-08,1.500001,5.48,1.6000004,3.9804678
1995-11-09,5.2000003,5.566,1.500001,0.36640596
1995-11-10,11.0,6.16,5.2000003,-4.8398438
1995-11-11,16.6,12.22,11.0,-4.3812504
1995-11-12,13.3,14.12,16.6,0.8171873
1995-11-13,7.2000003,13.17,13.3,5.9718747
1995-11-14,7.9000006,7.176,7.2000003,-0.7242193
1995-11-15,10.400001,9.086,7.9000006,-1.3140631
1995-11-16,11.700001,10.63,10.400001,-1.0671883
1995-11-17,6.5000005,8.38,11.700001,1.882812
1995-11-18,-0.6999998,5.41,6.5000005,6.110156
1995-11-19,-0.8999996,0.7188,-0.6999998,1.6187496
1995-11-20,1.9000006,2.7,-0.8999996,0.7992182
1995-11-21,5.8000007,3.121,1.9000006,-2.678907
1995-11-22,8.200001,6.867,5.8000007,-1.3328133
1995-11-23,7.9000006,6.992,8.200001,-0.9078131
1995-11-24,8.400001,6.3,7.9000006,-2.0992193
1995-11-25,9.900001,9.26,8.400001,-0.6421881
1995-11-26,8.3,8.71,9.900001,0.4109373
1995-11-27,6.5000005,7.25,8.3,0.7499995
1995-11-28,3.9000006,5.785,6.5000005,1.8851557
1995-11-29,3.0,3.922,3.9000006,0.921875
1995-11-30,4.5000005,3.102,3.0,-1.398438
1995-12-01,4.2000003,5.105,4.5000005,0.90546846
1995-12-02,6.3,4.465,4.2000003,-1.8351564
1995-12-03,8.200001,7.703,6.3,-0.49687576
1995-12-04,4.7000003,6.85,8.200001,2.1515622
1995-12-05,0.20000076,4.746,4.7000003,4.546093
1995-12-06,-0.19999981,-0.547,0.20000076,-0.3468752
1995-12-07,-1.0999994,-0.0781,-0.19999981,1.0218744
1995-12-08,3.8000002,0.4531,-1.0999994,-3.3468752
1995-12-09,6.6000004,5.582,3.8000002,-1.0179691
1995-12-10,0.8000002,5.79,6.6000004,4.9890623
1995-12-11,-1.1999998,2.398,0.8000002,3.5984373
1995-12-12,0.6000004,-1.859,-1.1999998,-2.4593754
1995-12-13,-1.0,1.227,0.6000004,2.2265625
1995-12-14,-1.3000002,0.4766,-1.0,1.7765627
1995-12-15,-0.09999943,-1.898,-1.3000002,-1.7984381
1995-12-16,3.2000003,0.672,-0.09999943,-2.5281253
1995-12-17,4.9,3.621,3.2000003,-1.2789063
1995-12-18,4.6000004,4.332,4.9,-0.26796913
1995-12-19,1.500001,3.871,4.6000004,2.3710928
1995-12-20,6.5000005,2.18,1.500001,-4.320313
1995-12-21,9.400001,8.01,6.5000005,-1.3921881
1995-12-22,10.700001,7.516,9.400001,-3.1843758
1995-12-23,11.400001,9.31,10.700001,-2.0875006
1995-12-24,9.8,9.0,11.400001,-0.8000002
1995-12-25,6.5000005,6.145,9.8,-0.35546923
1995-12-26,0.8999996,4.082,6.5000005,3.1820316
1995-12-27,-2.1999998,0.5703,0.8999996,2.7703123
1995-12-28,-2.5,-2.234,-2.1999998,0.265625
1995-12-29,-0.5999994,-2.766,-2.5,-2.1656256
1995-12-30,5.4000006,-0.4531,-0.5999994,-5.8531256
1995-12-31,8.700001,6.95,5.4000006,-1.750782
1996-01-01,7.9000006,6.754,8.700001,-1.1460943
1996-01-02,6.3,7.156,7.9000006,0.8562498
1996-01-03,4.3000007,5.188,6.3,0.88749933
1996-01-04,3.3000002,2.719,4.3000007,-0.5812502
1996-01-05,5.8000007,3.562,3.3000002,-2.2375007
1996-01-06,7.4000006,5.566,5.8000007,-1.8335943
1996-01-07,8.6,6.6,7.4000006,-1.9984379
1996-01-08,8.1,6.895,8.6,-1.2054691
1996-01-09,9.900001,7.418,8.1,-2.4820318
1996-01-10,7.8,8.0,9.900001,0.19999981
1996-01-11,7.8,5.984,7.8,-1.8156252
1996-01-12,7.4000006,6.445,7.8,-0.9546881
1996-01-13,6.8,5.266,7.4000006,-1.5343752
1996-01-14,7.6000004,5.664,6.8,-1.9359379
1996-01-15,7.9000006,7.03,7.6000004,-0.8687506
1996-01-16,2.9000006,6.555,7.9000006,3.654687
1996-01-17,2.4000006,2.164,2.9000006,-0.23593807
1996-01-18,1.500001,2.54,2.4000006,1.0390615
1996-01-19,0.3000002,2.203,1.500001,1.9031248
1996-01-20,1.500001,1.469,0.3000002,-0.031250954
1996-01-21,6.1000004,2.656,1.500001,-3.4437504
1996-01-22,6.9000006,6.992,6.1000004,0.09218693
1996-01-23,6.9000006,5.664,6.9000006,-1.2359381
1996-01-24,5.9,6.215,6.9000006,0.31484365
1996-01-25,4.4,5.28,5.9,0.8812499
1996-01-26,2.0,3.625,4.4,1.625
1996-01-27,5.4000006,1.25,2.0,-4.1500006
1996-01-28,3.6,6.06,5.4000006,2.4585938
1996-01-29,5.0000005,2.746,3.6,-2.2539067
1996-01-30,1.3999996,4.727,5.0000005,3.326563
1996-01-31,-0.8000002,1.07,1.3999996,1.8703127
1996-02-01,3.3000002,0.1562,-0.8000002,-3.1437502
1996-02-02,3.7000003,4.516,3.3000002,0.8156247
1996-02-03,1.8000002,2.781,3.7000003,0.9812498
1996-02-04,0.70000076,1.75,1.8000002,1.0499992
1996-02-05,-2.1000004,0.867,0.70000076,2.967188
1996-02-06,-1.0,-2.594,-2.1000004,-1.59375
1996-02-07,2.4000006,-0.2344,-1.0,-2.6343756
1996-02-08,0.8999996,3.402,2.4000006,2.5023441
1996-02-09,1.6999998,0.4844,0.8999996,-1.2156248
1996-02-10,5.4000006,3.184,1.6999998,-2.2164068
1996-02-11,4.7000003,5.26,5.4000006,0.56171846
1996-02-12,6.7000003,3.504,4.7000003,-3.196094
1996-02-13,4.2000003,6.12,6.7000003,1.9210935
1996-02-14,1.0,2.719,4.2000003,1.71875
1996-02-15,0.3000002,0.6797,1.0,0.3796873
1996-02-16,1.9000006,0.2656,0.3000002,-1.6343756
1996-02-17,6.0000005,2.656,1.9000006,-3.3437505
1996-02-18,5.0000005,6.16,6.0000005,1.1601558
1996-02-19,1.500001,4.594,5.0000005,3.093749
1996-02-20,-2.5,1.25,1.500001,3.75
1996-02-21,-3.5999994,-1.758,-2.5,1.8421869
1996-02-22,-3.9000006,-3.938,-3.5999994,-0.037499428
1996-02-23,-0.6999998,-2.719,-3.9000006,-2.0187502
1996-02-24,5.0000005,-0.5547,-0.6999998,-5.554688
1996-02-25,8.5,5.848,5.0000005,-2.6523438
1996-02-26,7.1000004,7.367,8.5,0.26718712
1996-02-27,5.8000007,5.992,7.1000004,0.19218683
1996-02-28,6.3,5.54,5.8000007,-0.7609377
1996-02-29,5.5,5.24,6.3,-0.26171875
1996-03-01,4.2000003,3.695,5.5,-0.5046878
1996-03-02,2.6000004,4.656,4.2000003,2.0562496
1996-03-03,-0.09999943,2.086,2.6000004,2.185937
1996-03-04,0.3000002,0.4766,-0.09999943,0.17656231
1996-03-05,3.0,2.473,0.3000002,-0.52734375
1996-03-06,2.9000006,3.586,3.0,0.6859369
1996-03-07,2.3000007,2.277,2.9000006,-0.022656918
1996-03-08,6.5000005,2.922,2.3000007,-3.5781255
1996-03-09,7.0000005,5.883,6.5000005,-1.117188
1996-03-10,3.4000006,6.312,7.0000005,2.9124994
1996-03-11,1.3999996,2.996,3.4000006,1.5960941
1996-03-12,0.70000076,1.867,1.3999996,1.1671867
1996-03-13,3.0,2.48,0.70000076,-0.51953125
1996-03-14,7.1000004,4.926,3.0,-2.1742191
1996-03-15,9.200001,7.086,7.1000004,-2.1140633
1996-03-16,6.5000005,8.16,9.200001,1.6562495
1996-03-17,7.4000006,6.047,6.5000005,-1.3531256
1996-03-18,6.9000006,7.637,7.4000006,0.7367182
1996-03-19,5.3,4.992,6.9000006,-0.3078127
1996-03-20,7.3,6.35,5.3,-0.9484377
1996-03-21,9.8,7.273,7.3,-2.5265627
1996-03-22,11.5,9.23,9.8,-2.2734375
1996-03-23,13.3,10.58,11.5,-2.7218752
1996-03-24,14.5,11.984,13.3,-2.515625
1996-03-25,13.900001,13.21,14.5,-0.6890631
1996-03-26,10.200001,10.7,13.900001,0.50312424
1996-03-27,4.6000004,9.266,10.200001,4.6656246
1996-03-28,1.9000006,4.504,4.6000004,2.6039057
1996-03-29,4.0,4.594,1.9000006,0.59375
1996-03-30,3.3000002,5.387,4.0,2.0867186
1996-03-31,2.9000006,2.727,3.3000002,-0.17343807
1996-04-01,4.7000003,5.68,2.9000006,0.9796872
1996-04-02,3.1,4.887,4.7000003,1.7867188
1996-04-03,1.6999998,3.852,3.1,2.1515627
1996-04-04,3.0,2.977,1.6999998,-0.0234375
1996-04-05,4.6000004,4.844,3.0,0.24374962
1996-04-06,7.7000003,5.97,4.6000004,-1.7312503
1996-04-07,8.200001,9.09,7.7000003,0.89374924
1996-04-08,6.1000004,9.7,8.200001,3.6031246
1996-04-09,7.1000004,6.7,6.1000004,-0.40078163
1996-04-10,8.5,8.75,7.1000004,0.25
1996-04-11,10.200001,11.14,8.5,0.94062424
1996-04-12,9.1,7.69,10.200001,-1.4085941
1996-04-13,9.0,10.13,9.1,1.1328125
1996-04-14,9.3,9.43,9.0,0.12968731
1996-04-15,8.900001,8.37,9.3,-0.5328131
1996-04-16,10.8,9.11,8.900001,-1.6906252
1996-04-17,10.200001,12.12,10.8,1.9171867
1996-04-18,9.700001,9.66,10.200001,-0.043750763
1996-04-19,14.0,9.76,9.700001,-4.2421875
1996-04-20,15.5,14.97,14.0,-0.53125
1996-04-21,17.2,14.125,15.5,-3.0750008
1996-04-22,16.900002,14.68,17.2,-2.220314
1996-04-23,11.6,13.64,16.900002,2.0406246
1996-04-24,9.6,8.82,11.6,-0.7796879
1996-04-25,8.900001,7.934,9.6,-0.9664068
1996-04-26,11.900001,10.26,8.900001,-1.6421881
1996-04-27,13.400001,12.09,11.900001,-1.3062506
1996-04-28,13.400001,12.59,13.400001,-0.8062506
1996-04-29,11.200001,13.195,13.400001,1.9953117
1996-04-30,11.400001,10.484,11.200001,-0.9156256
1996-05-01,10.1,11.01,11.400001,0.9078121
1996-05-02,8.5,8.875,10.1,0.375
1996-05-03,8.900001,8.6,8.5,-0.29843807
1996-05-04,9.5,9.055,8.900001,-0.4453125
1996-05-05,11.400001,9.555,9.5,-1.8453131
1996-05-06,14.900001,11.85,11.400001,-3.048438
1996-05-07,14.200001,15.0,14.900001,0.79999924
1996-05-08,13.5,13.11,14.200001,-0.390625
1996-05-09,9.3,11.86,13.5,2.5593748
1996-05-10,8.700001,8.72,9.3,0.018749237
1996-05-11,9.8,8.72,8.700001,-1.0812502
1996-05-12,8.700001,10.13,9.8,1.4328117
1996-05-13,9.3,8.93,8.700001,-0.3703127
1996-05-14,10.3,10.19,9.3,-0.11250019
1996-05-15,11.700001,10.69,10.3,-1.0125008
1996-05-16,15.8,12.16,11.700001,-3.6437502
1996-05-17,16.0,14.81,15.8,-1.1875
1996-05-18,14.300001,14.69,16.0,0.38749886
1996-05-19,10.5,12.87,14.300001,2.3671875
1996-05-20,10.200001,10.33,10.5,0.12812424
1996-05-21,10.0,10.62,10.200001,0.6171875
1996-05-22,12.400001,9.93,10.0,-2.470313
1996-05-23,14.5,13.71,12.400001,-0.7890625
1996-05-24,17.0,14.32,14.5,-2.6796875
1996-05-25,13.3,16.23,17.0,2.9343748
1996-05-26,14.8,13.0,13.3,-1.8000002
1996-05-27,12.700001,14.7,14.8,2.0031242
1996-05-28,13.200001,12.87,12.700001,-0.33281326
1996-05-29,15.300001,13.17,13.200001,-2.1281261
1996-05-30,20.3,16.34,15.300001,-3.9562492
1996-05-31,16.400002,20.75,20.3,4.3499985
1996-06-01,13.700001,15.11,16.400002,1.4093742
1996-06-02,12.0,13.445,13.700001,1.4453125
1996-06-03,15.1,12.53,12.0,-2.5687504
1996-06-04,16.800001,15.484,15.1,-1.3156261
1996-06-05,19.3,17.58,16.800001,-1.7218742
1996-06-06,23.1,19.05,19.3,-4.0531254
1996-06-07,23.800001,21.9,23.1,-1.8937511
1996-06-08,20.2,21.6,23.800001,1.3937492
1996-06-09,20.1,18.78,20.2,-1.3187504
1996-06-10,22.2,20.1,20.1,-2.1062508
1996-06-11,22.600002,21.8,22.2,-0.8031273
1996-06-12,20.1,22.02,22.600002,1.9156246
1996-06-13,17.1,18.52,20.1,1.4156246
1996-06-14,17.6,17.72,17.1,0.11874962
1996-06-15,18.7,18.53,17.6,-0.16875076
1996-06-16,19.600002,19.72,18.7,0.11874771
1996-06-17,19.5,20.1,19.600002,0.59375
1996-06-18,20.8,19.92,19.5,-0.87812424
1996-06-19,20.3,21.44,20.8,1.1375008
1996-06-20,18.400002,21.2,20.3,2.8031235
1996-06-21,14.900001,18.53,18.400002,3.6312494
1996-06-22,11.900001,14.875,14.900001,2.9749994
1996-06-23,12.3,12.85,11.900001,0.5515623
1996-06-24,11.0,13.375,12.3,2.375
1996-06-25,12.5,12.625,11.0,0.125
1996-06-26,15.700001,14.25,12.5,-1.4500008
1996-06-27,17.9,18.44,15.700001,0.5375004
1996-06-28,19.400002,19.6,17.9,0.19374847
1996-06-29,16.6,20.52,19.400002,3.9156246
1996-06-30,16.1,16.8,16.6,0.6968746
1996-07-01,15.900001,17.72,16.1,1.8187494
1996-07-02,14.900001,16.2,15.900001,1.3031244
1996-07-03,17.400002,15.69,14.900001,-1.7125015
1996-07-04,19.1,19.12,17.400002,0.024999619
1996-07-05,16.400002,18.27,19.1,1.8656235
1996-07-06,14.200001,16.2,16.400002,2.0031242
1996-07-07,11.8,15.34,14.200001,3.5437498
1996-07-08,14.1,13.516,11.8,-0.5843754
1996-07-09,15.6,15.53,14.1,-0.06875038
1996-07-10,16.300001,17.16,15.6,0.85624886
1996-07-11,17.3,16.22,16.300001,-1.0812492
1996-07-12,18.5,18.3,17.3,-0.203125
1996-07-13,18.900002,19.56,18.5,0.6624985
1996-07-14,21.900002,19.5,18.900002,-2.4000015
1996-07-15,22.400002,22.23,21.900002,-0.16562653
1996-07-16,21.400002,20.78,22.400002,-0.6187515
1996-07-17,20.2,20.44,21.400002,0.23749924
1996-07-18,20.2,20.83,20.2,0.62812424
1996-07-19,20.3,20.72,20.2,0.41875076
1996-07-20,20.400002,20.83,20.3,0.42812347
1996-07-21,20.8,20.9,20.400002,0.10625076
1996-07-22,23.7,21.38,20.8,-2.3250008
1996-07-23,22.400002,23.28,23.7,0.8812485
1996-07-24,19.900002,20.94,22.400002,1.0374985
1996-07-25,19.400002,20.16,19.900002,0.7562485
1996-07-26,20.900002,20.28,19.400002,-0.6187515
1996-07-27,22.5,21.19,20.900002,-1.3125
1996-07-28,21.0,21.72,22.5,0.71875
1996-07-29,21.300001,21.17,21.0,-0.12812614
1996-07-30,19.0,21.55,21.300001,2.546875
1996-07-31,19.900002,18.89,19.0,-1.0093765
1996-08-01,21.0,20.5,19.900002,-0.5
1996-08-02,19.7,21.44,21.0,1.7374992
1996-08-03,20.2,20.25,19.7,0.049999237
1996-08-04,19.5,19.31,20.2,-0.1875
1996-08-05,19.1,20.25,19.5,1.1499996
1996-08-06,17.6,18.23,19.1,0.6343746
1996-08-07,16.900002,17.19,17.6,0.28749847
1996-08-08,17.800001,17.5,16.900002,-0.30000114
1996-08-09,21.5,19.62,17.800001,-1.875
1996-08-10,18.2,21.81,21.5,3.6124992
1996-08-11,17.7,17.25,18.2,-0.45000076
1996-08-12,15.200001,17.02,17.7,1.8156242
1996-08-13,16.400002,16.06,15.200001,-0.33750153
1996-08-14,16.900002,17.05,16.400002,0.14687347
1996-08-15,16.1,17.36,16.900002,1.2593746
1996-08-16,18.7,17.16,16.1,-1.5437508
1996-08-17,19.900002,19.53,18.7,-0.36875153
1996-08-18,21.2,20.25,19.900002,-0.95000076
1996-08-19,23.0,20.72,21.2,-2.28125
1996-08-20,20.900002,22.47,23.0,1.5687485
1996-08-21,18.7,19.4,20.900002,0.70624924
1996-08-22,17.6,17.44,18.7,-0.16250038
1996-08-23,17.6,17.62,17.6,0.024999619
1996-08-24,16.900002,17.6,17.6,0.6937485
1996-08-25,16.300001,16.34,16.900002,0.043748856
1996-08-26,16.800001,16.14,16.300001,-0.65937614
1996-08-27,14.8,17.34,16.800001,2.5437498
1996-08-28,13.5,15.67,14.8,2.171875
1996-08-29,14.400001,14.89,13.5,0.49062443
1996-08-30,14.8,15.61,14.400001,0.8093748
1996-08-31,14.0,14.984,14.8,0.984375
1996-09-01,13.5,15.53,14.0,2.03125
1996-09-02,14.0,14.234,13.5,0.234375
1996-09-03,15.1,14.19,14.0,-0.9125004
1996-09-04,17.1,15.07,15.1,-2.029688
1996-09-05,16.800001,16.78,17.1,-0.018751144
1996-09-06,15.400001,17.55,16.800001,2.1468744
1996-09-07,12.200001,16.5,15.400001,4.299999
1996-09-08,11.400001,14.375,12.200001,2.9749994
1996-09-09,13.200001,14.39,11.400001,1.1906242
1996-09-10,12.8,14.266,13.200001,1.4656248
1996-09-11,12.1,14.984,12.8,2.8843746
1996-09-12,12.400001,13.516,12.1,1.1156244
1996-09-13,11.1,13.96,12.400001,2.860937
1996-09-14,9.700001,10.21,11.1,0.51093674
1996-09-15,10.900001,11.19,9.700001,0.28749943
1996-09-16,12.5,13.03,10.900001,0.53125
1996-09-17,14.300001,13.67,12.5,-0.62812614
1996-09-18,12.6,15.22,14.300001,2.6187496
1996-09-19,12.0,13.3,12.6,1.296875
1996-09-20,11.3,11.98,12.0,0.6765623
1996-09-21,12.3,11.95,11.3,-0.3468752
1996-09-22,10.1,13.945,12.3,3.845312
1996-09-23,10.900001,11.06,10.1,0.16249943
1996-09-24,11.6,10.766,10.900001,-0.8343754
1996-09-25,11.5,12.13,11.6,0.6328125
1996-09-26,13.1,12.82,11.5,-0.27968788
1996-09-27,15.1,14.33,13.1,-0.7718754
1996-09-28,11.1,14.89,15.1,3.7906246
1996-09-29,12.700001,14.17,11.1,1.4718742
1996-09-30,14.8,14.94,12.700001,0.13749981
1996-10-01,11.8,15.766,14.8,3.9656248
1996-10-02,9.400001,11.54,11.8,2.139062
1996-10-03,8.900001,9.875,9.400001,0.9749994
1996-10-04,10.6,10.58,8.900001,-0.021875381
1996-10-05,7.9000006,11.17,10.6,3.2718744
1996-10-06,8.0,7.484,7.9000006,-0.515625
1996-10-07,8.5,8.95,8.0,0.453125
1996-10-08,8.1,10.76,8.5,2.657812
1996-10-09,9.8,8.09,8.1,-1.7062502
1996-10-10,11.3,11.51,9.8,0.20781231
1996-10-11,9.200001,10.91,11.3,1.7062492
1996-10-12,11.6,9.266,9.200001,-2.3343754
1996-10-13,14.700001,13.63,11.6,-1.0671883
1996-10-14,14.300001,14.16,14.700001,-0.14375114
1996-10-15,11.900001,12.42,14.300001,0.5218744
1996-10-16,9.6,11.086,11.900001,1.4859371
1996-10-17,8.400001,10.09,9.6,1.6937494
1996-10-18,9.3,9.06,8.400001,-0.23750019
1996-10-19,11.200001,12.62,9.3,1.4171867
1996-10-20,11.6,10.76,11.200001,-0.8421879
1996-10-21,13.700001,12.84,11.6,-0.85625076
1996-10-22,9.6,11.62,13.700001,2.017187
1996-10-23,11.0,10.445,9.6,-0.5546875
1996-10-24,11.700001,12.29,11.0,0.58906174
1996-10-25,11.200001,10.89,11.700001,-0.30937576
1996-10-26,11.700001,11.08,11.200001,-0.62187576
1996-10-27,12.0,10.84,11.700001,-1.15625
1996-10-28,13.6,12.45,12.0,-1.1468754
1996-10-29,10.8,12.87,13.6,2.0671873
1996-10-30,6.6000004,10.13,10.8,3.532812
1996-10-31,7.4000006,5.65,6.6000004,-1.7515631
1996-11-01,12.6,11.22,7.4000006,-1.3812504
1996-11-02,11.700001,11.99,12.6,0.29218674
1996-11-03,9.0,9.35,11.700001,0.3515625
1996-11-04,10.400001,10.06,9.0,-0.33750057
1996-11-05,8.900001,12.57,10.400001,3.670312
1996-11-06,11.0,8.47,8.900001,-2.53125
1996-11-07,11.1,11.66,11.0,0.5562496
1996-11-08,6.5000005,9.875,11.1,3.3749995
1996-11-09,5.8000007,5.6,6.5000005,-0.19843817
1996-11-10,8.0,8.44,5.8000007,0.4375
1996-11-11,9.200001,8.984,8.0,-0.21562576
1996-11-12,7.8,7.207,9.200001,-0.59296894
1996-11-13,6.9000006,6.25,7.8,-0.6500006
1996-11-14,2.5,5.152,6.9000006,2.6523438
1996-11-15,3.0,3.766,2.5,0.765625
1996-11-16,3.9000006,5.316,3.0,1.4164057
1996-11-17,3.6,4.06,3.9000006,0.45859385
1996-11-18,3.3000002,2.844,3.6,-0.4562502
1996-11-19,3.2000003,3.414,3.3000002,0.21406221
1996-11-20,5.7000003,4.6,3.2000003,-1.0984378
1996-11-21,3.2000003,4.496,5.7000003,1.2960935
1996-11-22,0.20000076,4.516,3.2000003,4.315624
1996-11-23,1.1000004,0.3125,0.20000076,-0.7875004
1996-11-24,2.3000007,2.742,1.1000004,0.44218683
1996-11-25,7.2000003,3.96,2.3000007,-3.2390628
1996-11-26,4.7000003,8.54,7.2000003,3.8390622
1996-11-27,2.9000006,4.184,4.7000003,1.2835932
1996-11-28,1.1999998,3.383,2.9000006,2.1828127
1996-11-29,6.2,1.0625,1.1999998,-5.1375
1996-11-30,7.8,8.22,6.2,0.4187498
1996-12-01,6.8,5.938,7.8,-0.8625002
1996-12-02,7.7000003,6.477,6.8,-1.2234378
1996-12-03,8.0,6.04,7.7000003,-1.9609375
1996-12-04,7.1000004,6.64,8.0,-0.45937538
1996-12-05,6.5000005,4.527,7.1000004,-1.9726567
1996-12-06,7.1000004,5.24,6.5000005,-1.8617191
1996-12-07,6.8,5.53,7.1000004,-1.2687502
1996-12-08,-0.19999981,5.664,6.8,5.8640623
1996-12-09,-0.5999994,-0.922,-0.19999981,-0.32187557
1996-12-10,-0.39999962,-0.9375,-0.5999994,-0.5375004
1996-12-11,0.8000002,-1.039,-0.39999962,-1.8390627
1996-12-12,3.5000005,1.867,0.8000002,-1.632813
1996-12-13,7.7000003,4.895,3.5000005,-2.805469
1996-12-14,2.4000006,6.434,7.7000003,4.033593
1996-12-15,-0.8999996,1.469,2.4000006,2.3687496
1996-12-16,0.5,1.008,-0.8999996,0.5078125
1996-12-17,5.7000003,1.523,0.5,-4.176563
1996-12-18,8.5,7.4,5.7000003,-1.1015625
1996-12-19,9.400001,8.59,8.5,-0.8062506
1996-12-20,8.0,7.79,9.400001,-0.2109375
1996-12-21,7.2000003,7.82,8.0,0.6203122
1996-12-22,8.6,5.25,7.2000003,-3.3500004
1996-12-23,6.0000005,6.973,8.6,0.9726558
1996-12-24,3.3000002,4.832,6.0000005,1.532031
1996-12-25,-2.0,2.66,3.3000002,4.6601562
1996-12-26,-4.8999996,-2.172,-2.0,2.7281246
1996-12-27,-6.0,-4.562,-4.8999996,1.4375
1996-12-28,-7.200001,-5.18,-6.0,2.0203133
1996-12-29,-8.1,-7.125,-7.200001,0.9750004
1996-12-30,-5.8,-6.86,-8.1,-1.0593748
1996-12-31,-6.799999,-3.305,-5.8,3.4953117
1997-01-01,-9.5,-5.547,-6.799999,3.953125
1997-01-02,-8.1,-8.2,-9.5,-0.10312462
1997-01-03,-4.8999996,-7.156,-8.1,-2.2562504
1997-01-04,-3.1999998,-4.367,-4.8999996,-1.1671877
1997-01-05,-3.5999994,-3.594,-3.1999998,0.006249428
1997-01-06,-2.1000004,-3.195,-3.5999994,-1.0953121
1997-01-07,-5.6000004,-1.391,-2.1000004,4.2093754
1997-01-08,-0.8000002,-4.906,-5.6000004,-4.10625
1997-01-09,1.9000006,0.9062,-0.8000002,-0.9937506
1997-01-10,0.3000002,1.797,1.9000006,1.4968748
1997-01-11,-0.6999998,-0.5625,0.3000002,0.13749981
1997-01-12,-3.7999992,-0.883,-0.6999998,2.9171867
1997-01-13,-3.0999994,-3.477,-3.7999992,-0.37656307
1997-01-14,-1.5,-2.016,-3.0999994,-0.515625
1997-01-15,0.70000076,0.6484,-1.5,-0.051563263
1997-01-16,3.1,2.492,0.70000076,-0.6078124
1997-01-17,4.5000005,4.19,3.1,-0.30859423
1997-01-18,4.1000004,4.855,4.5000005,0.75546837
1997-01-19,5.0000005,3.871,4.1000004,-1.1289067
1997-01-20,3.2000003,4.617,5.0000005,1.4171872
1997-01-21,5.6000004,2.734,3.2000003,-2.8656254
1997-01-22,8.900001,5.227,5.6000004,-3.673438
1997-01-23,9.6,7.805,8.900001,-1.7953129
1997-01-24,8.0,7.637,9.6,-0.36328125
1997-01-25,6.4000006,6.54,8.0,0.13906193
1997-01-26,4.1000004,4.945,6.4000006,0.8453121
1997-01-27,2.4000006,2.898,4.1000004,0.49843693
1997-01-28,0.5,1.883,2.4000006,1.3828125
1997-01-29,-0.09999943,0.7266,0.5,0.8265619
1997-01-30,-0.5999994,-0.03906,-0.09999943,0.5609369
1997-01-31,-1.1999998,-1.078,-0.5999994,0.12187481
1997-02-01,-1.6000004,-1.164,-1.1999998,0.43593788
1997-02-02,-0.3000002,-1.617,-1.6000004,-1.3171873
1997-02-03,1.6000004,0.578,-0.3000002,-1.0218754
1997-02-04,2.9000006,2.07,1.6000004,-0.8296881
1997-02-05,6.1000004,4.86,2.9000006,-1.2406254
1997-02-06,2.3000007,5.406,6.1000004,3.1062493
1997-02-07,3.9000006,3.055,2.3000007,-0.8453131
1997-02-08,3.8000002,4.395,3.9000006,0.59453106
1997-02-09,3.9000006,2.523,3.8000002,-1.3765631
1997-02-10,8.8,4.168,3.9000006,-4.6320314
1997-02-11,8.6,8.46,8.8,-0.13906288
1997-02-12,11.3,7.664,8.6,-3.6359377
1997-02-13,7.9000006,9.97,11.3,2.0687494
1997-02-14,8.6,6.156,7.9000006,-2.4437504
1997-02-15,4.6000004,8.086,8.6,3.485937
1997-02-16,2.9000006,3.29,4.6000004,0.38906193
1997-02-17,8.1,5.527,2.9000006,-2.5726566
1997-02-18,8.5,7.89,8.1,-0.609375
1997-02-19,6.6000004,7.9,8.5,1.2984371
1997-02-20,8.400001,7.547,6.6000004,-0.8531256
1997-02-21,8.700001,7.41,8.400001,-1.2898445
1997-02-22,7.5000005,6.53,8.700001,-0.9687505
1997-02-23,9.5,7.465,7.5000005,-2.0351562
1997-02-24,11.5,8.02,9.5,-3.4765625
1997-02-25,13.5,10.055,11.5,-3.4453125
1997-02-26,8.200001,11.945,13.5,3.7453117
1997-02-27,6.2,6.805,8.200001,0.6046877
1997-02-28,9.200001,5.32,6.2,-3.8796883
1997-03-01,10.200001,8.94,9.200001,-1.2625008
1997-03-02,10.1,8.39,10.200001,-1.7093754
1997-03-03,12.1,9.766,10.1,-2.3343754
1997-03-04,14.200001,10.53,12.1,-3.6687508
1997-03-05,8.5,11.25,14.200001,2.75
1997-03-06,9.400001,7.598,8.5,-1.8023443
1997-03-07,9.400001,8.88,9.400001,-0.5171881
1997-03-08,7.6000004,8.36,9.400001,0.7593746
1997-03-09,7.7000003,7.938,7.6000004,0.23749971
1997-03-10,8.5,7.594,7.7000003,-0.90625
1997-03-11,8.5,8.234,8.5,-0.265625
1997-03-12,9.0,8.91,8.5,-0.09375
1997-03-13,4.6000004,8.2,9.0,3.6031246
1997-03-14,6.3,5.758,4.6000004,-0.5421877
1997-03-15,8.3,7.875,6.3,-0.4250002
1997-03-16,9.0,9.875,8.3,0.875
1997-03-17,8.700001,8.6,9.0,-0.09843826
1997-03-18,6.4000006,8.66,8.700001,2.2562494
1997-03-19,6.8,6.22,6.4000006,-0.5812502
1997-03-20,5.1,5.832,6.8,0.73203135
1997-03-21,5.9,5.266,5.1,-0.6343751
1997-03-22,5.6000004,7.426,5.9,1.8257809
1997-03-23,6.7000003,6.375,5.6000004,-0.3250003
1997-03-24,7.7000003,7.617,6.7000003,-0.082812786
1997-03-25,7.1000004,8.234,7.7000003,1.1343746
1997-03-26,7.8,5.684,7.1000004,-2.1164064
1997-03-27,11.5,9.234,7.8,-2.265625
1997-03-28,9.8,11.766,11.5,1.9656248
1997-03-29,4.6000004,8.05,9.8,3.4468746
1997-03-30,6.1000004,6.965,4.6000004,0.86484337
1997-03-31,7.6000004,7.426,6.1000004,-0.17421913
1997-04-01,9.6,8.27,7.6000004,-1.3265629
1997-04-02,10.3,10.05,9.6,-0.2531252
1997-04-03,9.1,9.56,10.3,0.46249962
1997-04-04,6.4000006,8.73,9.1,2.326562
1997-04-05,7.0000005,5.066,6.4000006,-1.9335942
1997-04-06,9.6,8.96,7.0000005,-0.6390629
1997-04-07,8.1,9.09,9.6,0.9937496
1997-04-08,9.200001,9.016,8.1,-0.18437576
1997-04-09,10.200001,10.94,9.200001,0.73749924
1997-04-10,10.900001,10.43,10.200001,-0.47031307
1997-04-11,10.400001,9.75,10.900001,-0.6500006
1997-04-12,6.0000005,11.164,10.400001,5.164062
1997-04-13,6.6000004,6.688,6.0000005,0.08749962
1997-04-14,8.700001,6.715,6.6000004,-1.985157
1997-04-15,8.400001,9.96,8.700001,1.5609369
1997-04-16,7.2000003,7.906,8.400001,0.7062497
1997-04-17,6.9000006,7.547,7.2000003,0.6468744
1997-04-18,7.2000003,7.414,6.9000006,0.21406221
1997-04-19,8.5,9.695,7.2000003,1.1953125
1997-04-20,6.0000005,9.055,8.5,3.054687
1997-04-21,5.9,6.28,6.0000005,0.3812499
1997-04-22,6.1000004,7.434,5.9,1.3335934
1997-04-23,6.5000005,7.71,6.1000004,1.210937
1997-04-24,9.200001,8.91,6.5000005,-0.29375076
1997-04-25,12.900001,10.98,9.200001,-1.9234381
1997-04-26,11.900001,14.47,12.900001,2.5687494
1997-04-27,12.200001,12.55,11.900001,0.34687424
1997-04-28,13.200001,13.39,12.200001,0.19062424
1997-04-29,11.3,12.15,13.200001,0.8484373
1997-04-30,11.200001,10.5,11.3,-0.70000076
1997-05-01,12.3,10.11,11.200001,-2.1906252
1997-05-02,15.5,13.73,12.3,-1.7734375
1997-05-03,17.9,15.81,15.5,-2.0874996
1997-05-04,17.800001,14.42,17.9,-3.3781261
1997-05-05,13.8,14.37,17.800001,0.5671873
1997-05-06,8.400001,10.8,13.8,2.3968744
1997-05-07,4.5000005,7.125,8.400001,2.6249995
1997-05-08,8.0,5.25,4.5000005,-2.75
1997-05-09,10.5,10.15,8.0,-0.3515625
1997-05-10,13.200001,9.68,10.5,-3.5203133
1997-05-11,11.1,13.31,13.200001,2.2124996
1997-05-12,12.0,11.02,11.1,-0.9765625
1997-05-13,14.1,12.27,12.0,-1.8265629
1997-05-14,13.700001,12.766,14.1,-0.93437576
1997-05-15,18.3,13.15,13.700001,-5.1515617
1997-05-16,19.3,16.88,18.3,-2.4249992
1997-05-17,17.2,16.38,19.3,-0.82500076
1997-05-18,15.700001,15.06,17.2,-0.63750076
1997-05-19,16.0,14.58,15.700001,-1.421875
1997-05-20,14.400001,15.97,16.0,1.5687494
1997-05-21,12.700001,13.81,14.400001,1.1124992
1997-05-22,13.0,12.62,12.700001,-0.3828125
1997-05-23,14.5,12.664,13.0,-1.8359375
1997-05-24,16.0,15.75,14.5,-0.25
1997-05-25,16.7,15.33,16.0,-1.3718758
1997-05-26,16.800001,15.75,16.7,-1.0500011
1997-05-27,17.3,15.98,16.800001,-1.3234367
1997-05-28,15.0,16.81,17.3,1.8125
1997-05-29,15.6,14.164,15.0,-1.4359379
1997-05-30,17.6,16.83,15.6,-0.7718754
1997-05-31,16.7,18.16,17.6,1.4562492
1997-06-01,11.6,16.28,16.7,4.6812496
1997-06-02,14.5,11.37,11.6,-3.1328125
1997-06-03,16.7,15.27,14.5,-1.4265633
1997-06-04,19.3,17.7,16.7,-1.5968742
1997-06-05,18.900002,18.95,19.3,0.053123474
1997-06-06,21.300001,17.28,18.900002,-4.018751
1997-06-07,19.7,20.28,21.300001,0.58124924
1997-06-08,17.400002,16.95,19.7,-0.44687653
1997-06-09,19.1,16.95,17.400002,-2.1468754
1997-06-10,22.2,20.6,19.1,-1.6062508
1997-06-11,21.0,21.6,22.2,0.59375
1997-06-12,18.400002,18.64,21.0,0.24062347
1997-06-13,17.3,17.78,18.400002,0.48125076
1997-06-14,17.1,17.19,17.3,0.08749962
1997-06-15,17.2,16.94,17.1,-0.26250076
1997-06-16,16.300001,17.9,17.2,1.6062489
1997-06-17,15.700001,16.7,16.300001,1.0031242
1997-06-18,16.0,15.555,15.700001,-0.4453125
1997-06-19,15.200001,16.4,16.0,1.2062492
1997-06-20,15.700001,15.72,15.200001,0.018749237
1997-06-21,13.900001,16.38,15.700001,2.4749994
1997-06-22,14.5,14.41,13.900001,-0.09375
1997-06-23,14.200001,15.17,14.5,0.97187424
1997-06-24,13.400001,14.42,14.200001,1.0218744
1997-06-25,13.3,13.99,13.400001,0.6921873
1997-06-26,13.5,14.625,13.3,1.125
1997-06-27,12.400001,14.11,13.5,1.7093744
1997-06-28,15.700001,13.484,12.400001,-2.2156258
1997-06-29,14.400001,16.62,15.700001,2.2249994
1997-06-30,13.8,14.57,14.400001,0.7703123
1997-07-01,13.900001,14.37,13.8,0.46718693
1997-07-02,13.200001,14.61,13.900001,1.4093742
1997-07-03,14.700001,14.03,13.200001,-0.66875076
1997-07-04,14.300001,15.41,14.700001,1.1062489
1997-07-05,14.6,15.0,14.300001,0.39999962
1997-07-06,16.400002,15.266,14.6,-1.1343765
1997-07-07,18.0,17.25,16.400002,-0.75
1997-07-08,20.2,19.33,18.0,-0.87187576
1997-07-09,20.900002,19.47,20.2,-1.4312515
1997-07-10,20.8,20.78,20.900002,-0.018749237
1997-07-11,19.600002,20.23,20.8,0.6343727
1997-07-12,19.8,19.48,19.600002,-0.31562424
1997-07-13,21.2,20.22,19.8,-0.98125076
1997-07-14,20.3,21.6,21.2,1.2937508
1997-07-15,20.0,20.34,20.3,0.34375
1997-07-16,21.800001,20.47,20.0,-1.3312511
1997-07-17,20.2,22.34,21.800001,2.1437492
1997-07-18,17.400002,19.9,20.2,2.5062485
1997-07-19,16.400002,17.03,17.400002,0.6312485
1997-07-20,17.1,17.9,16.400002,0.8062496
1997-07-21,17.3,17.75,17.1,0.45000076
1997-07-22,19.900002,18.66,17.3,-1.2437515
1997-07-23,21.300001,21.05,19.900002,-0.25312614
1997-07-24,22.0,19.62,21.300001,-2.375
1997-07-25,17.6,20.77,22.0,3.1656246
1997-07-26,20.0,17.62,17.6,-2.375
1997-07-27,20.8,19.6,20.0,-1.2062492
1997-07-28,22.0,19.55,20.8,-2.453125
1997-07-29,22.2,21.95,22.0,-0.24687576
1997-07-30,22.3,21.22,22.2,-1.0812492
1997-07-31,18.7,20.92,22.3,2.2218742
1997-08-01,19.600002,19.47,18.7,-0.13125229
1997-08-02,21.5,20.45,19.600002,-1.046875
1997-08-03,24.800001,21.12,21.5,-3.6750011
1997-08-04,25.1,23.94,24.800001,-1.1625004
1997-08-05,22.0,20.9,25.1,-1.09375
1997-08-06,21.2,20.47,22.0,-0.73125076
1997-08-07,18.800001,19.64,21.2,0.84062386
1997-08-08,21.900002,18.25,18.800001,-3.6500015
1997-08-09,23.400002,22.28,21.900002,-1.1187515
1997-08-10,24.0,22.38,23.400002,-1.625
1997-08-11,22.0,22.22,24.0,0.21875
1997-08-12,23.400002,21.08,22.0,-2.3218765
1997-08-13,24.0,22.75,23.400002,-1.25
1997-08-14,23.600002,22.36,24.0,-1.2406273
1997-08-15,22.900002,21.44,23.600002,-1.4625015
1997-08-16,19.900002,21.67,22.900002,1.7718735
1997-08-17,21.1,19.75,19.900002,-1.3500004
1997-08-18,21.2,20.25,21.1,-0.95000076
1997-08-19,21.7,20.69,21.2,-1.0125008
1997-08-20,20.8,20.31,21.7,-0.48749924
1997-08-21,22.3,20.53,20.8,-1.7687492
1997-08-22,23.5,21.73,22.3,-1.765625
1997-08-23,24.5,21.69,23.5,-2.8125
1997-08-24,25.2,22.6,24.5,-2.6062508
1997-08-25,23.400002,23.0,25.2,-0.40000153
1997-08-26,19.400002,19.94,23.400002,0.5374985
1997-08-27,18.7,18.06,19.400002,-0.63750076
1997-08-28,15.6,17.44,18.7,1.8374996
1997-08-29,16.400002,16.55,15.6,0.14687347
1997-08-30,18.3,16.88,16.400002,-1.4249992
1997-08-31,21.300001,18.19,18.3,-3.1125011
1997-09-01,16.6,20.0,21.300001,3.3999996
1997-09-02,15.300001,16.38,16.6,1.0749989
1997-09-03,15.700001,14.82,15.300001,-0.87968826
1997-09-04,18.1,16.44,15.700001,-1.6625004
1997-09-05,19.2,16.45,18.1,-2.7468758
1997-09-06,14.8,18.28,19.2,3.4812498
1997-09-07,14.5,13.61,14.8,-0.890625
1997-09-08,15.5,15.555,14.5,0.0546875
1997-09-09,14.700001,16.75,15.5,2.0499992
1997-09-10,13.700001,15.34,14.700001,1.6437492
1997-09-11,17.5,14.7,13.700001,-2.796875
1997-09-12,16.5,17.98,17.5,1.484375
1997-09-13,13.3,16.19,16.5,2.8874998
1997-09-14,10.0,12.36,13.3,2.359375
1997-09-15,11.0,12.12,10.0,1.1171875
1997-09-16,15.1,14.016,11.0,-1.0843754
1997-09-17,16.6,15.766,15.1,-0.8343754
1997-09-18,16.5,16.78,16.6,0.28125
1997-09-19,17.6,16.16,16.5,-1.4437504
1997-09-20,16.1,16.88,17.6,0.7749996
1997-09-21,15.5,16.97,16.1,1.46875
1997-09-22,15.300001,15.96,15.5,0.66093636
1997-09-23,15.5,15.8,15.300001,0.296875
1997-09-24,14.8,16.56,15.5,1.7624998
1997-09-25,14.1,15.48,14.8,1.3765621
1997-09-26,14.0,15.01,14.1,1.0078125
1997-09-27,14.5,15.16,14.0,0.65625
1997-09-28,14.900001,14.59,14.5,-0.30625057
1997-09-29,14.5,14.87,14.900001,0.3671875
1997-09-30,14.6,14.625,14.5,0.024999619
1997-10-01,14.700001,15.0,14.6,0.29999924
1997-10-02,14.0,14.91,14.700001,0.90625
1997-10-03,12.400001,14.31,14.0,1.9124994
1997-10-04,9.6,12.56,12.400001,2.9624996
1997-10-05,12.5,12.21,9.6,-0.2890625
1997-10-06,16.900002,14.09,12.5,-2.8062515
1997-10-07,16.800001,15.83,16.900002,-0.97187614
1997-10-08,17.6,15.39,16.800001,-2.2093754
1997-10-09,17.7,16.25,17.6,-1.4500008
1997-10-10,16.5,16.25,17.7,-0.25
1997-10-11,12.700001,15.26,16.5,2.5578117
1997-10-12,12.1,15.22,12.700001,3.1187496
1997-10-13,8.3,12.05,12.1,3.7468748
1997-10-14,6.9000006,8.89,8.3,1.9906244
1997-10-15,9.6,9.09,6.9000006,-0.5062504
1997-10-16,11.6,9.875,9.6,-1.7250004
1997-10-17,12.0,11.03,11.6,-0.96875
1997-10-18,14.700001,12.52,12.0,-2.1765633
1997-10-19,14.400001,14.42,14.700001,0.021874428
1997-10-20,15.300001,13.164,14.400001,-2.1359386
1997-10-21,13.900001,14.05,15.300001,0.14687443
1997-10-22,12.8,13.45,13.900001,0.6531248
1997-10-23,11.200001,12.8,12.8,1.5968742
1997-10-24,5.3,10.69,11.200001,5.3875
1997-10-25,4.5000005,7.76,5.3,3.2617183
1997-10-26,4.2000003,6.67,4.5000005,2.4718747
1997-10-27,5.7000003,4.203,4.2000003,-1.4968753
1997-10-28,2.0,7.656,5.7000003,5.65625
1997-10-29,0.6000004,3.395,2.0,2.7945309
1997-10-30,-1.5,3.008,0.6000004,4.5078125
1997-10-31,-0.5999994,2.871,-1.5,3.4710932
1997-11-01,-0.39999962,4.207,-0.5999994,4.607031
1997-11-02,2.9000006,2.688,-0.39999962,-0.21250057
1997-11-03,9.3,5.668,2.9000006,-3.6320314
1997-11-04,11.8,11.02,9.3,-0.7765627
1997-11-05,12.3,10.92,11.8,-1.3781252
1997-11-06,10.8,12.55,12.3,1.7468748
1997-11-07,10.3,9.62,10.8,-0.6828127
1997-11-08,11.8,8.86,10.3,-2.9406252
1997-11-09,9.400001,10.56,11.8,1.1624994
1997-11-10,8.5,7.582,9.400001,-0.91796875
1997-11-11,8.400001,6.44,8.5,-1.9585943
1997-11-12,7.1000004,5.39,8.400001,-1.7093754
1997-11-13,6.1000004,5.348,7.1000004,-0.75234413
1997-11-14,3.4000006,4.727,6.1000004,1.3265619
1997-11-15,7.2000003,3.809,3.4000006,-3.3914065
1997-11-16,11.900001,9.19,7.2000003,-2.7125006
1997-11-17,10.8,8.695,11.900001,-2.1046877
1997-11-18,9.900001,8.69,10.8,-1.2125006
1997-11-19,11.3,9.64,9.900001,-1.6593752
1997-11-20,9.5,9.17,11.3,-0.328125
1997-11-21,7.9000006,7.523,9.5,-0.37656307
1997-11-22,7.1000004,6.113,7.9000006,-0.98671913
1997-11-23,5.0000005,6.08,7.1000004,1.0781245
1997-11-24,5.0000005,3.809,5.0000005,-1.1914067
1997-11-25,9.400001,4.996,5.0000005,-4.403907
1997-11-26,10.1,10.016,9.400001,-0.08437538
1997-11-27,9.5,8.11,10.1,-1.390625
1997-11-28,8.8,7.984,9.5,-0.8156252
1997-11-29,8.700001,8.32,8.8,-0.37968826
1997-11-30,7.7000003,7.156,8.700001,-0.5437503
1997-12-01,5.0000005,6.3,7.7000003,1.3007808
1997-12-02,3.4000006,5.008,5.0000005,1.6078119
1997-12-03,0.3000002,3.785,3.4000006,3.485156
1997-12-04,0.09999943,0.2344,0.3000002,0.13437557
1997-12-05,0.3000002,0.7266,0.09999943,0.4265623
1997-12-06,-0.6999998,0.5156,0.3000002,1.2156248
1997-12-07,0.20000076,0.0781,-0.6999998,-0.12187576
1997-12-08,7.5000005,2.629,0.20000076,-4.871094
1997-12-09,8.5,9.8,7.5000005,1.296875
1997-12-10,10.200001,6.766,8.5,-3.4343758
1997-12-11,12.700001,10.49,10.200001,-2.2078133
1997-12-12,7.1000004,10.9,12.700001,3.798437
1997-12-13,1.1999998,4.305,7.1000004,3.1046877
1997-12-14,-1.0,0.9453,1.1999998,1.9453125
1997-12-15,1.6000004,-0.02344,-1.0,-1.6234379
1997-12-16,0.20000076,1.297,1.6000004,1.0968742
1997-12-17,7.8,1.148,0.20000076,-6.6515627
1997-12-18,11.1,9.82,7.8,-1.2796879
1997-12-19,8.3,8.664,11.1,0.3640623
1997-12-20,7.7000003,7.99,8.3,0.28828096
1997-12-21,4.3000007,5.7,7.7000003,1.3992181
1997-12-22,4.6000004,3.484,4.3000007,-1.1156254
1997-12-23,6.7000003,3.941,4.6000004,-2.758594
1997-12-24,11.1,7.504,6.7000003,-3.5960941
1997-12-25,13.200001,8.7,11.1,-4.496876
1997-12-26,9.1,10.62,13.200001,1.5171871
1997-12-27,5.9,6.03,9.1,0.1312499
1997-12-28,3.3000002,3.992,5.9,0.6921873
1997-12-29,1.0,2.688,3.3000002,1.6875
1997-12-30,6.5000005,2.844,1.0,-3.6562505
1997-12-31,8.1,8.336,6.5000005,0.23593712
1998-01-01,6.7000003,6.418,8.1,-0.28203154
1998-01-02,7.5000005,5.39,6.7000003,-2.1093755
1998-01-03,9.5,5.684,7.5000005,-3.8164062
1998-01-04,7.8,8.08,9.5,0.2781248
1998-01-05,8.400001,5.484,7.8,-2.9156256
1998-01-06,9.200001,7.41,8.400001,-1.7898445
1998-01-07,9.700001,7.82,9.200001,-1.8796883
1998-01-08,8.6,8.05,9.700001,-0.5531254
1998-01-09,7.4000006,7.05,8.6,-0.34921932
1998-01-10,5.6000004,6.414,7.4000006,0.8140621
1998-01-11,7.1000004,5.3,5.6000004,-1.7992191
1998-01-12,8.3,7.133,7.1000004,-1.1671877
1998-01-13,11.3,7.227,8.3,-4.0734377
1998-01-14,6.6000004,9.73,11.3,3.126562
1998-01-15,6.5000005,4.902,6.6000004,-1.5976567
1998-01-16,7.7000003,7.45,6.5000005,-0.25078154
1998-01-17,2.4000006,6.098,7.7000003,3.6976557
1998-01-18,5.4000006,2.148,2.4000006,-3.251563
1998-01-19,6.7000003,6.74,5.4000006,0.038280964
1998-01-20,2.2000003,5.164,6.7000003,2.9640622
1998-01-21,1.3000002,2.715,2.2000003,1.4148436
1998-01-22,-0.6999998,1.82,1.3000002,2.5203123
1998-01-23,0.40000057,0.2734,-0.6999998,-0.12656307
1998-01-24,0.09999943,1.039,0.40000057,0.9390631
1998-01-25,0.09999943,0.9062,0.09999943,0.8062506
1998-01-26,-1.0999994,0.4375,0.09999943,1.5374994
1998-01-27,-0.3000002,0.9844,-1.0999994,1.2843752
1998-01-28,-0.8999996,-0.2656,-0.3000002,0.6343746
1998-01-29,-2.0,-1.508,-0.8999996,0.4921875
1998-01-30,-1.3000002,-1.914,-2.0,-0.6140623
1998-01-31,-2.6999998,-1.016,-1.3000002,1.6843748
1998-02-01,-3.0999994,-3.195,-2.6999998,-0.09531307
1998-02-02,-2.6999998,-2.031,-3.0999994,0.6687498
1998-02-03,-2.2999992,-2.805,-2.6999998,-0.50468826
1998-02-04,-3.5999994,-1.195,-2.2999992,2.404687
1998-02-05,-3.6999998,-1.6875,-3.5999994,2.0124998
1998-02-06,-1.8999996,-1.031,-3.6999998,0.8687496
1998-02-07,2.4000006,-0.375,-1.8999996,-2.7750006
1998-02-08,2.6000004,3.828,2.4000006,1.2281246
1998-02-09,4.3000007,2.773,2.6000004,-1.5265632
1998-02-10,4.7000003,4.277,4.3000007,-0.42265654
1998-02-11,4.3000007,4.184,4.7000003,-0.11640692
1998-02-12,5.2000003,3.922,4.3000007,-1.2781253
1998-02-13,7.0000005,5.27,5.2000003,-1.7304692
1998-02-14,6.3,6.918,7.0000005,0.61796856
1998-02-15,6.7000003,5.79,6.3,-0.9109378
1998-02-16,7.7000003,6.33,6.7000003,-1.3718753
1998-02-17,6.2,7.42,7.7000003,1.2218752
1998-02-18,5.8000007,5.156,6.2,-0.64375067
1998-02-19,6.0000005,7.195,5.8000007,1.195312
1998-02-20,9.900001,6.883,6.0000005,-3.017188
1998-02-21,9.200001,9.195,9.900001,-0.004688263
1998-02-22,6.3,8.0,9.200001,1.6999998
1998-02-23,3.1,5.887,6.3,2.7867188
1998-02-24,4.9,3.062,3.1,-1.8375001
1998-02-25,8.5,7.805,4.9,-0.6953125
1998-02-26,6.8,7.72,8.5,0.9187498
1998-02-27,7.7000003,6.93,6.8,-0.7703128
1998-02-28,8.0,8.41,7.7000003,0.40625
1998-03-01,6.4000006,6.688,8.0,0.28749943
1998-03-02,7.3,6.734,6.4000006,-0.5656252
1998-03-03,11.700001,5.86,7.3,-5.840626
1998-03-04,15.5,11.086,11.700001,-4.4140625
1998-03-05,7.4000006,11.46,15.5,4.060937
1998-03-06,8.900001,5.957,7.4000006,-2.9429693
1998-03-07,10.1,8.086,8.900001,-2.014063
1998-03-08,7.9000006,8.82,10.1,0.9203119
1998-03-09,3.1,6.266,7.9000006,3.165625
1998-03-10,2.7000003,2.504,3.1,-0.19609404
1998-03-11,5.8000007,6.082,2.7000003,0.28203058
1998-03-12,3.9000006,6.08,5.8000007,2.1781244
1998-03-13,3.1,3.863,3.9000006,0.76328135
1998-03-14,6.7000003,5.277,3.1,-1.4226565
1998-03-15,8.6,6.496,6.7000003,-2.1039066
1998-03-16,8.200001,7.836,8.6,-0.36406326
1998-03-17,8.0,8.09,8.200001,0.09375
1998-03-18,8.6,6.89,8.0,-1.7093754
1998-03-19,5.9,6.938,8.6,1.0374999
1998-03-20,4.1000004,6.42,5.9,2.3218746
1998-03-21,5.1,5.957,4.1000004,0.85703135
1998-03-22,4.4,6.266,5.1,1.8656249
1998-03-23,3.3000002,4.844,4.4,1.5437498
1998-03-24,2.3000007,5.035,3.3000002,2.7351556
1998-03-25,3.2000003,2.68,2.3000007,-0.5203128
1998-03-26,7.1000004,5.203,3.2000003,-1.8968754
1998-03-27,9.8,8.75,7.1000004,-1.0500002
1998-03-28,12.6,9.27,9.8,-3.326563
1998-03-29,13.700001,11.98,12.6,-1.7234383
1998-03-30,10.8,11.43,13.700001,0.6296873
1998-03-31,12.3,9.055,10.8,-3.2453127
1998-04-01,12.0,12.81,12.3,0.8125
1998-04-02,12.0,9.24,12.0,-2.7578125
1998-04-03,11.900001,11.64,12.0,-0.25937557
1998-04-04,9.200001,11.09,11.900001,1.8937492
1998-04-05,9.200001,7.95,9.200001,-1.250782
1998-04-06,8.1,9.586,9.200001,1.4859371
1998-04-07,8.400001,8.234,8.1,-0.16562557
1998-04-08,7.0000005,8.32,8.400001,1.320312
1998-04-09,7.5000005,6.906,7.0000005,-0.5937505
1998-04-10,6.5000005,8.04,7.5000005,1.539062
1998-04-11,4.5000005,7.406,6.5000005,2.9062495
1998-04-12,3.9000006,4.695,4.5000005,0.7953119
1998-04-13,2.3000007,4.285,3.9000006,1.9851556
1998-04-14,5.4000006,3.238,2.3000007,-2.1617193
1998-04-15,6.9000006,7.28,5.4000006,0.38124943
1998-04-16,6.5000005,6.914,6.9000006,0.41406202
1998-04-17,5.0000005,7.27,6.5000005,2.2695308
1998-04-18,6.2,4.992,5.0000005,-1.2078123
1998-04-19,8.900001,6.39,6.2,-2.5093756
1998-04-20,10.200001,9.14,8.900001,-1.0593758
1998-04-21,13.3,9.41,10.200001,-3.8937502
1998-04-22,15.700001,13.016,13.3,-2.6843758
1998-04-23,13.3,13.375,15.700001,0.07499981
1998-04-24,12.3,11.9,13.3,-0.4015627
1998-04-25,13.400001,12.4,12.3,-1.0015631
1998-04-26,10.700001,12.805,13.400001,2.1046867
1998-04-27,9.1,10.07,10.700001,0.9703121
1998-04-28,9.0,8.69,9.1,-0.3125
1998-04-29,10.5,8.734,9.0,-1.765625
1998-04-30,12.0,11.57,10.5,-0.4296875
1998-05-01,10.1,11.55,12.0,1.4468746
1998-05-02,11.200001,10.29,10.1,-0.91093826
1998-05-03,9.0,11.266,11.200001,2.265625
1998-05-04,8.1,9.04,9.0,0.9390621
1998-05-05,9.3,8.055,8.1,-1.2453127
1998-05-06,10.700001,10.64,9.3,-0.059375763
1998-05-07,13.8,11.15,10.700001,-2.6515627
1998-05-08,16.800001,13.734,13.8,-3.0656261
1998-05-09,18.800001,15.16,16.800001,-3.6437511
1998-05-10,19.8,15.375,18.800001,-4.424999
1998-05-11,20.5,16.28,19.8,-4.21875
1998-05-12,20.2,18.11,20.5,-2.0906258
1998-05-13,20.3,18.88,20.2,-1.4249992
1998-05-14,19.8,18.81,20.3,-0.98749924
1998-05-15,18.5,16.84,19.8,-1.65625
1998-05-16,15.700001,16.16,18.5,0.45624924
1998-05-17,16.0,14.234,15.700001,-1.765625
1998-05-18,15.8,15.36,16.0,-0.4406252
1998-05-19,16.0,14.66,15.8,-1.34375
1998-05-20,17.2,15.71,16.0,-1.4890633
1998-05-21,16.800001,16.53,17.2,-0.26875114
1998-05-22,12.200001,14.91,16.800001,2.7062492
1998-05-23,10.8,11.28,12.200001,0.4812498
1998-05-24,11.900001,11.15,10.8,-0.7515631
1998-05-25,14.6,13.64,11.900001,-0.9593754
1998-05-26,13.5,14.984,14.6,1.484375
1998-05-27,14.400001,13.42,13.5,-0.9781256
1998-05-28,13.700001,14.03,14.400001,0.33124924
1998-05-29,14.900001,13.54,13.700001,-1.3609381
1998-05-30,16.400002,15.22,14.900001,-1.1812515
1998-05-31,13.700001,15.695,16.400002,1.9953117
1998-06-01,15.900001,13.5,13.700001,-2.4000006
1998-06-02,16.300001,17.36,15.900001,1.0593739
1998-06-03,16.300001,15.07,16.300001,-1.2296886
1998-06-04,19.0,16.81,16.300001,-2.1875
1998-06-05,23.0,19.6,19.0,-3.40625
1998-06-06,20.2,20.28,23.0,0.08124924
1998-06-07,16.400002,17.7,20.2,1.3031235
1998-06-08,16.2,15.96,16.400002,-0.23906326
1998-06-09,20.1,16.45,16.2,-3.6468754
1998-06-10,17.1,20.9,20.1,3.8062496
1998-06-11,12.8,15.69,17.1,2.8874998
1998-06-12,11.400001,12.94,12.8,1.5374994
1998-06-13,12.900001,12.26,11.400001,-0.6421881
1998-06-14,13.400001,13.97,12.900001,0.5687494
1998-06-15,12.5,13.87,13.400001,1.3671875
1998-06-16,13.5,13.5,12.5,0.0
1998-06-17,14.5,14.39,13.5,-0.109375
1998-06-18,17.7,15.766,14.5,-1.9343758
1998-06-19,20.400002,19.66,17.7,-0.7437515
1998-06-20,24.300001,19.94,20.400002,-4.362501
1998-06-21,24.2,23.6,24.300001,-0.60625076
1998-06-22,19.2,21.0,24.2,1.7999992
1998-06-23,18.7,19.81,19.2,1.1124992
1998-06-24,21.2,19.62,18.7,-1.5750008
1998-06-25,17.9,22.6,21.2,4.6937504
1998-06-26,17.6,18.16,17.9,0.5562496
1998-06-27,19.0,18.39,17.6,-0.609375
1998-06-28,16.800001,20.31,19.0,3.5124989
1998-06-29,18.400002,17.42,16.800001,-0.9781265
1998-06-30,17.6,20.11,18.400002,2.5093746
1998-07-01,17.6,18.12,17.6,0.5249996
1998-07-02,17.0,18.45,17.6,1.453125
1998-07-03,16.0,16.38,17.0,0.375
1998-07-04,16.7,16.48,16.0,-0.21562576
1998-07-05,17.7,17.78,16.7,0.08124924
1998-07-06,18.6,18.86,17.7,0.25937462
1998-07-07,16.1,19.31,18.6,3.2124996
1998-07-08,17.0,16.31,16.1,-0.6875
1998-07-09,16.300001,17.88,17.0,1.5749989
1998-07-10,17.2,17.89,16.300001,0.69062424
1998-07-11,19.0,17.69,17.2,-1.3125
1998-07-12,19.3,19.16,19.0,-0.14374924
1998-07-13,16.2,19.5,19.3,3.2999992
1998-07-14,14.400001,15.91,16.2,1.5062494
1998-07-15,16.0,16.31,14.400001,0.3125
1998-07-16,17.6,17.25,16.0,-0.35000038
1998-07-17,18.900002,17.97,17.6,-0.9312515
1998-07-18,19.3,18.9,18.900002,-0.39374924
1998-07-19,24.0,17.81,19.3,-6.1875
1998-07-20,26.7,23.97,24.0,-2.7312508
1998-07-21,19.0,22.78,26.7,3.78125
1998-07-22,19.7,17.58,19.0,-2.1218758
1998-07-23,20.8,20.75,19.7,-0.049999237
1998-07-24,20.8,20.95,20.8,0.15312576
1998-07-25,20.7,21.06,20.8,0.36249924
1998-07-26,20.5,20.19,20.7,-0.3125
1998-07-27,20.3,20.81,20.5,0.51250076
1998-07-28,17.6,20.28,20.3,2.6812496
1998-07-29,19.400002,17.31,17.6,-2.0875015
1998-07-30,17.2,19.38,19.400002,2.1749992
1998-07-31,16.300001,16.62,17.2,0.32499886
1998-08-01,14.1,17.17,16.300001,3.0718746
1998-08-02,14.400001,15.67,14.1,1.2718744
1998-08-03,16.800001,15.5,14.400001,-1.3000011
1998-08-04,16.7,18.28,16.800001,1.5812492
1998-08-05,18.7,17.69,16.7,-1.0125008
1998-08-06,19.600002,18.66,18.7,-0.9437523
1998-08-07,22.3,20.5,19.600002,-1.7999992
1998-08-08,25.400002,21.78,22.3,-3.6187515
1998-08-09,26.400002,23.75,25.400002,-2.6500015
1998-08-10,26.6,23.55,26.400002,-3.0531254
1998-08-11,27.400002,23.84,26.6,-3.5562515
1998-08-12,25.300001,24.03,27.400002,-1.2687511
1998-08-13,19.900002,24.2,25.300001,4.3031235
1998-08-14,18.900002,20.39,19.900002,1.4906235
1998-08-15,21.800001,20.94,18.900002,-0.86250114
1998-08-16,22.600002,21.69,21.800001,-0.9125023
1998-08-17,20.6,21.66,22.600002,1.0562496
1998-08-18,20.6,18.22,20.6,-2.3812504
1998-08-19,19.600002,20.03,20.6,0.4312477
1998-08-20,20.2,20.39,19.600002,0.19062424
1998-08-21,17.6,19.78,20.2,2.1812496
1998-08-22,17.3,17.3,17.6,-0.003124237
1998-08-23,18.6,17.1,17.3,-1.5062504
1998-08-24,16.400002,18.56,18.6,2.1624985
1998-08-25,16.800001,16.38,16.400002,-0.42500114
1998-08-26,17.5,17.53,16.800001,0.03125
1998-08-27,14.5,19.28,17.5,4.78125
1998-08-28,12.1,14.93,14.5,2.829687
1998-08-29,12.400001,13.695,12.1,1.2953119
1998-08-30,14.5,14.69,12.400001,0.1875
1998-08-31,19.2,15.92,14.5,-3.2781258
1998-09-01,19.2,20.53,19.2,1.3312492
1998-09-02,20.8,18.75,19.2,-2.0499992
1998-09-03,17.800001,18.9,20.8,1.1062489
1998-09-04,15.0,16.78,17.800001,1.78125
1998-09-05,16.900002,15.72,15.0,-1.1812515
1998-09-06,17.5,15.94,16.900002,-1.5625
1998-09-07,17.1,17.45,17.5,0.35312462
1998-09-08,17.0,16.5,17.1,-0.5
1998-09-09,21.1,16.48,17.0,-4.6156254
1998-09-10,18.0,19.95,21.1,1.953125
1998-09-11,14.1,17.23,18.0,3.1343746
1998-09-12,10.400001,13.94,14.1,3.5374994
1998-09-13,8.6,11.1,10.400001,2.501562
1998-09-14,10.8,9.445,8.6,-1.3546877
1998-09-15,12.200001,10.62,10.8,-1.5828133
1998-09-16,14.200001,11.86,12.200001,-2.3406258
1998-09-17,12.1,12.12,14.200001,0.017187119
1998-09-18,12.8,11.5,12.1,-1.3000002
1998-09-19,13.5,14.984,12.8,1.484375
1998-09-20,13.8,14.45,13.5,0.6531248
1998-09-21,12.900001,14.55,13.8,1.6468744
1998-09-22,14.5,14.31,12.900001,-0.1875
1998-09-23,16.300001,14.55,14.5,-1.7531261
1998-09-24,16.300001,15.93,16.300001,-0.37031364
1998-09-25,16.7,15.97,16.300001,-0.73125076
1998-09-26,14.700001,16.11,16.7,1.4093742
1998-09-27,15.1,14.32,14.700001,-0.7796879
1998-09-28,14.700001,15.3,15.1,0.59687424
1998-09-29,15.200001,14.125,14.700001,-1.0750008
1998-09-30,14.700001,14.45,15.200001,-0.24687576
1998-10-01,12.400001,13.7,14.700001,1.3031244
1998-10-02,12.8,12.66,12.400001,-0.14375019
1998-10-03,9.6,13.44,12.8,3.8374996
1998-10-04,8.3,10.375,9.6,2.0749998
1998-10-05,8.5,9.75,8.3,1.25
1998-10-06,8.0,10.625,8.5,2.625
1998-10-07,8.5,9.484,8.0,0.984375
1998-10-08,10.1,9.6,8.5,-0.49843788
1998-10-09,11.0,11.08,10.1,0.078125
1998-10-10,11.0,11.414,11.0,0.4140625
1998-10-11,12.1,10.81,11.0,-1.2875004
1998-10-12,10.6,11.96,12.1,1.3609371
1998-10-13,10.6,10.86,10.6,0.25937462
1998-10-14,13.6,12.266,10.6,-1.3343754
1998-10-15,15.400001,13.234,13.6,-2.1656256
1998-10-16,14.900001,14.086,15.400001,-0.8140631
1998-10-17,13.900001,13.66,14.900001,-0.24375057
1998-10-18,8.400001,12.91,13.900001,4.5062494
1998-10-19,7.2000003,8.67,8.400001,1.4718747
1998-10-20,7.3,9.74,7.2000003,2.4421873
1998-10-21,9.3,7.383,7.3,-1.9171877
1998-10-22,12.700001,9.75,9.3,-2.9500008
1998-10-23,14.700001,11.53,12.700001,-3.1687508
1998-10-24,13.3,13.03,14.700001,-0.2687502
1998-10-25,12.3,12.87,13.3,0.5671873
1998-10-26,9.0,12.234,12.3,3.234375
1998-10-27,10.700001,10.98,9.0,0.27656174
1998-10-28,15.200001,12.51,10.700001,-2.6921883
1998-10-29,10.200001,14.71,15.200001,4.5109367
1998-10-30,8.8,10.43,10.200001,1.6296873
1998-10-31,10.700001,9.95,8.8,-0.74687576
1998-11-01,10.5,9.83,10.700001,-0.671875
1998-11-02,9.0,10.38,10.5,1.3828125
1998-11-03,9.6,11.9,9.0,2.298437
1998-11-04,7.6000004,9.15,9.6,1.5484371
1998-11-05,2.2000003,5.85,7.6000004,3.6515622
1998-11-06,4.8,2.996,2.2000003,-1.8039064
1998-11-07,3.9000006,8.08,4.8,4.1781244
1998-11-08,9.400001,5.215,3.9000006,-4.185157
1998-11-09,13.3,10.19,9.400001,-3.1125002
1998-11-10,10.200001,13.22,13.3,3.0187492
1998-11-11,2.2000003,9.28,10.200001,7.0812497
1998-11-12,4.0,3.406,2.2000003,-0.59375
1998-11-13,5.7000003,6.38,4.0,0.67890596
1998-11-14,7.2000003,7.29,5.7000003,0.089062214
1998-11-15,4.7000003,6.766,7.2000003,2.0656247
1998-11-16,3.2000003,3.723,4.7000003,0.52265596
1998-11-17,1.1000004,3.902,3.2000003,2.8023434
1998-11-18,-1.3000002,2.316,1.1000004,3.6164064
1998-11-19,-1.0,-0.336,-1.3000002,0.6640625
1998-11-20,-1.3000002,2.59,-1.0,3.889844
1998-11-21,-3.4000006,-0.1328,-1.3000002,3.267188
1998-11-22,-5.1000004,-0.0547,-3.4000006,5.045313
1998-11-23,-4.2,-2.664,-5.1000004,1.5359373
1998-11-24,-3.0,-1.875,-4.2,1.125
1998-11-25,2.8000002,0.2812,-3.0,-2.5187502
1998-11-26,4.2000003,2.656,2.8000002,-1.5437503
1998-11-27,7.2000003,4.113,4.2000003,-3.086719
1998-11-28,4.7000003,6.574,7.2000003,1.8742185
1998-11-29,5.2000003,3.258,4.7000003,-1.9421878
1998-11-30,2.6000004,3.75,5.2000003,1.1499996
1998-12-01,1.500001,2.805,2.6000004,1.3046865
1998-12-02,-0.09999943,1.82,1.500001,1.9203119
1998-12-03,0.20000076,-0.2188,-0.09999943,-0.41875076
1998-12-04,-0.8999996,1.266,0.20000076,2.1656246
1998-12-05,1.1999998,0.2031,-0.8999996,-0.9968748
1998-12-06,0.70000076,1.414,1.1999998,0.71406174
1998-12-07,-1.1999998,2.055,0.70000076,3.2546873
1998-12-08,2.5,0.9844,-1.1999998,-1.515625
1998-12-09,4.2000003,3.145,2.5,-1.055469
1998-12-10,8.3,3.965,4.2000003,-4.3351564
1998-12-11,7.6000004,8.13,8.3,0.5328121
1998-12-12,10.8,5.508,7.6000004,-5.2921877
1998-12-13,8.0,10.18,10.8,2.1796875
1998-12-14,5.4000006,6.223,8.0,0.8226557
1998-12-15,3.6,4.684,5.4000006,1.0835938
1998-12-16,3.7000003,4.344,3.6,0.6437497
1998-12-17,4.7000003,4.8,3.7000003,0.100780964
1998-12-18,5.2000003,5.496,4.7000003,0.29609346
1998-12-19,7.1000004,5.145,5.2000003,-1.9554691
1998-12-20,3.0,6.312,7.1000004,3.3125
1998-12-21,-0.8000002,2.094,3.0,2.8937502
1998-12-22,-3.6999998,-0.3203,-0.8000002,3.3796873
1998-12-23,-1.8999996,-3.625,-3.6999998,-1.7250004
1998-12-24,1.6000004,-1.016,-1.8999996,-2.6156254
1998-12-25,4.0,1.547,1.6000004,-2.453125
1998-12-26,7.6000004,4.62,4.0,-2.9789066
1998-12-27,10.3,7.297,7.6000004,-3.0031252
1998-12-28,6.1000004,8.93,10.3,2.829687
1998-12-29,7.6000004,4.086,6.1000004,-3.514063
1998-12-30,8.900001,7.04,7.6000004,-1.8609381
1998-12-31,9.3,7.21,8.900001,-2.0890627
1999-01-01,7.9000006,7.242,9.3,-0.6578131
1999-01-02,7.9000006,6.062,7.9000006,-1.8375006
1999-01-03,8.400001,5.566,7.9000006,-2.8335943
1999-01-04,11.200001,6.9,8.400001,-4.3015633
1999-01-05,10.5,9.35,11.200001,-1.1484375
1999-01-06,7.0000005,7.992,10.5,0.992187
1999-01-07,8.5,5.06,7.0000005,-3.4414062
1999-01-08,6.8,8.57,8.5,1.7703123
1999-01-09,3.5000005,5.797,6.8,2.2968745
1999-01-10,-0.19999981,4.258,3.5000005,4.4578123
1999-01-11,-1.8999996,-0.3203,-0.19999981,1.5796871
1999-01-12,-3.7999992,-2.094,-1.8999996,1.7062492
1999-01-13,2.7000003,-0.336,-3.7999992,-3.0359378
1999-01-14,5.4000006,3.945,2.7000003,-1.4546881
1999-01-15,5.7000003,5.168,5.4000006,-0.53203154
1999-01-16,8.5,6.004,5.7000003,-2.4960938
1999-01-17,6.0000005,8.22,8.5,2.2187495
1999-01-18,3.7000003,5.004,6.0000005,1.303906
1999-01-19,3.4000006,2.98,3.7000003,-0.41953182
1999-01-20,4.7000003,3.879,3.4000006,-0.82109404
1999-01-21,6.4000006,5.85,4.7000003,-0.5484381
1999-01-22,3.4000006,5.375,6.4000006,1.9749994
1999-01-23,1.0,2.453,3.4000006,1.453125
1999-01-24,6.0000005,1.586,1.0,-4.414063
1999-01-25,10.5,8.266,6.0000005,-2.234375
1999-01-26,7.0000005,8.42,10.5,1.4218745
1999-01-27,4.9,6.33,7.0000005,1.4281249
1999-01-28,8.0,3.91,4.9,-4.0898438
1999-01-29,3.7000003,7.848,8.0,4.147656
1999-01-30,-1.6000004,1.766,3.7000003,3.3656254
1999-01-31,-2.8000002,-0.9062,-1.6000004,1.8937502
1999-02-01,-0.5,-1.328,-2.8000002,-0.828125
1999-02-02,3.4000006,1.469,-0.5,-1.9312506
1999-02-03,4.1000004,3.875,3.4000006,-0.22500038
1999-02-04,6.2,3.426,4.1000004,-2.7742186
1999-02-05,6.8,5.92,6.2,-0.8781252
1999-02-06,5.7000003,5.125,6.8,-0.5750003
1999-02-07,3.8000002,4.812,5.7000003,1.0124998
1999-02-08,2.2000003,3.562,3.8000002,1.3624997
1999-02-09,1.6999998,2.54,2.2000003,0.8390627
1999-02-10,-0.8000002,1.078,1.6999998,1.8781252
1999-02-11,-0.09999943,-1.219,-0.8000002,-1.1187506
1999-02-12,-3.0,-0.1875,-0.09999943,2.8125
1999-02-13,-3.4000006,-1.336,-3.0,2.064063
1999-02-14,-2.1000004,-1.656,-3.4000006,0.44375038
1999-02-15,0.6000004,-0.633,-2.1000004,-1.2328129
1999-02-16,4.6000004,1.055,0.6000004,-3.545313
1999-02-17,4.8,5.246,4.6000004,0.44609356
1999-02-18,7.6000004,4.38,4.8,-3.2210941
1999-02-19,8.400001,6.914,7.6000004,-1.4859381
1999-02-20,10.0,7.117,8.400001,-2.8828125
1999-02-21,9.1,7.965,10.0,-1.1351566
1999-02-22,5.7000003,7.168,9.1,1.4679685
1999-02-23,3.7000003,3.664,5.7000003,-0.035937786
1999-02-24,6.6000004,3.586,3.7000003,-3.014063
1999-02-25,3.7000003,6.812,6.6000004,3.1124997
1999-02-26,2.7000003,2.89,3.7000003,0.19062471
1999-02-27,5.9,3.355,2.7000003,-2.5445313
1999-02-28,5.9,6.83,5.9,0.9281249
1999-03-01,7.5000005,4.875,5.9,-2.6250005
1999-03-02,10.5,7.77,7.5000005,-2.7304688
1999-03-03,9.1,9.85,10.5,0.7515621
1999-03-04,6.8,7.586,9.1,0.7859373
1999-03-05,3.8000002,4.953,6.8,1.1531248
1999-03-06,1.500001,3.523,3.8000002,2.0234365
1999-03-07,3.2000003,1.852,1.500001,-1.3484378
1999-03-08,6.6000004,4.31,3.2000003,-2.2914066
1999-03-09,9.6,7.535,6.6000004,-2.0648441
1999-03-10,9.6,8.28,9.6,-1.3187504
1999-03-11,11.700001,8.3,9.6,-3.4031258
1999-03-12,12.200001,10.734,11.700001,-1.4656258
1999-03-13,11.6,10.2,12.200001,-1.3968754
1999-03-14,11.6,10.42,11.6,-1.1781254
1999-03-15,9.700001,9.96,11.6,0.26093674
1999-03-16,8.700001,9.734,9.700001,1.0343742
1999-03-17,7.3,8.305,8.700001,1.0046873
1999-03-18,6.8,5.95,7.3,-0.85078144
1999-03-19,7.0000005,8.18,6.8,1.179687
1999-03-20,5.0000005,7.273,7.0000005,2.273437
1999-03-21,4.4,4.73,5.0000005,0.33046865
1999-03-22,5.9,6.25,4.4,0.3499999
1999-03-23,6.3,5.74,5.9,-0.56171894
1999-03-24,10.1,7.766,6.3,-2.3343754
1999-03-25,10.400001,11.13,10.1,0.7328119
1999-03-26,7.7000003,9.09,10.400001,1.3937497
1999-03-27,5.0000005,5.74,7.7000003,0.7382808
1999-03-28,6.2,6.586,5.0000005,0.3859377
1999-03-29,7.2000003,6.004,6.2,-1.196094
1999-03-30,9.6,8.6,7.2000003,-0.9984379
1999-03-31,11.1,9.64,9.6,-1.4593754
1999-04-01,13.900001,10.15,11.1,-3.751563
1999-04-02,12.6,11.9,13.900001,-0.7015629
1999-04-03,11.5,11.164,12.6,-0.3359375
1999-04-04,12.0,11.445,11.5,-0.5546875
1999-04-05,11.200001,10.22,12.0,-0.98125076
1999-04-06,14.700001,11.055,11.200001,-3.6453133
1999-04-07,9.700001,13.266,14.700001,3.5656242
1999-04-08,8.400001,7.445,9.700001,-0.9546881
1999-04-09,7.4000006,6.79,8.400001,-0.6109381
1999-04-10,8.1,8.58,7.4000006,0.47812462
1999-04-11,8.200001,8.33,8.1,0.12812424
1999-04-12,8.200001,7.742,8.200001,-0.45781326
1999-04-13,7.7000003,9.37,8.200001,1.6671872
1999-04-14,6.6000004,8.23,7.7000003,1.6265621
1999-04-15,3.6,6.824,6.6000004,3.2242188
1999-04-16,5.9,5.31,3.6,-0.59140635
1999-04-17,8.200001,6.824,5.9,-1.375782
1999-04-18,5.7000003,8.51,8.200001,2.8078122
1999-04-19,7.1000004,6.145,5.7000003,-0.95546913
1999-04-20,11.3,8.1,7.1000004,-3.1984377
1999-04-21,11.400001,11.2,11.3,-0.19687557
1999-04-22,10.6,9.5,11.400001,-1.1000004
1999-04-23,10.0,9.71,10.6,-0.2890625
1999-04-24,8.5,9.11,10.0,0.609375
1999-04-25,10.5,8.375,8.5,-2.125
1999-04-26,10.6,13.2,10.5,2.6031246
1999-04-27,11.700001,10.93,10.6,-0.77031326
1999-04-28,14.300001,11.305,11.700001,-2.9953136
1999-04-29,14.900001,13.27,14.300001,-1.6265631
1999-04-30,14.300001,12.89,14.900001,-1.4093761
1999-05-01,14.900001,12.51,14.300001,-2.392188
1999-05-02,15.900001,14.06,14.900001,-1.8375006
1999-05-03,16.400002,15.27,15.900001,-1.126564
1999-05-04,14.8,14.34,16.400002,-0.4562502
1999-05-05,14.6,13.42,14.8,-1.1781254
1999-05-06,15.8,13.336,14.6,-2.4640627
1999-05-07,15.300001,15.71,15.8,0.41093636
1999-05-08,13.900001,13.77,15.300001,-0.12656307
1999-05-09,15.1,12.94,13.900001,-2.1625004
1999-05-10,16.2,15.26,15.1,-0.94218826
1999-05-11,15.6,14.33,16.2,-1.2718754
1999-05-12,13.8,14.47,15.6,0.6687498
1999-05-13,14.5,13.1,13.8,-1.3984375
1999-05-14,13.200001,13.45,14.5,0.25312424
1999-05-15,12.700001,12.87,13.200001,0.16718674
1999-05-16,12.3,12.55,12.700001,0.24687481
1999-05-17,10.700001,12.7,12.3,2.0031242
1999-05-18,12.700001,10.734,10.700001,-1.9656258
1999-05-19,12.400001,12.15,12.700001,-0.25156307
1999-05-20,12.1,12.66,12.400001,0.5562496
1999-05-21,13.700001,12.62,12.1,-1.0828133
1999-05-22,14.0,13.82,13.700001,-0.1796875
1999-05-23,15.200001,13.74,14.0,-1.4578133
1999-05-24,16.400002,14.555,15.200001,-1.845314
1999-05-25,16.2,16.34,16.400002,0.14374924
1999-05-26,17.800001,15.445,16.2,-2.3546886
1999-05-27,20.5,18.78,17.800001,-1.71875
1999-05-28,20.7,18.98,20.5,-1.7156258
1999-05-29,21.6,19.84,20.7,-1.7562504
1999-05-30,20.6,19.2,21.6,-1.3968754
1999-05-31,20.1,19.52,20.6,-0.5843754
1999-06-01,21.800001,19.05,20.1,-2.7531261
1999-06-02,17.9,21.11,21.800001,3.2093754
1999-06-03,16.300001,15.89,17.9,-0.40937614
1999-06-04,14.6,17.08,16.300001,2.4781246
1999-06-05,12.0,14.58,14.6,2.578125
1999-06-06,14.1,12.375,12.0,-1.7250004
1999-06-07,14.5,14.73,14.1,0.2265625
1999-06-08,12.700001,14.08,14.5,1.3781242
1999-06-09,15.0,13.02,12.700001,-1.9765625
1999-06-10,15.300001,16.02,15.0,0.71562386
1999-06-11,14.6,15.766,15.300001,1.1656246
1999-06-12,16.1,15.71,14.6,-0.38906288
1999-06-13,14.8,17.55,16.1,2.7468748
1999-06-14,14.8,14.83,14.8,0.02812481
1999-06-15,18.0,15.31,14.8,-2.6875
1999-06-16,19.1,18.4,18.0,-0.6937504
1999-06-17,19.0,18.75,19.1,-0.25
1999-06-18,16.6,19.55,19.0,2.9468746
1999-06-19,15.900001,16.56,16.6,0.6624994
1999-06-20,15.300001,17.95,15.900001,2.6531239
1999-06-21,13.8,16.9,15.300001,3.1062498
1999-06-22,13.400001,14.17,13.8,0.7718744
1999-06-23,15.5,14.984,13.400001,-0.515625
1999-06-24,19.1,18.11,15.5,-0.9906254
1999-06-25,21.900002,20.7,19.1,-1.1968765
1999-06-26,18.400002,21.89,21.900002,3.4906235
1999-06-27,15.6,18.06,18.400002,2.4624996
1999-06-28,16.0,15.95,15.6,-0.046875
1999-06-29,18.800001,17.02,16.0,-1.7843761
1999-06-30,17.6,18.47,18.800001,0.8687496
1999-07-01,19.900002,17.3,17.6,-2.6031265
1999-07-02,24.0,21.52,19.900002,-2.484375
1999-07-03,22.1,23.02,24.0,0.9156246
1999-07-04,20.8,20.69,22.1,-0.11249924
1999-07-05,17.9,19.02,20.8,1.1156254
1999-07-06,17.400002,17.77,17.9,0.36562347
1999-07-07,18.5,18.36,17.400002,-0.140625
1999-07-08,18.900002,18.47,18.5,-0.43125153
1999-07-09,20.400002,19.84,18.900002,-0.5562515
1999-07-10,20.0,19.78,20.400002,-0.21875
1999-07-11,21.5,20.16,20.0,-1.34375
1999-07-12,22.5,20.12,21.5,-2.375
1999-07-13,20.6,21.81,22.5,1.2124996
1999-07-14,19.1,19.47,20.6,0.36874962
1999-07-15,17.3,19.02,19.1,1.7156258
1999-07-16,19.400002,17.16,17.3,-2.2437515
1999-07-17,21.800001,19.88,19.400002,-1.9250011
1999-07-18,22.0,21.84,21.800001,-0.15625
1999-07-19,20.1,20.56,22.0,0.46249962
1999-07-20,21.800001,18.62,20.1,-3.1750011
1999-07-21,19.8,20.69,21.800001,0.88750076
1999-07-22,15.900001,19.55,19.8,3.6468744
1999-07-23,14.300001,16.95,15.900001,2.6531239
1999-07-24,17.1,15.59,14.300001,-1.5062504
1999-07-25,20.400002,19.42,17.1,-0.9781265
1999-07-26,22.7,20.86,20.400002,-1.8406258
1999-07-27,22.1,22.8,22.7,0.6968746
1999-07-28,20.1,20.23,22.1,0.13437462
1999-07-29,21.800001,19.6,20.1,-2.2062511
1999-07-30,21.0,21.06,21.800001,0.0625
1999-07-31,21.400002,20.92,21.0,-0.47812653
1999-08-01,21.900002,21.55,21.400002,-0.35312653
1999-08-02,21.0,21.53,21.900002,0.53125
1999-08-03,21.0,18.81,21.0,-2.1875
1999-08-04,21.400002,20.69,21.0,-0.7125015
1999-08-05,21.7,19.83,21.400002,-1.8718758
1999-08-06,20.400002,20.81,21.7,0.41249847
1999-08-07,21.1,18.03,20.400002,-3.0687504
1999-08-08,19.8,20.47,21.1,0.66875076
1999-08-09,20.2,18.38,19.8,-1.8250008
1999-08-10,19.3,18.81,20.2,-0.48749924
1999-08-11,17.1,18.6,19.3,1.4937496
1999-08-12,16.7,17.44,17.1,0.73749924
1999-08-13,16.6,16.36,16.7,-0.24062538
1999-08-14,17.9,18.38,16.6,0.47500038
1999-08-15,17.5,17.3,17.9,-0.203125
1999-08-16,16.800001,17.33,17.5,0.52812386
1999-08-17,17.2,17.16,16.800001,-0.043750763
1999-08-18,17.2,17.47,17.2,0.26874924
1999-08-19,17.1,16.36,17.2,-0.7406254
1999-08-20,16.400002,16.9,17.1,0.5062485
1999-08-21,17.2,18.14,16.400002,0.94062424
1999-08-22,18.1,17.16,17.2,-0.9437504
1999-08-23,18.3,18.81,18.1,0.51250076
1999-08-24,22.8,18.36,18.3,-4.440624
1999-08-25,26.1,22.12,22.8,-3.9750004
1999-08-26,21.1,21.81,26.1,0.7124996
1999-08-27,20.400002,19.58,21.1,-0.8218765
1999-08-28,19.5,18.94,20.400002,-0.5625
1999-08-29,18.3,18.12,19.5,-0.17499924
1999-08-30,17.6,18.53,18.3,0.9312496
1999-08-31,17.9,17.92,17.6,0.021875381
1999-09-01,18.7,18.38,17.9,-0.32500076
1999-09-02,19.400002,19.5,18.7,0.099998474
1999-09-03,17.7,19.9,19.400002,2.2062492
1999-09-04,18.7,19.72,17.7,1.0187492
1999-09-05,20.0,18.88,18.7,-1.125
1999-09-06,18.900002,18.6,20.0,-0.30625153
1999-09-07,17.1,16.83,18.900002,-0.27187538
1999-09-08,16.900002,15.52,17.1,-1.376564
1999-09-09,18.7,17.44,16.900002,-1.2625008
1999-09-10,20.0,18.22,18.7,-1.78125
1999-09-11,21.2,20.45,20.0,-0.74687576
1999-09-12,20.400002,20.66,21.2,0.25624847
1999-09-13,20.1,19.81,20.400002,-0.28750038
1999-09-14,16.900002,19.4,20.1,2.5062485
1999-09-15,13.400001,16.1,16.900002,2.6937494
1999-09-16,14.200001,13.445,13.400001,-0.75468826
1999-09-17,13.0,15.83,14.200001,2.828125
1999-09-18,15.300001,12.625,13.0,-2.6750011
1999-09-19,16.7,14.86,15.300001,-1.8406258
1999-09-20,14.400001,15.14,16.7,0.7406244
1999-09-21,15.6,14.72,14.400001,-0.8812504
1999-09-22,18.5,15.22,15.6,-3.28125
1999-09-23,18.3,18.34,18.5,0.043750763
1999-09-24,17.5,16.3,18.3,-1.203125
1999-09-25,17.5,16.47,17.5,-1.03125
1999-09-26,15.700001,15.49,17.5,-0.20781326
1999-09-27,15.900001,14.24,15.700001,-1.6578131
1999-09-28,15.300001,15.58,15.900001,0.27812386
1999-09-29,16.800001,14.81,15.300001,-1.9875011
1999-09-30,14.8,15.39,16.800001,0.5906248
1999-10-01,14.400001,12.66,14.8,-1.7437506
1999-10-02,14.900001,13.82,14.400001,-1.0796881
1999-10-03,11.3,13.125,14.900001,1.8249998
1999-10-04,8.200001,11.43,11.3,3.2296867
1999-10-05,5.9,8.95,8.200001,3.053125
1999-10-06,6.7000003,7.46,5.9,0.7609372
1999-10-07,6.8,9.9,6.7000003,3.0984373
1999-10-08,9.400001,8.29,6.8,-1.1109381
1999-10-09,12.3,11.695,9.400001,-0.6046877
1999-10-10,10.1,11.266,12.3,1.1656246
1999-10-11,10.5,11.234,10.1,0.734375
1999-10-12,11.900001,12.445,10.5,0.5453119
1999-10-13,14.200001,12.8,11.900001,-1.4031258
1999-10-14,13.0,14.05,14.200001,1.046875
1999-10-15,12.200001,12.67,13.0,0.47187424
1999-10-16,10.0,12.44,12.200001,2.4375
1999-10-17,10.900001,10.24,10.0,-0.6578131
1999-10-18,8.900001,11.9,10.900001,2.998437
1999-10-19,9.900001,9.19,8.900001,-0.7125006
1999-10-20,12.6,9.96,9.900001,-2.639063
1999-10-21,12.900001,12.11,12.6,-0.7906256
1999-10-22,13.5,12.24,12.900001,-1.2578125
1999-10-23,12.700001,12.88,13.5,0.18281174
1999-10-24,13.1,12.5,12.700001,-0.6000004
1999-10-25,13.1,12.18,13.1,-0.9203129
1999-10-26,10.400001,12.28,13.1,1.8812494
1999-10-27,10.900001,11.21,10.400001,0.31093693
1999-10-28,14.300001,13.26,10.900001,-1.0421886
1999-10-29,16.300001,12.586,14.300001,-3.7140636
1999-10-30,16.300001,13.055,16.300001,-3.2453136
1999-10-31,10.8,13.06,16.300001,2.2624998
1999-11-01,14.5,9.945,10.8,-4.5546875
1999-11-02,12.3,14.09,14.5,1.7937498
1999-11-03,6.8,11.31,12.3,4.5125
1999-11-04,4.7000003,7.812,6.8,3.1124997
1999-11-05,8.6,4.95,4.7000003,-3.6507816
1999-11-06,6.7000003,11.29,8.6,4.589062
1999-11-07,4.4,6.664,6.7000003,2.2640624
1999-11-08,4.8,5.918,4.4,1.1179686
1999-11-09,8.8,7.258,4.8,-1.5421877
1999-11-10,6.8,7.844,8.8,1.0437498
1999-11-11,5.6000004,7.062,6.8,1.4624996
1999-11-12,5.3,6.15,5.6000004,0.8484373
1999-11-13,5.5,4.63,5.3,-0.87109375
1999-11-14,2.0,5.414,5.5,3.4140625
1999-11-15,2.4000006,2.52,2.0,0.11953068
1999-11-16,-0.5999994,2.61,2.4000006,3.2093744
1999-11-17,2.1000004,1.727,-0.5999994,-0.37343788
1999-11-18,2.3000007,2.93,2.1000004,0.62968683
1999-11-19,2.0,3.77,2.3000007,1.7695312
1999-11-20,0.5,2.863,2.0,2.3632812
1999-11-21,-0.8000002,0.797,0.5,1.5968752
1999-11-22,0.0,-0.0547,-0.8000002,-0.0546875
1999-11-23,3.4000006,0.7188,0.0,-2.6812506
1999-11-24,5.5,4.555,3.4000006,-0.9453125
1999-11-25,5.1,4.93,5.5,-0.1703124
1999-11-26,3.8000002,3.672,5.1,-0.12812519
1999-11-27,7.7000003,4.45,3.8000002,-3.2507815
1999-11-28,5.7000003,9.17,7.7000003,3.4718747
1999-11-29,5.0000005,6.15,5.7000003,1.148437
1999-11-30,1.9000006,5.332,5.0000005,3.4320307
1999-12-01,6.2,3.184,1.9000006,-3.016406
1999-12-02,8.1,7.984,6.2,-0.11562538
1999-12-03,7.6000004,6.43,8.1,-1.1703129
1999-12-04,7.3,7.812,7.6000004,0.5124998
1999-12-05,1.3000002,5.227,7.3,3.9265623
1999-12-06,2.2000003,1.328,1.3000002,-0.8718753
1999-12-07,4.7000003,4.65,2.2000003,-0.051562786
1999-12-08,9.200001,7.195,4.7000003,-2.0046883
1999-12-09,7.2000003,8.13,9.200001,0.9328122
1999-12-10,4.7000003,5.777,7.2000003,1.0773435
1999-12-11,10.400001,3.91,4.7000003,-6.4898443
1999-12-12,9.1,10.23,10.400001,1.1265621
1999-12-13,6.0000005,6.82,9.1,0.820312
1999-12-14,4.5000005,5.336,6.0000005,0.835937
1999-12-15,-0.3000002,4.273,4.5000005,4.5734377
1999-12-16,-1.3000002,-0.961,-0.3000002,0.3390627
1999-12-17,1.3999996,-1.102,-1.3000002,-2.501562
1999-12-18,8.900001,5.36,1.3999996,-3.5406256
1999-12-19,4.8,9.1,8.900001,4.3015623
1999-12-20,-1.3000002,6.125,4.8,7.425
1999-12-21,-1.6999998,-1.172,-1.3000002,0.5281248
1999-12-22,0.70000076,-1.25,-1.6999998,-1.9500008
1999-12-23,3.7000003,1.828,0.70000076,-1.8718753
1999-12-24,8.700001,4.24,3.7000003,-4.4617195
1999-12-25,8.200001,8.586,8.700001,0.38593674
1999-12-26,10.0,6.56,8.200001,-3.4414062
1999-12-27,5.5,9.195,10.0,3.6953125
1999-12-28,3.3000002,2.523,5.5,-0.7765627
1999-12-29,1.8000002,2.047,3.3000002,0.24687481
1999-12-30,2.6000004,0.9844,1.8000002,-1.6156254
1999-12-31,5.7000003,2.445,2.6000004,-3.2546878
