DATE,LAMBX,LAMBY,T_observed,T_predicted,residual,absolute_error
2000-01-01,7240,20810,-0.4,1.4105918,-1.8105918407440185,1.8105918407440185
2000-01-01,3480,18890,3.3,6.2947383,-2.994738292694092,2.994738292694092
2000-01-01,7480,20890,1.6,4.1053925,-2.5053924560546874,2.5053924560546874
2000-01-01,5720,22970,3.7,5.203387,-1.5033867835998533,1.5033867835998533
2000-01-01,4920,21850,3.9,5.018533,-1.118533229827881,1.118533229827881
2000-01-01,5400,17290,-2.3,-1.5589952,-0.7410047531127928,0.7410047531127928
2000-01-01,4760,18970,3.9,6.692136,-2.792135810852051,2.792135810852051
2000-01-01,10760,22170,-5.1,-4.4465103,-0.6534896850585934,0.6534896850585934
2000-01-01,9240,18730,2.1,2.4778874,-0.3778873920440673,0.3778873920440673
2000-01-01,6280,20250,-1.4,0.18120727,-1.5812072694301604,1.5812072694301604
2000-01-01,10360,23050,1.1,2.3954003,-1.295400285720825,1.295400285720825
2000-01-01,8440,22650,2.3,3.4062102,-1.1062101840972902,1.1062101840972902
2000-01-01,6920,22090,3.1,4.0238066,-0.9238065719604491,0.9238065719604491
2000-01-01,6360,18730,2.6,5.1862144,-2.5862144470214843,2.5862144470214843
2000-01-01,8840,19450,-1.5,-0.75696623,-0.743033766746521,0.743033766746521
2000-01-01,5160,25050,3.9,5.4596357,-1.5596357345581056,1.5596357345581056
2000-01-01,3480,18410,4.4,6.921732,-2.5217319488525387,2.5217319488525387
2000-01-01,8440,22970,1.8,2.8532376,-1.0532376289367675,1.0532376289367675
2000-01-01,5720,19290,2.4,4.572267,-2.1722670555114747,2.1722670555114747
2000-01-01,4200,19210,3.2,6.118432,-2.91843204498291,2.91843204498291
2000-01-01,6040,19130,2.0,3.7966087,-1.7966086864471436,1.7966086864471436
2000-01-01,9560,20410,-6.3,-4.244705,-2.0552947998046873,2.0552947998046873
2000-01-01,8600,23210,1.3,2.0748837,-0.7748836994171142,0.7748836994171142
2000-01-01,10520,24090,-0.3,0.4976743,-0.7976742863655091,0.7976742863655091
2000-01-01,5320,23610,3.6,5.148331,-1.5483311653137206,1.5483311653137206
2000-01-01,5160,21370,3.4,4.947261,-1.547260856628418,1.547260856628418
2000-01-01,7560,21370,1.5,2.831933,-1.3319330215454102,1.3319330215454102
2000-01-01,4040,23290,4.5,5.793406,-1.2934060096740723,1.2934060096740723
2000-01-01,3240,24250,4.4,5.90244,-1.5024400711059567,1.5024400711059567
2000-01-01,5400,20810,2.9,4.2851205,-1.3851204872131349,1.3851204872131349
2000-01-01,6040,24810,3.5,4.948036,-1.4480361938476562,1.4480361938476562
2000-01-01,5800,24010,3.3,4.6206436,-1.3206436157226564,1.3206436157226564
2000-01-01,8360,22570,2.3,3.5462294,-1.2462293624877931,1.2462293624877931
2000-01-01,3560,20810,4.8,6.718728,-1.9187280654907228,1.9187280654907228
2000-01-01,8760,20410,-3.0,-1.0571654,-1.9428346157073975,1.9428346157073975
2000-01-01,5640,18250,4.9,7.0241003,-2.124100303649902,2.124100303649902
2000-01-01,3720,20890,4.7,6.413955,-1.7139552116394041,1.7139552116394041
2000-01-01,11720,16570,4.2,5.6857924,-1.4857924461364744,1.4857924461364744
2000-01-01,10680,23130,0.9,2.2414265,-1.341426467895508,1.341426467895508
2000-01-01,7800,25610,1.7,2.208228,-0.5082281112670899,0.5082281112670899
2000-01-01,2840,23210,4.8,6.88104,-2.081040096282959,2.081040096282959
2000-01-01,5880,25930,4.1,4.988752,-0.8887518882751468,0.8887518882751468
2000-01-01,6840,19530,-0.6,1.2611343,-1.8611342668533326,1.8611342668533326
2000-01-01,6280,23370,3.9,4.3880315,-0.4880314826965333,0.4880314826965333
2000-01-01,3640,22810,4.5,6.592277,-2.0922770500183105,2.0922770500183105
2000-01-01,6200,25850,3.7,4.011525,-0.31152515411376935,0.31152515411376935
2000-01-01,7560,23690,3.1,4.131923,-1.031923198699951,1.031923198699951
2000-01-01,8440,22810,2.3,3.4062102,-1.1062101840972902,1.1062101840972902
2000-01-01,6920,24810,3.2,4.235535,-1.035535144805908,1.035535144805908
2000-01-01,6840,21930,3.0,3.986015,-0.9860150814056396,0.9860150814056396
2000-01-01,5960,17850,4.7,6.70578,-2.005780029296875,2.005780029296875
2000-01-01,4840,22890,3.9,5.2723446,-1.3723445892333985,1.3723445892333985
2000-01-01,10200,23210,-1.1,0.19951858,-1.2995185762643815,1.2995185762643815
2000-01-01,9160,19210,-4.0,-1.0866507,-2.9133492708206177,2.9133492708206177
2000-01-01,11480,16410,7.2,8.256456,-1.0564563751220701,1.0564563751220701
2000-01-01,3080,22330,4.9,7.1169214,-2.2169214248657223,2.2169214248657223
2000-01-01,6760,19290,0.3,1.8680575,-1.5680574893951416,1.5680574893951416
2000-01-01,7800,20730,1.6,3.6825593,-2.0825592517852782,2.0825592517852782
2000-01-01,6520,17850,6.7,8.455308,-1.7553079605102537,1.7553079605102537
2000-01-01,6520,17930,6.5,8.442762,-1.9427623748779297,1.9427623748779297
2000-01-01,3240,19050,3.7,6.768724,-3.068723964691162,3.068723964691162
2000-01-01,8920,23130,1.3,2.517675,-1.2176749229431152,1.2176749229431152
2000-01-01,3960,20090,4.5,6.598257,-2.098257064819336,2.098257064819336
2000-01-01,2920,24090,5.4,6.6898565,-1.2898565292358395,1.2898565292358395
2000-01-01,8920,20250,-4.3,-2.7167068,-1.5832932472229002,1.5832932472229002
2000-01-01,3480,24810,5.9,6.3780656,-0.47806558609008754,0.47806558609008754
2000-01-01,8040,19210,4.4,5.4917893,-1.0917893409729,1.0917893409729
2000-01-01,8840,21530,-2.3,-0.53904873,-1.760951268672943,1.760951268672943
2000-01-01,2360,23930,6.1,6.57393,-0.47392978668212926,0.47392978668212926
2000-01-01,10680,21850,-5.7,-5.5198617,-0.1801383018493654,0.1801383018493654
2000-01-01,9160,21690,1.9,3.2091613,-1.3091612815856934,1.3091612815856934
2000-01-01,8280,21770,2.3,4.1067653,-1.8067652702331545,1.8067652702331545
2000-01-01,9160,18730,2.8,3.3077734,-0.5077733516693117,0.5077733516693117
2000-01-01,5560,23770,3.5,4.8774524,-1.3774523735046387,1.3774523735046387
2000-01-01,6680,24970,3.0,3.9896488,-0.9896488189697266,0.9896488189697266
2000-01-01,4680,19370,4.2,6.503636,-2.3036358833312987,2.3036358833312987
2000-01-01,5400,18490,3.7,6.265134,-2.5651338577270506,2.5651338577270506
2000-01-01,9640,19530,-5.8,-4.3950953,-1.4049046516418455,1.4049046516418455
2000-01-01,5720,18410,3.6,5.99538,-2.39537992477417,2.39537992477417
2000-01-01,3560,21690,4.9,6.757425,-1.8574248313903805,1.8574248313903805
2000-01-01,9240,21610,0.4,2.660257,-2.26025710105896,2.26025710105896
2000-01-01,3640,22970,4.7,6.3852005,-1.685200500488281,1.685200500488281
2000-01-01,5720,22890,3.6,5.142325,-1.542324924468994,1.542324924468994
2000-01-01,3640,17770,0.1,1.3957444,-1.2957444429397582,1.2957444429397582
2000-01-01,7080,18810,4.5,7.12992,-2.62992000579834,2.62992000579834
2000-01-01,8680,24810,2.0,2.759733,-0.7597329616546631,0.7597329616546631
2000-01-01,5000,24010,2.9,4.892125,-1.9921251296997071,1.9921251296997071
2000-01-01,3800,19850,3.7,6.388264,-2.688264179229736,2.688264179229736
2000-01-01,3000,22970,4.7,7.0266833,-2.3266833305358885,2.3266833305358885
2000-01-01,8200,23370,1.5,2.208208,-0.7082080841064453,0.7082080841064453
2000-01-01,10200,24090,2.1,2.7228339,-0.6228338718414306,0.6228338718414306
2000-01-01,8120,19850,2.7,4.0484657,-1.3484657287597654,1.3484657287597654
2000-01-01,3960,23610,3.9,5.368522,-1.4685221672058106,1.4685221672058106
2000-01-01,7000,18730,4.0,4.832253,-0.8322529792785645,0.8322529792785645
2000-01-01,5640,24650,3.4,5.1839056,-1.783905601501465,1.783905601501465
2000-01-01,7000,21290,1.8,3.6282234,-1.828223419189453,1.828223419189453
2000-01-01,5480,23450,3.5,5.0425,-1.5425000190734863,1.5425000190734863
2000-01-01,6200,18170,4.6,6.995123,-2.395122909545899,2.395122909545899
2000-01-01,8600,24330,2.6,3.0014162,-0.4014162063598632,0.4014162063598632
2000-01-01,5640,25610,4.4,5.3760824,-0.9760824203491207,0.9760824203491207
2000-01-01,9240,18170,5.3,6.8283534,-1.5283534049987795,1.5283534049987795
2000-01-01,8760,18010,8.0,8.636638,-0.6366376876831055,0.6366376876831055
2000-01-01,5800,26330,3.8,4.656039,-0.8560392379760744,0.8560392379760744
2000-01-01,5160,19210,2.8,5.5837755,-2.783775520324707,2.783775520324707
2000-01-01,5400,24490,3.4,5.1995816,-1.7995816230773927,1.7995816230773927
2000-01-01,4600,18330,3.2,5.344936,-2.144935894012451,2.144935894012451
2000-01-01,9080,18650,3.8,5.4428983,-1.6428982734680178,1.6428982734680178
2000-01-01,8760,24570,2.8,3.0201929,-0.220192861557007,0.220192861557007
2000-01-01,8760,23530,1.4,1.9070888,-0.5070887565612794,0.5070887565612794
2000-01-01,11240,22890,-0.4,1.0283366,-1.4283366441726684,1.4283366441726684
2000-01-01,7560,22570,1.9,2.742004,-0.8420039176940919,0.8420039176940919
2000-01-01,7560,20810,1.8,3.6572216,-1.8572215557098388,1.8572215557098388
2000-01-01,7880,23690,2.3,2.8846755,-0.5846755027770998,0.5846755027770998
2000-01-01,8280,21210,1.4,3.1982162,-1.798216199874878,1.798216199874878
2000-01-01,4840,22730,4.2,5.832031,-1.6320307731628416,1.6320307731628416
2000-01-01,7000,25450,3.0,3.3697944,-0.3697943687438965,0.3697943687438965
2000-01-01,6280,18810,2.5,5.0958347,-2.595834732055664,2.595834732055664
2000-01-01,6200,19450,2.5,4.436607,-1.9366068840026855,1.9366068840026855
2000-01-01,6120,24810,3.6,5.0828457,-1.4828456878662108,1.4828456878662108
2000-01-01,1640,23930,5.2,6.250507,-1.0505068778991697,1.0505068778991697
2000-01-01,8840,21610,-2.9,-1.1743392,-1.7256608247756957,1.7256608247756957
2000-01-01,6040,25610,3.5,3.9163206,-0.4163205623626709,0.4163205623626709
2000-01-01,4520,25290,5.1,6.5462365,-1.4462365150451664,1.4462365150451664
2000-01-01,8280,20970,2.1,3.9462807,-1.8462807178497314,1.8462807178497314
2000-01-01,7080,18650,3.6,6.2414765,-2.641476535797119,2.641476535797119
2000-01-01,10280,21450,-5.7,-5.254459,-0.44554109573364276,0.44554109573364276
2000-01-01,8920,24970,2.0,2.3925138,-0.3925137519836426,0.3925137519836426
2000-01-01,9080,19450,-1.5,0.53225946,-2.032259464263916,2.032259464263916
2000-01-01,9640,25130,1.3,1.9494708,-0.6494707584381103,0.6494707584381103
2000-01-01,10520,24010,-0.3,0.590872,-0.8908719897270203,0.8908719897270203
2000-01-01,7880,22650,1.6,2.532336,-0.9323359966278075,0.9323359966278075
2000-01-01,5880,22090,3.4,4.832023,-1.4320231437683106,1.4320231437683106
2000-01-01,6600,21370,2.6,4.055006,-1.4550060272216796,1.4550060272216796
2000-01-01,3240,21690,5.1,7.0238934,-1.9238933563232425,1.9238933563232425
2000-01-01,3480,18250,5.0,6.9310007,-1.9310007095336914,1.9310007095336914
2000-01-01,7480,19850,-2.0,-0.084915854,-1.915084145963192,1.915084145963192
2000-01-01,5080,24890,4.4,6.211194,-1.811194038391113,1.811194038391113
2000-01-01,7400,25610,2.4,2.8714323,-0.4714323043823243,0.4714323043823243
2000-01-01,11240,22490,-4.5,-4.0164294,-0.48357057571411133,0.48357057571411133
2000-01-01,8360,23370,1.5,2.1537156,-0.6537156105041504,0.6537156105041504
2000-01-01,10200,23130,-0.6,0.8756733,-1.475673294067383,1.475673294067383
2000-01-01,8040,20410,1.8,3.9506416,-2.1506416320800783,2.1506416320800783
2000-01-01,9800,22330,0.1,1.6915803,-1.591580295562744,1.591580295562744
2000-01-01,7880,24410,2.8,3.27915,-0.4791500091552736,0.4791500091552736
2000-01-01,3240,24730,5.8,6.5101585,-0.7101585388183596,0.7101585388183596
2000-01-01,8760,21690,-2.9,-0.49069118,-2.4093088150024413,2.4093088150024413
2000-01-01,9960,24650,1.5,2.2910554,-0.79105544090271,0.79105544090271
2000-01-01,2840,22010,5.0,7.1685696,-2.168569564819336,2.168569564819336
2000-01-01,10760,22010,-4.0,-3.900521,-0.09947896003723145,0.09947896003723145
2000-01-01,7000,19530,-1.9,0.20757362,-2.1075736224651336,2.1075736224651336
2000-01-01,7160,18330,6.4,8.24554,-1.8455396652221676,1.8455396652221676
2000-01-01,7480,21610,2.0,3.1413426,-1.1413426399230957,1.1413426399230957
2000-01-01,7000,26170,3.7,4.4983807,-0.798380661010742,0.798380661010742
2000-01-01,5160,24410,3.7,5.4962144,-1.7962143898010252,1.7962143898010252
2000-01-01,5080,21770,4.0,5.3625474,-1.3625473976135254,1.3625473976135254
2000-01-01,7960,18170,5.7,6.7262316,-1.0262315750122069,1.0262315750122069
2000-01-01,5880,21050,1.3,3.003324,-1.703324031829834,1.703324031829834
2000-01-01,8280,18330,6.0,7.91398,-1.9139800071716309,1.9139800071716309
2000-01-01,6120,22810,3.5,4.217973,-0.7179732322692871,0.7179732322692871
2000-01-01,3800,18730,3.5,6.524241,-3.0242409706115723,3.0242409706115723
2000-01-01,9080,24490,2.2,2.9214475,-0.7214475154876707,0.7214475154876707
2000-01-01,6040,22890,3.4,4.6771364,-1.2771364212036134,1.2771364212036134
2000-01-01,7320,21290,2.4,4.120021,-1.720020866394043,1.720020866394043
2000-01-01,6280,24970,3.6,4.8212643,-1.2212642669677733,1.2212642669677733
2000-01-01,11640,16490,5.9,7.333639,-1.4336391448974606,1.4336391448974606
2000-01-01,9800,21610,-4.5,-3.901003,-0.5989971160888672,0.5989971160888672
2000-01-01,4200,22570,4.7,6.0395823,-1.3395822525024412,1.3395822525024412
2000-01-01,6520,18410,3.5,5.954813,-2.454813003540039,2.454813003540039
2000-01-01,4920,22730,4.3,5.6353106,-1.3353106498718263,1.3353106498718263
2000-01-01,6360,19370,2.0,3.4558141,-1.4558141231536865,1.4558141231536865
2000-01-01,4840,23130,4.8,5.6159115,-0.8159114837646486,0.8159114837646486
2000-01-01,4120,20250,4.6,6.511128,-1.9111279487609867,1.9111279487609867
2000-01-01,4600,22330,4.6,5.959524,-1.3595241546630863,1.3595241546630863
2000-01-01,5560,22330,3.8,5.0413513,-1.2413513183593752,1.2413513183593752
2000-01-01,11080,22970,0.3,1.7169074,-1.4169073820114135,1.4169073820114135
2000-01-01,7000,24170,2.9,3.395488,-0.49548802375793466,0.49548802375793466
2000-01-01,7720,25210,2.2,2.9186819,-0.7186818599700926,0.7186818599700926
2000-01-01,7560,23770,3.4,4.1730986,-0.7730985641479493,0.7730985641479493
2000-01-01,7000,24250,2.9,3.320175,-0.4201749324798585,0.4201749324798585
2000-01-01,9800,18810,2.1,2.9422014,-0.8422013759613036,0.8422013759613036
2000-01-01,1080,23930,7.1,7.656733,-0.5567330360412601,0.5567330360412601
2000-01-01,1400,23370,6.3,7.1351824,-0.8351823806762697,0.8351823806762697
2000-01-01,3720,22250,4.1,5.921802,-1.8218020439147953,1.8218020439147953
2000-01-01,7800,24650,3.1,3.6264157,-0.526415729522705,0.526415729522705
2000-01-01,5800,19690,2.7,4.0496674,-1.3496673583984373,1.3496673583984373
2000-01-01,5960,22250,3.4,4.7921324,-1.3921323776245118,1.3921323776245118
2000-01-01,5880,21530,2.0,3.0910916,-1.0910916328430176,1.0910916328430176
2000-01-01,3400,18810,3.3,6.347253,-3.0472528457641603,3.0472528457641603
2000-01-01,4360,21610,4.1,5.6727514,-1.5727514266967777,1.5727514266967777
2000-01-01,1480,24250,6.9,7.1902747,-0.29027471542358363,0.29027471542358363
2000-01-01,9000,19370,-2.1,-0.9603805,-1.1396195054054261,1.1396195054054261
2000-01-01,5320,24490,3.4,5.3935018,-1.9935017585754395,1.9935017585754395
2000-01-01,8440,22250,2.5,3.9838264,-1.4838263988494873,1.4838263988494873
2000-01-01,5400,17930,3.8,5.861225,-2.0612251281738283,2.0612251281738283
2000-01-01,5000,25370,4.9,6.1928186,-1.2928186416625973,1.2928186416625973
2000-01-01,11480,17130,0.4,1.1539438,-0.7539437770843506,0.7539437770843506
2000-01-01,5960,23050,3.6,4.730035,-1.130034828186035,1.130034828186035
2000-01-01,9480,20090,-5.1,-4.171261,-0.9287391662597653,0.9287391662597653
2000-01-01,4680,25210,4.7,6.1945686,-1.494568634033203,1.494568634033203
2000-01-01,2120,23610,4.9,6.2086544,-1.308654403686523,1.308654403686523
2000-01-01,5720,18090,5.2,7.416612,-2.216612148284912,2.216612148284912
2000-01-01,7240,20570,-1.6,0.21843758,-1.8184375822544099,1.8184375822544099
2000-01-01,8280,20410,1.0,3.0966215,-2.096621513366699,2.096621513366699
2000-01-01,9960,21690,-5.8,-5.254459,-0.5455410957336424,0.5455410957336424
2000-01-01,8360,22890,2.0,3.1482203,-1.1482203006744385,1.1482203006744385
2000-01-01,6280,17050,4.0,5.5394797,-1.5394797325134277,1.5394797325134277
2000-01-01,6040,25450,4.0,4.8069687,-0.8069686889648438,0.8069686889648438
2000-01-01,3320,23690,4.5,6.0756335,-1.5756335258483887,1.5756335258483887
2000-01-01,5400,24090,3.6,5.042035,-1.4420351028442382,1.4420351028442382
2000-01-01,3080,25290,6.4,7.141781,-0.741780853271484,0.741780853271484
2000-01-01,6760,22250,3.0,3.8828323,-0.8828322887420654,0.8828322887420654
2000-01-01,2840,22970,4.8,7.0222845,-2.222284507751465,2.222284507751465
2000-01-01,8520,22810,2.4,3.4755898,-1.0755897521972657,1.0755897521972657
2000-01-01,5800,22330,3.6,4.9817204,-1.3817204475402831,1.3817204475402831
2000-01-01,6280,26010,3.6,4.206527,-0.6065272331237792,0.6065272331237792
2000-01-01,2440,24170,6.1,6.915917,-0.8159169197082523,0.8159169197082523
2000-01-01,3320,24810,5.9,6.6273775,-0.7273775100708004,0.7273775100708004
2000-01-01,8680,24010,1.8,2.319259,-0.5192589282989502,0.5192589282989502
2000-01-01,2600,23530,4.8,6.024685,-1.2246849060058596,1.2246849060058596
2000-01-01,3560,20970,4.8,6.7845764,-1.9845764160156252,1.9845764160156252
2000-01-01,8200,18490,4.9,6.9790287,-2.079028701782226,2.079028701782226
2000-01-01,5880,20010,1.6,3.5808725,-1.9808725357055663,1.9808725357055663
2000-01-01,7240,22010,2.6,3.3455675,-0.7455674648284911,0.7455674648284911
2000-01-01,3560,20490,5.1,6.9919324,-1.8919323921203617,1.8919323921203617
2000-01-01,9880,21450,-3.8,-1.0864502,-2.713549780845642,2.713549780845642
2000-01-01,8040,19930,3.3,5.169197,-1.8691970825195314,1.8691970825195314
2000-01-01,7880,20730,2.1,4.171713,-2.071712875366211,2.071712875366211
2000-01-01,3400,24330,4.6,5.680531,-1.0805310249328617,1.0805310249328617
2000-01-01,2520,23130,4.9,6.7720227,-1.872022724151611,1.872022724151611
2000-01-01,3960,18250,3.4,5.776214,-2.376214122772217,2.376214122772217
2000-01-01,10120,24650,2.0,2.9128878,-0.9128878116607666,0.9128878116607666
2000-01-01,8120,21450,2.1,3.9209979,-1.8209978580474853,1.8209978580474853
2000-01-01,11880,17610,9.0,10.051633,-1.0516328811645508,1.0516328811645508
2000-01-01,6600,17690,6.8,8.531531,-1.73153133392334,1.73153133392334
2000-01-01,11160,23450,-0.3,0.52793914,-0.8279391407966614,0.8279391407966614
2000-01-01,8120,21530,2.2,3.9086783,-1.7086782932281492,1.7086782932281492
2000-01-01,6280,20570,-0.4,1.044081,-1.4440809726715087,1.4440809726715087
2000-01-01,6120,23370,3.9,4.431323,-0.5313230514526368,0.5313230514526368
2000-01-01,10120,21450,-6.7,-6.4353814,-0.26461858749389666,0.26461858749389666
2000-01-01,2680,22970,4.9,7.0624475,-2.1624475479125973,2.1624475479125973
2000-01-01,5880,21370,2.2,3.4700084,-1.2700083732604979,1.2700083732604979
2000-01-01,3880,24250,3.7,4.9699144,-1.2699144363403319,1.2699144363403319
2000-01-01,8600,21530,-1.3,0.79000616,-2.090006160736084,2.090006160736084
2000-01-01,8040,18970,4.5,6.0893955,-1.589395523071289,1.589395523071289
2000-01-01,1640,24090,5.6,6.3688483,-0.7688483238220218,0.7688483238220218
2000-01-01,3000,22890,4.7,6.9558415,-2.255841541290283,2.255841541290283
2000-01-01,9080,21610,1.8,3.2188447,-1.4188446521759033,1.4188446521759033
2000-01-01,6120,23450,3.9,4.357778,-0.4577780723571778,0.4577780723571778
2000-01-01,3960,18330,3.9,6.1339526,-2.2339526176452638,2.2339526176452638
2000-01-01,4840,20810,3.3,4.825972,-1.525972080230713,1.525972080230713
2000-01-01,9640,24970,1.7,2.366813,-0.6668129444122315,0.6668129444122315
2000-01-01,10120,22970,1.4,2.687752,-1.2877520084381104,1.2877520084381104
2000-01-01,4680,17610,0.1,0.90903956,-0.8090395569801331,0.8090395569801331
2000-01-01,6360,24730,3.4,4.805167,-1.4051671981811524,1.4051671981811524
2000-01-01,5960,23290,3.5,4.7771106,-1.2771105766296387,1.2771105766296387
2000-01-01,5480,23370,3.4,5.1259723,-1.7259722709655763,1.7259722709655763
2000-01-01,11880,16570,8.2,9.032586,-0.8325860977172859,0.8325860977172859
2000-01-01,7160,22970,2.8,3.6253438,-0.8253437995910646,0.8253437995910646
2000-01-01,5080,23850,3.7,5.0619564,-1.3619564056396483,1.3619564056396483
2000-01-01,7480,19050,4.8,6.216798,-1.4167978286743166,1.4167978286743166
2000-01-01,5400,22170,3.6,5.16957,-1.569569969177246,1.569569969177246
2000-01-01,8520,20570,0.2,2.3579903,-2.157990264892578,2.157990264892578
2000-01-01,6920,19610,-2.0,-0.17821701,-1.8217829912900925,1.8217829912900925
2000-01-01,7240,21930,1.7,2.9727848,-1.2727847576141358,1.2727847576141358
2000-01-01,4120,23930,3.6,4.9297433,-1.3297432899475097,1.3297432899475097
2000-01-01,5160,21050,2.9,4.583145,-1.6831451416015626,1.6831451416015626
2000-01-01,6360,20810,0.2,1.449514,-1.2495140314102173,1.2495140314102173
2000-01-01,3640,22090,4.3,6.0066166,-1.7066165924072267,1.7066165924072267
2000-01-01,2840,21690,6.0,7.6057243,-1.6057243347167969,1.6057243347167969
2000-01-01,8360,19610,-0.3,0.92971516,-1.2297151565551758,1.2297151565551758
2000-01-01,7400,19210,4.1,5.764511,-1.6645111083984379,1.6645111083984379
2000-01-01,3320,19690,5.9,8.559439,-2.6594387054443356,2.6594387054443356
2000-01-01,9160,22810,1.1,2.5582337,-1.4582337379455566,1.4582337379455566
2000-01-01,5240,18330,4.0,6.6720724,-2.672072410583496,2.672072410583496
2000-01-01,3080,21690,5.0,7.0560985,-2.056098461151123,2.056098461151123
2000-01-01,6120,20170,-0.6,1.6295277,-2.2295276880264283,2.2295276880264283
2000-01-01,8360,19690,0.2,1.3723836,-1.1723835945129395,1.1723835945129395
2000-01-01,6040,21770,3.6,4.622131,-1.0221308708190917,1.0221308708190917
2000-01-01,6120,19770,1.5,3.1058252,-1.6058251857757568,1.6058251857757568
2000-01-01,5800,17850,4.2,5.9974065,-1.797406482696533,1.797406482696533
2000-01-01,1720,23930,5.2,6.2460403,-1.046040344238281,1.046040344238281
2000-01-01,7560,21130,2.0,3.4921117,-1.4921116828918457,1.4921116828918457
2000-01-01,6840,19690,-1.3,0.65646756,-1.9564675569534302,1.9564675569534302
2000-01-01,5560,20890,2.6,4.0601115,-1.4601115226745605,1.4601115226745605
2000-01-01,6680,19610,-1.6,0.4470218,-2.0470218122005464,2.0470218122005464
2000-01-01,3640,19690,3.8,6.3250813,-2.5250813484191896,2.5250813484191896
2000-01-01,5800,22730,3.7,5.225582,-1.5255821228027342,1.5255821228027342
2000-01-01,5320,18970,3.6,6.3046556,-2.7046555519104003,2.7046555519104003
2000-01-01,8360,23450,1.5,2.1449852,-0.6449851989746094,0.6449851989746094
2000-01-01,7800,25050,2.6,3.137895,-0.537895107269287,0.537895107269287
2000-01-01,5080,19130,3.1,5.5205054,-2.420505428314209,2.420505428314209
2000-01-01,6200,18090,5.7,7.904563,-2.204562950134277,2.204562950134277
2000-01-01,3080,22250,5.0,7.0990167,-2.0990166664123535,2.0990166664123535
2000-01-01,5160,19610,3.7,5.3666334,-1.6666334152221678,1.6666334152221678
2000-01-01,5640,20090,2.9,4.569466,-1.6694661140441895,1.6694661140441895
2000-01-01,6440,26410,4.5,4.8213115,-0.32131147384643555,0.32131147384643555
2000-01-01,7960,23690,2.3,2.883832,-0.5838319778442385,0.5838319778442385
2000-01-01,6920,26090,3.9,4.898972,-0.9989720344543458,0.9989720344543458
2000-01-01,8760,19610,-2.3,-1.1995661,-1.1004338741302488,1.1004338741302488
2000-01-01,4520,20090,4.3,5.7921643,-1.4921643257141115,1.4921643257141115
2000-01-01,3880,18490,4.1,6.4035416,-2.3035415649414066,2.3035415649414066
2000-01-01,8920,24410,2.4,2.70066,-0.30065999031066903,0.30065999031066903
2000-01-01,5800,17530,1.3,2.248515,-0.9485148906707763,0.9485148906707763
2000-01-01,5240,21050,2.9,4.699588,-1.7995878219604493,1.7995878219604493
2000-01-01,3960,23770,3.7,5.015116,-1.315116214752197,1.315116214752197
2000-01-01,9560,19770,-5.3,-4.154862,-1.1451380729675291,1.1451380729675291
2000-01-01,5000,23130,4.9,5.772715,-0.8727150917053219,0.8727150917053219
2000-01-01,6360,26570,4.3,5.091742,-0.7917420387268068,0.7917420387268068
2000-01-01,4360,19290,3.6,6.7339754,-3.1339754104614257,3.1339754104614257
2000-01-01,7320,18890,4.8,6.528639,-1.7286388397216799,1.7286388397216799
2000-01-01,5240,24970,3.7,5.3496437,-1.6496437072753904,1.6496437072753904
2000-01-01,11640,22570,-4.6,-4.0316324,-0.5683675765991207,0.5683675765991207
2000-01-01,4520,19930,4.3,5.7882333,-1.488233280181885,1.488233280181885
2000-01-01,5240,24250,3.8,5.2400546,-1.4400546073913576,1.4400546073913576
2000-01-01,8760,21850,-2.7,-0.45310387,-2.246896129846573,2.246896129846573
2000-01-01,10200,23530,-0.5,0.6686045,-1.1686044931411743,1.1686044931411743
2000-01-01,4040,20410,4.3,6.151267,-1.8512670516967775,1.8512670516967775
2000-01-01,7960,18250,5.7,7.3272066,-1.6272066116333006,1.6272066116333006
2000-02-01,10840,22890,3.9,2.522028,1.3779720306396483,1.3779720306396483
2000-02-01,11400,17370,2.5,2.3222969,0.1777031421661377,0.1777031421661377
2000-02-01,5320,18250,8.0,7.0159583,0.984041690826416,0.984041690826416
2000-02-01,10840,22810,4.3,2.7100542,1.5899458408355711,1.5899458408355711
2000-02-01,5720,25610,6.7,4.710665,1.9893347740173342,1.9893347740173342
2000-02-01,5800,22170,6.6,6.2124133,0.387586688995361,0.387586688995361
2000-02-01,5080,20170,7.2,6.3753443,0.8246557235717775,0.8246557235717775
2000-02-01,6680,20490,6.0,4.3040113,1.695988655090332,1.695988655090332
2000-02-01,5640,24650,6.0,4.315087,1.684913158416748,1.684913158416748
2000-02-01,2920,23370,7.9,6.69661,1.2033900260925297,1.2033900260925297
2000-02-01,3720,21610,8.0,7.047573,0.9524269104003906,0.9524269104003906
2000-02-01,6760,20250,3.5,2.8751838,0.6248161792755127,0.6248161792755127
2000-02-01,7320,21690,5.6,4.5382366,1.0617633819580075,1.0617633819580075
2000-02-01,8040,23450,4.7,3.5461736,1.153826427459717,1.153826427459717
2000-02-01,11080,23450,2.8,2.060945,0.7390549659729002,0.7390549659729002
2000-02-01,9320,18730,4.7,5.404368,-0.7043679237365721,0.7043679237365721
2000-02-01,4680,18490,7.9,6.5322595,1.3677405357360843,1.3677405357360843
2000-02-01,6920,22730,5.6,4.7531943,0.8468056678771969,0.8468056678771969
2000-02-01,7000,22890,5.8,4.81385,0.9861500740051268,0.9861500740051268
2000-02-01,8040,21690,5.8,4.9532323,0.8467677116394041,0.8467677116394041
2000-02-01,7880,18330,9.1,7.5778165,1.522183513641357,1.522183513641357
2000-02-01,1560,23610,7.8,6.2144346,1.585565376281738,1.585565376281738
2000-02-01,4360,23050,7.2,6.559237,0.6407629966735842,0.6407629966735842
2000-02-01,5160,19450,7.6,6.753456,0.8465438842773434,0.8465438842773434
2000-02-01,7080,20570,3.5,2.4975352,1.002464771270752,1.002464771270752
2000-02-01,6920,22090,5.4,4.763818,0.6361822128295902,0.6361822128295902
2000-02-01,6920,20810,5.1,3.6618695,1.4381304740905758,1.4381304740905758
2000-02-01,5800,19530,7.2,6.4139924,0.786007595062256,0.786007595062256
2000-02-01,2840,23770,7.8,6.3899083,1.4100916862487791,1.4100916862487791
2000-02-01,4520,23450,7.2,6.4449863,0.7550136566162111,0.7550136566162111
2000-02-01,4120,23690,6.8,6.07044,0.7295601844787596,0.7295601844787596
2000-02-01,4360,23930,6.4,5.4004707,0.9995292663574222,0.9995292663574222
2000-02-01,4920,24650,6.5,5.2232094,1.2767906188964844,1.2767906188964844
2000-02-01,6600,26410,6.4,5.044934,1.3550662040710453,1.3550662040710453
2000-02-01,5320,21130,5.9,5.2725105,0.6274894714355472,0.6274894714355472
2000-02-01,9720,18970,4.9,4.960469,-0.06046876907348597,0.06046876907348597
2000-02-01,8760,20010,-0.3,-0.5659761,0.265976083278656,0.265976083278656
2000-02-01,6920,24730,5.8,4.4139705,1.386029529571533,1.386029529571533
2000-02-01,6600,21130,6.1,4.2104416,1.889558410644531,1.889558410644531
2000-02-01,6040,19930,5.0,4.321899,0.6781010627746582,0.6781010627746582
2000-02-01,5960,23610,6.2,5.539338,0.6606618881225588,0.6606618881225588
2000-02-01,3320,19850,8.5,7.353558,1.14644193649292,1.14644193649292
2000-02-01,9560,23290,3.5,2.211864,1.2881360054016113,1.2881360054016113
2000-02-01,5800,22650,6.3,5.7892256,0.5107744216918944,0.5107744216918944
2000-02-01,4120,23130,7.3,6.7206073,0.5793927192687987,0.5793927192687987
2000-02-01,4200,19050,7.9,7.0242696,0.8757304191589359,0.8757304191589359
2000-02-01,4680,24490,6.3,5.6372995,0.6627004623413084,0.6627004623413084
2000-02-01,8280,22010,5.6,4.4161,1.1838999748229977,1.1838999748229977
2000-02-01,4280,24410,7.3,5.984026,1.3159740447998045,1.3159740447998045
2000-02-01,8440,21210,1.7,1.5692508,0.1307491779327392,0.1307491779327392
2000-02-01,10680,22170,-3.4,-3.162983,-0.2370170593261718,0.2370170593261718
2000-02-01,6600,18890,4.6,4.2310743,0.3689256668090817,0.3689256668090817
2000-02-01,8040,21290,5.3,4.4612265,0.8387735366821287,0.8387735366821287
2000-02-01,6760,22010,5.4,4.757865,0.642135047912598,0.642135047912598
2000-02-01,6760,21770,6.2,4.7815905,1.4184095382690431,1.4184095382690431
2000-02-01,7320,25130,5.0,4.1048274,0.8951725959777832,0.8951725959777832
2000-02-01,6200,21450,6.7,4.976013,1.7239868164062502,1.7239868164062502
2000-02-01,6680,19370,4.3,4.199635,0.1003649711608885,0.1003649711608885
2000-02-01,5400,18570,7.6,6.710248,0.8897520065307614,0.8897520065307614
2000-02-01,2920,23130,8.0,6.676507,1.3234930038452148,1.3234930038452148
2000-02-01,3800,22090,7.1,6.571663,0.5283370971679684,0.5283370971679684
2000-02-01,5640,24730,6.1,4.6596823,1.4403177261352536,1.4403177261352536
2000-02-01,3560,21210,7.9,6.766288,1.133712196350098,1.133712196350098
2000-02-01,8600,24650,5.1,3.7890184,1.3109816074371334,1.3109816074371334
2000-02-01,3320,21530,8.2,7.2860866,0.913913440704345,0.913913440704345
2000-02-01,3000,25050,8.0,7.433768,0.5662322044372559,0.5662322044372559
2000-02-01,6360,22570,5.8,5.188313,0.6116869926452635,0.6116869926452635
2000-02-01,4920,20730,6.2,5.642937,0.5570628166198732,0.5570628166198732
2000-02-01,6360,18010,9.8,8.450393,1.3496072769165046,1.3496072769165046
2000-02-01,5240,23610,6.2,5.5046434,0.6953565597534181,0.6953565597534181
2000-02-01,1160,23290,9.3,7.616699,1.6833007812500007,1.6833007812500007
2000-02-01,6040,25450,6.4,4.357478,2.0425218582153324,2.0425218582153324
2000-02-01,6280,20890,4.1,3.4465237,0.6534763336181637,0.6534763336181637
2000-02-01,7240,21530,5.8,4.6115036,1.188496398925781,1.188496398925781
2000-02-01,8280,19690,3.8,3.4593499,0.3406501293182371,0.3406501293182371
2000-02-01,8200,19050,7.4,6.4516125,0.9483875274658207,0.9483875274658207
2000-02-01,3640,23850,6.7,5.923787,0.7762128829956056,0.7762128829956056
2000-02-01,10520,22090,-0.5,-0.31308466,-0.1869153380393982,0.1869153380393982
2000-02-01,10840,21930,-3.9,-3.238962,-0.661038064956665,0.661038064956665
2000-02-01,3160,24170,7.9,6.7250433,1.1749567031860355,1.1749567031860355
2000-02-01,7080,25290,5.4,4.1061234,1.2938765525817875,1.2938765525817875
2000-02-01,11480,16730,7.3,7.5454288,-0.2454287528991701,0.2454287528991701
2000-02-01,5080,22250,6.9,6.28802,0.6119798660278324,0.6119798660278324
2000-02-01,8760,20410,0.1,-0.48028883,0.5802888333797455,0.5802888333797455
2000-02-01,6280,24730,6.2,4.92273,1.277270030975342,1.277270030975342
2000-02-01,10200,23290,1.6,1.4496837,0.15031633377075204,0.15031633377075204
2000-02-01,9080,24410,5.0,3.4604604,1.5395395755767822,1.5395395755767822
2000-02-01,8520,25210,4.2,2.88855,1.311449956893921,1.311449956893921
2000-02-01,3320,24330,7.2,6.0604506,1.1395494461059572,1.1395494461059572
2000-02-01,6920,22170,5.3,4.568711,0.7312891960144041,0.7312891960144041
2000-02-01,5320,24090,6.4,5.1431975,1.2568024635314945,1.2568024635314945
2000-02-01,5160,20810,6.4,5.7708917,0.6291083335876468,0.6291083335876468
2000-02-01,7320,24330,5.7,4.231784,1.468216133117676,1.468216133117676
2000-02-01,1960,23850,7.4,5.908864,1.4911359786987308,1.4911359786987308
2000-02-01,6440,22010,5.9,4.904379,0.9956211090087894,0.9956211090087894
2000-02-01,10520,23610,2.0,0.8597456,1.1402543783187866,1.1402543783187866
2000-02-01,10680,23290,3.0,2.3677778,0.6322221755981445,0.6322221755981445
2000-02-01,11720,22090,-4.7,-4.80998,0.1099799156188963,0.1099799156188963
2000-02-01,7720,25210,4.1,3.4640496,0.635950422286987,0.635950422286987
2000-02-01,3400,21450,7.9,6.978739,0.9212612152099613,0.9212612152099613
2000-02-01,5960,19450,6.7,6.1377544,0.562245559692383,0.562245559692383
2000-02-01,3800,24650,7.4,6.2450285,1.1549715042114261,1.1549715042114261
2000-02-01,3160,23130,7.6,6.5778847,1.022115325927734,1.022115325927734
2000-02-01,6600,25690,5.7,3.916573,1.7834269523620607,1.7834269523620607
2000-02-01,7000,23210,6.0,5.134466,0.8655338287353516,0.8655338287353516
2000-02-01,4040,21850,7.0,6.571109,0.4288911819458008,0.4288911819458008
2000-02-01,6440,17930,10.0,8.694643,1.3053569793701172,1.3053569793701172
2000-02-01,7640,19930,4.9,4.1663175,0.7336825370788578,0.7336825370788578
2000-02-01,7000,23850,5.9,4.800675,1.0993250846862797,1.0993250846862797
2000-02-01,7400,21210,6.2,4.729003,1.4709970474243166,1.4709970474243166
2000-02-01,3080,22570,8.1,7.0968013,1.0031987190246578,1.0031987190246578
2000-02-01,760,24010,9.0,7.7989774,1.2010226249694824,1.2010226249694824
2000-02-01,2440,22810,8.5,7.223776,1.276224136352539,1.276224136352539
2000-02-01,8600,23850,4.4,2.9606843,1.4393157005310062,1.4393157005310062
2000-02-01,5240,21850,6.9,6.358916,0.54108419418335,0.54108419418335
2000-02-01,5240,25210,6.1,4.7724347,1.3275652885437008,1.3275652885437008
2000-02-01,3880,24810,7.8,6.6525245,1.1474755287170408,1.1474755287170408
2000-02-01,5560,24730,6.3,5.137843,1.1621568679809569,1.1621568679809569
2000-02-01,5880,20570,4.1,3.196053,0.9039469718933102,0.9039469718933102
2000-02-01,1160,24090,8.6,7.2208924,1.379107570648193,1.379107570648193
2000-02-01,7560,25450,3.8,2.6183376,1.1816623687744139,1.1816623687744139
2000-02-01,6120,17210,1.1,0.46639526,0.6336047410964967,0.6336047410964967
2000-02-01,7080,22650,5.2,4.3222256,0.8777744293212892,0.8777744293212892
2000-02-01,6920,23450,5.6,4.3977165,1.2022834777832028,1.2022834777832028
2000-02-01,8520,24890,4.4,3.1586127,1.2413872718811039,1.2413872718811039
2000-02-01,3240,21930,7.9,7.0320315,0.8679684638977054,0.8679684638977054
2000-02-01,5480,20970,6.1,5.156451,0.9435487747192379,0.9435487747192379
2000-02-01,6600,18810,4.6,4.206268,0.39373216629028285,0.39373216629028285
2000-02-01,11160,22170,0.2,0.03912499,0.1608750082552433,0.1608750082552433
2000-02-01,8840,23770,4.2,3.4064343,0.7935657024383547,0.7935657024383547
2000-02-01,9960,21930,-0.1,-0.03773758,-0.062262421846389776,0.062262421846389776
2000-02-01,6440,26650,6.5,5.4012794,1.0987205505371094,1.0987205505371094
2000-02-01,6920,22250,5.2,4.52141,0.6785900115966799,0.6785900115966799
2000-02-01,2440,23770,7.4,6.0343347,1.3656653404235843,1.3656653404235843
2000-02-01,8920,21690,-0.2,-0.19654343,-0.0034565746784210316,0.0034565746784210316
2000-02-01,5160,23050,6.7,6.0039663,0.6960336685180666,0.6960336685180666
2000-02-01,2120,23690,7.6,6.0647798,1.5352202415466305,1.5352202415466305
2000-02-01,3560,21770,7.9,6.9598584,0.940141582489014,0.940141582489014
2000-02-01,6360,20250,2.0,1.1492928,0.8507071733474731,0.8507071733474731
2000-02-01,9000,21290,2.1,1.849324,0.25067601203918466,0.25067601203918466
2000-02-01,3080,24970,7.2,6.2671494,0.9328505516052248,0.9328505516052248
2000-02-01,3160,19610,9.5,7.9696617,1.5303382873535156,1.5303382873535156
2000-02-01,9640,19690,-5.4,-5.245749,-0.15425100326538121,0.15425100326538121
2000-02-01,11160,16970,9.4,8.61014,0.7898601531982425,0.7898601531982425
2000-02-01,1400,24090,8.3,6.982261,1.3177388191223152,1.3177388191223152
2000-02-01,4280,20730,7.6,6.979036,0.6209641456604,0.6209641456604
2000-02-01,8760,23290,3.9,3.3681583,0.5318416595458983,0.5318416595458983
2000-02-01,5560,18010,8.4,7.3128924,1.0871075630187992,1.0871075630187992
2000-02-01,5960,26010,5.9,4.075456,1.8245438575744632,1.8245438575744632
2000-02-01,7960,20650,5.5,5.038387,0.46161317825317383,0.46161317825317383
2000-02-01,11080,23530,2.8,2.060945,0.7390549659729002,0.7390549659729002
2000-02-01,9720,24330,4.8,3.6786718,1.1213281631469725,1.1213281631469725
2000-02-01,3400,23850,7.1,6.1639824,0.9360176086425778,0.9360176086425778
2000-02-01,8280,23050,4.5,3.2838233,1.2161767482757568,1.2161767482757568
2000-02-01,4520,22890,7.0,6.4419427,0.5580573081970215,0.5580573081970215
2000-02-01,11480,23530,2.9,2.1198232,0.7801767826080321,0.7801767826080321
2000-02-01,9240,21690,5.0,4.398682,0.6013178825378418,0.6013178825378418
2000-02-01,9960,23850,5.7,4.1503677,1.549632263183594,1.549632263183594
2000-02-01,5080,21610,6.9,6.610304,0.28969612121582067,0.28969612121582067
2000-02-01,4680,20730,6.9,6.570822,0.3291782379150394,0.3291782379150394
2000-02-01,8200,21050,5.3,4.2635765,1.0364234924316404,1.0364234924316404
2000-02-01,1720,24410,8.8,7.377662,1.4223378181457527,1.4223378181457527
2000-02-01,4760,24170,6.0,5.258593,0.7414069175720215,0.7414069175720215
2000-02-01,4360,25050,7.7,6.942099,0.757900905609131,0.757900905609131
2000-02-01,1560,24010,7.5,6.5026474,0.9973526000976562,0.9973526000976562
2000-02-01,9640,21210,-6.6,-6.936442,0.3364418983459476,0.3364418983459476
2000-02-01,5400,22650,6.4,5.9477277,0.4522723197937015,0.4522723197937015
2000-02-01,5480,24890,5.8,4.529634,1.2703660011291502,1.2703660011291502
2000-02-01,11080,22330,-0.6,-0.5107308,-0.08926919698715208,0.08926919698715208
2000-02-01,7720,20490,4.0,3.1094754,0.8905246257781982,0.8905246257781982
2000-02-01,1480,23290,9.1,7.34286,1.7571397781372067,1.7571397781372067
2000-02-01,8120,20810,6.0,5.218878,0.7811222076416016,0.7811222076416016
2000-02-01,4120,23930,6.3,5.431023,0.8689768791198729,0.8689768791198729
2000-02-01,3560,23610,6.9,5.873299,1.026700878143311,1.026700878143311
2000-02-01,9080,22890,5.1,3.7598782,1.3401218414306637,1.3401218414306637
2000-02-01,4840,20170,7.2,6.5261397,0.6738602638244631,0.6738602638244631
2000-02-01,9800,18490,10.0,8.264843,1.7351570129394531,1.7351570129394531
2000-02-01,8920,24410,4.7,3.7355673,0.9644326686859133,0.9644326686859133
2000-02-01,7960,22490,5.0,3.6102269,1.3897731304168701,1.3897731304168701
2000-02-01,9560,22410,1.7,0.82631266,0.8736873388290405,0.8736873388290405
2000-02-01,8920,22890,5.0,3.84699,1.1530098915100098,1.1530098915100098
2000-02-01,6280,25610,5.9,3.9353392,1.9646607875823978,1.9646607875823978
2000-02-01,6360,24970,6.0,4.968554,1.0314459800720215,1.0314459800720215
2000-02-01,10760,22410,3.4,2.4598625,0.9401375293731689,0.9401375293731689
2000-02-01,7000,24410,5.4,4.168519,1.231480979919434,1.231480979919434
2000-02-01,4440,24810,6.6,5.870408,0.7295919418334957,0.7295919418334957
2000-02-01,7000,25530,5.0,3.915801,1.0841989517211914,1.0841989517211914
2000-02-01,4360,24810,6.8,6.1506305,0.6493695259094237,0.6493695259094237
2000-02-01,6040,19770,5.1,4.567229,0.5327712059020993,0.5327712059020993
2000-02-01,5080,18650,8.4,7.1532993,1.2467006683349613,1.2467006683349613
2000-02-01,3240,18730,8.7,7.3877144,1.3122856140136712,1.3122856140136712
2000-02-01,9880,24730,4.1,2.7973933,1.3026066780090328,1.3026066780090328
2000-02-01,9800,24650,4.2,2.886335,1.3136651039123537,1.3136651039123537
2000-02-01,3960,24090,6.2,4.8281546,1.3718454360961916,1.3718454360961916
2000-02-01,6520,24410,6.4,5.0671053,1.3328947067260746,1.3328947067260746
2000-02-01,3160,19690,9.6,8.136042,1.463958358764648,1.463958358764648
2000-02-01,4760,18810,8.7,7.255584,1.4444162368774407,1.4444162368774407
2000-02-01,6360,24570,6.1,4.7181764,1.381823635101318,1.381823635101318
2000-02-01,9000,24010,5.1,3.7057056,1.3942943572998043,1.3942943572998043
2000-02-01,4200,20330,7.7,6.755705,0.944295120239258,0.944295120239258
2000-02-01,5800,20170,5.1,4.355987,0.7440129280090328,0.7440129280090328
2000-02-01,6680,17130,11.2,10.184722,1.0152780532836907,1.0152780532836907
2000-02-01,7640,25530,4.0,3.0782375,0.9217624664306641,0.9217624664306641
2000-02-01,7240,22250,4.5,3.3731675,1.1268324851989746,1.1268324851989746
2000-02-01,4280,21050,7.1,6.609393,0.4906068801879879,0.4906068801879879
2000-02-01,6040,20330,5.5,4.6104712,0.889528751373291,0.889528751373291
2000-02-01,6520,23210,5.9,5.1733613,0.7266386985778812,0.7266386985778812
2000-02-01,3640,17530,2.0,0.5797919,1.4202080965042114,1.4202080965042114
2000-02-01,11720,16810,3.1,2.584749,0.5152510166168214,0.5152510166168214
2000-02-01,4040,18410,9.4,7.192889,2.2071107864379886,2.2071107864379886
2000-02-01,3960,17930,8.1,6.690295,1.409704780578613,1.409704780578613
2000-02-01,10280,23450,2.1,1.9782507,0.12174925804138192,0.12174925804138192
2000-02-01,11800,17210,6.1,7.3051095,-1.2051095008850101,1.2051095008850101
2000-02-01,4920,21130,6.5,5.9822106,0.517789363861084,0.517789363861084
2000-02-01,4360,24010,6.3,5.299063,1.0009367942810057,1.0009367942810057
2000-02-01,6120,20970,4.5,3.5581348,0.9418652057647705,0.9418652057647705
2000-02-01,3080,23050,7.7,6.553436,1.1465641975402834,1.1465641975402834
2000-02-01,7160,23530,5.4,4.4618154,0.9381846427917484,0.9381846427917484
2000-02-01,5720,23530,6.3,5.664321,0.6356790542602537,0.6356790542602537
2000-02-01,3320,23210,7.5,6.533419,0.966580867767334,0.966580867767334
2000-02-01,11240,22970,3.6,2.596078,1.0039220809936524,1.0039220809936524
2000-02-01,6040,21770,7.0,5.8287444,1.1712555885314941,1.1712555885314941
2000-02-01,6440,20730,2.9,2.1633875,0.7366124629974364,0.7366124629974364
2000-02-01,6360,25610,5.6,3.8634522,1.7365478038787838,1.7365478038787838
2000-02-01,9480,24090,4.7,2.6380296,2.0619704246521,2.0619704246521
2000-02-01,6600,20650,5.5,3.7851477,1.7148523330688477,1.7148523330688477
2000-02-01,8520,24170,4.8,3.2916384,1.5083616256713865,1.5083616256713865
2000-02-01,4520,23850,6.7,6.0667768,0.6332232475280763,0.6332232475280763
2000-02-01,8200,21290,5.2,4.20529,0.994710159301758,0.994710159301758
2000-02-01,4920,22010,6.7,6.5263643,0.1736356735229494,0.1736356735229494
2000-02-01,5400,23530,6.2,5.690096,0.5099040985107424,0.5099040985107424
2000-02-01,4920,19770,7.7,6.8866367,0.8133632659912111,0.8133632659912111
2000-02-01,8200,19530,3.5,3.3453052,0.1546947956085205,0.1546947956085205
2000-02-01,5560,17690,6.8,5.5631638,1.236836242675781,1.236836242675781
2000-02-01,7560,24250,5.6,4.3747706,1.2252293586730953,1.2252293586730953
2000-02-01,8520,23130,3.6,3.006002,0.5939980506896974,0.5939980506896974
2000-02-01,6040,24650,6.5,5.3908787,1.109121322631836,1.109121322631836
2000-02-01,5880,21130,5.2,4.4847093,0.7152907371520998,0.7152907371520998
2000-02-01,4440,22090,7.2,6.477169,0.7228309631347658,0.7228309631347658
2000-02-01,7560,22650,5.0,3.856054,1.1439459323883057,1.1439459323883057
2000-02-01,9400,21130,0.4,0.089029096,0.31097090393304827,0.31097090393304827
2000-02-01,10760,22810,4.2,2.615529,1.5844709396362306,1.5844709396362306
2000-02-01,3720,20890,7.7,6.5781903,1.1218096733093263,1.1218096733093263
2000-02-01,8200,22890,4.5,3.9222684,0.5777316093444824,0.5777316093444824
2000-02-01,7400,25210,4.8,3.8399317,0.9600682735443113,0.9600682735443113
2000-02-01,6120,19850,4.6,4.1470714,0.4529286384582516,0.4529286384582516
2000-02-01,2120,23370,7.9,6.680642,1.2193578720092777,1.2193578720092777
2000-02-01,3080,22890,7.9,7.0142264,0.8857735633850101,0.8857735633850101
2000-02-01,4040,20570,7.8,6.6282783,1.1717217445373533,1.1717217445373533
2000-02-01,6280,21850,6.4,4.9722776,1.4277223587036136,1.4277223587036136
2000-02-01,3320,23130,7.5,6.5515056,0.9484944343566895,0.9484944343566895
2000-02-01,5720,17530,3.4,2.4668412,0.933158779144287,0.933158779144287
2000-02-01,7880,24010,5.7,4.179649,1.5203511238098146,1.5203511238098146
2000-02-01,5880,22490,6.2,5.5356293,0.6643707275390627,0.6643707275390627
2000-02-01,3480,19210,8.5,7.112292,1.3877081871032715,1.3877081871032715
2000-02-01,3800,18730,8.8,7.3489275,1.4510725021362312,1.4510725021362312
2000-02-01,4840,24090,5.9,5.1740365,0.7259634971618656,0.7259634971618656
2000-02-01,7720,24250,5.5,4.062167,1.4378328323364258,1.4378328323364258
2000-02-01,7880,23610,4.9,3.5222344,1.3777655601501468,1.3777655601501468
2000-02-01,3000,21610,8.8,7.6561728,1.1438272476196296,1.1438272476196296
2000-02-01,6920,24410,5.6,4.1634755,1.4365244865417477,1.4365244865417477
2000-02-01,8760,18970,6.0,6.3627505,-0.3627505302429199,0.3627505302429199
2000-02-01,4760,22010,7.2,6.991672,0.20832796096801776,0.20832796096801776
2000-02-01,5640,18010,8.2,7.266353,0.9336468696594231,0.9336468696594231
2000-02-01,5560,19210,6.6,6.143484,0.4565158843994137,0.4565158843994137
2000-02-01,8040,22090,5.6,4.356773,1.243227100372314,1.243227100372314
2000-02-01,3000,18090,8.3,6.9779296,1.3220704078674324,1.3220704078674324
2000-02-01,3800,24490,6.7,6.0419097,0.6580903053283693,0.6580903053283693
2000-02-01,4760,22970,6.9,6.02722,0.8727802276611332,0.8727802276611332
2000-02-01,6440,17850,9.8,8.535071,1.2649286270141609,1.2649286270141609
2000-02-01,2680,22010,8.4,7.2838345,1.1161655426025394,1.1161655426025394
2000-02-01,6680,19770,2.4,2.473524,-0.07352409362792978,0.07352409362792978
2000-02-01,6360,26650,6.3,4.2871523,2.0128477096557615,2.0128477096557615
2000-02-01,7560,24090,5.3,3.9651816,1.334818410873413,1.334818410873413
2000-02-01,5320,24410,6.3,4.91748,1.382520008087158,1.382520008087158
2000-02-01,3160,24970,7.3,6.4434824,0.8565176010131834,0.8565176010131834
2000-02-01,9000,20650,3.5,2.4884171,1.011582851409912,1.011582851409912
2000-02-01,7160,20330,2.8,2.0745957,0.7254043102264403,0.7254043102264403
2000-02-01,2680,23370,7.7,6.4054513,1.2945487022399904,1.2945487022399904
2000-02-01,11240,23130,3.6,2.3878467,1.2121532917022706,1.2121532917022706
2000-02-01,4680,23290,7.2,6.740285,0.45971508026123065,0.45971508026123065
2000-02-01,5640,23370,6.2,5.936609,0.2633912086486818,0.2633912086486818
2000-02-01,5000,18170,7.6,6.2665367,1.3334632873535153,1.3334632873535153
2000-02-01,5080,18570,8.4,6.897633,1.502366924285889,1.502366924285889
2000-02-01,6920,19930,2.3,1.456409,0.8435910224914549,0.8435910224914549
2000-02-01,4120,20570,7.7,6.8872,0.8128001213073732,0.8128001213073732
2000-02-01,8520,22570,5.7,4.3548226,1.3451773643493654,1.3451773643493654
2000-02-01,2680,23450,7.4,5.9424167,1.457583332061768,1.457583332061768
2000-02-01,3320,19930,8.5,7.353558,1.14644193649292,1.14644193649292
2000-02-01,3640,20250,8.4,7.355244,1.044755840301514,1.044755840301514
2000-02-01,7880,19290,8.3,6.8821216,1.417878437042237,1.417878437042237
2000-02-01,11400,16570,9.3,8.612394,0.6876056671142585,0.6876056671142585
2000-02-01,3400,24090,7.3,5.833954,1.4660461425781248,1.4660461425781248
2000-02-01,5240,22410,6.5,6.408254,0.09174585342407227,0.09174585342407227
2000-02-01,8440,19050,3.4,2.6343594,0.765640640258789,0.765640640258789
2000-02-01,9400,20730,0.1,0.40988725,-0.3098872542381287,0.3098872542381287
2000-02-01,11080,23210,4.0,2.69395,1.3060500621795654,1.3060500621795654
2000-02-01,5880,24650,6.1,4.5518074,1.5481925964355465,1.5481925964355465
2000-02-01,3800,24170,6.2,4.7482,1.451800060272217,1.451800060272217
2000-02-01,4440,20010,7.9,6.855311,1.0446890830993656,1.0446890830993656
2000-02-01,4600,18010,7.9,6.0819135,1.8180865287780765,1.8180865287780765
2000-02-01,9000,24490,4.7,3.7792532,0.9207467555999758,0.9207467555999758
2000-02-01,8680,20970,3.6,2.8892875,0.7107125282287599,0.7107125282287599
2000-02-01,6440,19130,3.8,3.915457,-0.11545701026916522,0.11545701026916522
2000-02-01,5640,22730,6.4,5.8420243,0.5579756736755375,0.5579756736755375
2000-02-01,5160,18250,8.1,7.089744,1.010255908966064,1.010255908966064
2000-02-01,11560,16330,9.5,9.113246,0.38675403594970703,0.38675403594970703
2000-02-01,5880,17530,5.7,4.350219,1.3497812271118166,1.3497812271118166
2000-02-01,5800,20010,5.1,4.6696954,0.43030462265014613,0.43030462265014613
2000-02-01,1960,23050,8.2,7.131098,1.0689022064208977,1.0689022064208977
2000-02-01,11720,17210,6.7,7.621923,-0.9219229698181151,0.9219229698181151
2000-02-01,9480,25130,3.5,2.4345593,1.0654406547546387,1.0654406547546387
2000-02-01,5160,22650,6.9,6.096389,0.8036111831665043,0.8036111831665043
2000-02-01,7560,23610,5.6,4.189994,1.4100061416625973,1.4100061416625973
2000-02-01,5000,23530,5.6,5.369166,0.23083410263061488,0.23083410263061488
2000-02-01,7400,23770,5.7,4.6154556,1.084544372558594,1.084544372558594
2000-02-01,2920,18330,10.7,8.28859,2.4114095687866204,2.4114095687866204
2000-02-01,9000,20570,0.9,0.49031246,0.40968754291534426,0.40968754291534426
2000-02-01,8280,23130,4.4,2.9005244,1.4994756221771244,1.4994756221771244
2000-02-01,9240,18090,7.9,7.8026147,0.09738531112670934,0.09738531112670934
2000-02-01,7160,23610,5.6,4.5883627,1.0116373062133786,1.0116373062133786
2000-02-01,3480,18330,9.4,7.3252807,2.074719333648682,2.074719333648682
2000-02-01,3720,22810,7.7,6.434747,1.2652527809143068,1.2652527809143068
2000-02-01,9720,22330,3.5,2.309218,1.190782070159912,1.190782070159912
2000-02-01,8200,19610,4.0,3.6459825,0.3540174961090088,0.3540174961090088
2000-02-01,8200,18330,9.4,8.207389,1.192611122131348,1.192611122131348
2000-02-01,5560,22010,6.6,6.42418,0.17581996917724574,0.17581996917724574
2000-02-01,7960,21210,5.3,4.4580846,0.8419154167175291,0.8419154167175291
2000-02-01,9000,19850,-0.8,-1.201569,0.4015689611434936,0.4015689611434936
2000-02-01,6680,20330,4.3,3.29217,1.00782995223999,1.00782995223999
2000-02-01,11400,23050,3.7,2.326749,1.3732509136199953,1.3732509136199953
2000-02-01,11560,23610,2.8,2.0804353,0.7195647239685057,0.7195647239685057
2000-02-01,4120,19290,7.9,7.0192714,0.8807286262512211,0.8807286262512211
2000-02-01,10360,24170,2.8,1.9972787,0.8027213096618651,0.8027213096618651
2000-02-01,8760,19530,2.6,2.0210223,0.5789776802062989,0.5789776802062989
2000-02-01,3480,21610,8.2,7.170579,1.0294210433959954,1.0294210433959954
2000-02-01,7880,19850,5.9,5.2628946,0.6371053695678714,0.6371053695678714
2000-02-01,8680,20650,2.8,2.2670965,0.532903480529785,0.532903480529785
2000-03-01,7640,19770,4.3,5.1359134,-0.8359133720397951,0.8359133720397951
2000-03-01,5880,18570,8.3,9.055136,-0.7551357269287102,0.7551357269287102
2000-03-01,9720,25130,5.4,6.0881724,-0.6881724357604977,0.6881724357604977
2000-03-01,4360,19690,8.7,9.539627,-0.8396270751953132,0.8396270751953132
2000-03-01,5320,17290,1.9,3.2208502,-1.3208502292633058,1.3208502292633058
2000-03-01,2760,22090,7.8,8.807113,-1.0071126937866213,1.0071126937866213
2000-03-01,8200,25450,4.4,4.7332897,-0.33328971862792933,0.33328971862792933
2000-03-01,5800,22490,7.1,7.201499,-0.1014989852905277,0.1014989852905277
2000-03-01,4680,22730,7.6,8.672846,-1.072845840454102,1.072845840454102
2000-03-01,4680,23770,6.5,7.56173,-1.061729907989502,1.061729907989502
2000-03-01,3240,22810,7.4,9.01463,-1.614630317687988,1.614630317687988
2000-03-01,6520,22810,6.1,7.4329724,-1.3329724311828617,1.3329724311828617
2000-03-01,3400,22570,7.3,8.902653,-1.6026527404785158,1.6026527404785158
2000-03-01,3400,20730,8.6,9.36536,-0.765360260009766,0.765360260009766
2000-03-01,8600,24490,6.1,5.31463,0.7853699684143063,0.7853699684143063
2000-03-01,7320,22570,5.1,6.140455,-1.0404547691345218,1.0404547691345218
2000-03-01,3720,22970,7.5,8.998339,-1.4983386993408203,1.4983386993408203
2000-03-01,4920,20970,7.2,8.412288,-1.2122877120971678,1.2122877120971678
2000-03-01,2600,22170,7.8,8.8419075,-1.0419075012207033,1.0419075012207033
2000-03-01,3080,22170,7.6,8.559538,-0.9595378875732425,0.9595378875732425
2000-03-01,6920,25770,6.7,6.808354,-0.10835390090942365,0.10835390090942365
2000-03-01,9080,18330,9.2,9.417129,-0.2171285629272468,0.2171285629272468
2000-03-01,8680,24570,5.9,5.259893,0.6401070594787601,0.6401070594787601
2000-03-01,6120,20650,4.8,6.0607724,-1.2607724189758303,1.2607724189758303
2000-03-01,3080,18330,8.8,9.375189,-0.5751888275146477,0.5751888275146477
2000-03-01,4200,24250,6.3,7.754903,-1.4549028396606447,1.4549028396606447
2000-03-01,7800,23850,6.8,6.49331,0.30669002532958967,0.30669002532958967
2000-03-01,3960,22650,7.7,9.348422,-1.648422050476074,1.648422050476074
2000-03-01,4120,24650,7.4,8.474125,-1.0741249084472653,1.0741249084472653
2000-03-01,5400,19050,8.9,9.184101,-0.28410110473632777,0.28410110473632777
2000-03-01,4840,20570,7.7,8.454931,-0.7549312591552733,0.7549312591552733
2000-03-01,6840,21210,6.2,8.080485,-1.8804853439331053,1.8804853439331053
2000-03-01,8280,19370,8.0,8.446957,-0.4469566345214844,0.4469566345214844
2000-03-01,5000,18090,8.2,8.680769,-0.4807689666748054,0.4807689666748054
2000-03-01,6440,19690,2.7,3.4584608,-0.7584608078002928,0.7584608078002928
2000-03-01,9400,19450,-0.7,-0.18726121,-0.5127387911081314,0.5127387911081314
2000-03-01,8840,21530,2.4,2.2345393,0.16546072959899893,0.16546072959899893
2000-03-01,7960,21850,6.9,7.8899245,-0.9899245262145993,0.9899245262145993
2000-03-01,7720,19770,6.4,6.9092636,-0.5092636108398434,0.5092636108398434
2000-03-01,4440,23610,7.5,8.50394,-1.0039396286010742,1.0039396286010742
2000-03-01,7000,19370,3.2,3.9847772,-0.7847772121429442,0.7847772121429442
2000-03-01,4520,23290,7.4,8.314986,-0.9149862289428707,0.9149862289428707
2000-03-01,6600,24570,6.9,7.7239795,-0.8239794731140133,0.8239794731140133
2000-03-01,1320,24010,7.1,7.529255,-0.4292549133300785,0.4292549133300785
2000-03-01,2920,24010,7.6,8.718974,-1.1189741134643558,1.1189741134643558
2000-03-01,7560,22010,5.9,6.735979,-0.835979080200195,0.835979080200195
2000-03-01,9400,22890,6.4,5.8243647,0.5756353378295902,0.5756353378295902
2000-03-01,11640,16730,4.7,5.1511087,-0.45110874176025373,0.45110874176025373
2000-03-01,5640,19610,7.9,8.709627,-0.8096271514892575,0.8096271514892575
2000-03-01,3560,20730,8.6,9.378107,-0.7781070709228519,0.7781070709228519
2000-03-01,7400,23850,6.3,7.316996,-1.0169960975646974,1.0169960975646974
2000-03-01,6360,18970,6.3,7.582255,-1.2822548866271974,1.2822548866271974
2000-03-01,10120,21770,-2.6,-2.2405343,-0.3594656944274903,0.3594656944274903
2000-03-01,9080,18410,9.2,9.424491,-0.22449092864990305,0.22449092864990305
2000-03-01,3880,19930,9.1,9.606022,-0.506021881103516,0.506021881103516
2000-03-01,7960,22570,5.9,6.7666826,-0.8666826248168942,0.8666826248168942
2000-03-01,4760,21930,7.3,8.684571,-1.3845712661743166,1.3845712661743166
2000-03-01,5400,25770,7.8,8.376672,-0.5766717910766603,0.5766717910766603
2000-03-01,8520,24730,6.5,5.7549715,0.7450284957885742,0.7450284957885742
2000-03-01,9240,18170,8.6,9.384662,-0.7846616744995121,0.7846616744995121
2000-03-01,7560,20250,3.8,5.4399357,-1.6399356842041017,1.6399356842041017
2000-03-01,9160,21050,0.7,0.67581457,0.024185431003570512,0.024185431003570512
2000-03-01,8680,23690,5.1,5.498621,-0.3986209869384769,0.3986209869384769
2000-03-01,5560,19050,7.9,8.735108,-0.835108375549316,0.835108375549316
2000-03-01,5240,24170,6.7,7.8506403,-1.150640296936035,1.150640296936035
2000-03-01,9720,20570,-6.0,-6.0030155,0.0030155181884765625,0.0030155181884765625
2000-03-01,4040,23130,7.6,8.52801,-0.9280103683471683,0.9280103683471683
2000-03-01,4280,19530,8.8,9.609669,-0.8096687316894524,0.8096687316894524
2000-03-01,6440,17850,10.9,10.675007,0.22499313354492223,0.22499313354492223
2000-03-01,5640,25530,7.0,7.95014,-0.9501399993896484,0.9501399993896484
2000-03-01,8920,19850,2.2,2.0758502,0.12414975166320819,0.12414975166320819
2000-03-01,9800,23690,7.4,7.1743517,0.22564830780029332,0.22564830780029332
2000-03-01,9720,24650,5.2,5.97506,-0.7750599861145018,0.7750599861145018
2000-03-01,7880,23050,5.8,5.9139876,-0.11398763656616229,0.11398763656616229
2000-03-01,7240,26010,7.0,7.009168,-0.009168148040771484,0.009168148040771484
2000-03-01,8680,19050,5.1,5.1241856,-0.024185562133789418,0.024185562133789418
2000-03-01,8040,23370,5.5,5.3831964,0.11680364608764648,0.11680364608764648
2000-03-01,2440,23530,7.0,8.805294,-1.8052940368652344,1.8052940368652344
2000-03-01,6680,26250,7.5,8.22092,-0.7209196090698242,0.7209196090698242
2000-03-01,3320,22650,7.5,9.075281,-1.5752811431884766,1.5752811431884766
2000-03-01,7720,22650,5.5,5.670822,-0.1708221435546875,0.1708221435546875
2000-03-01,6120,17130,5.8,6.3808055,-0.5808054924011232,0.5808054924011232
2000-03-01,7480,18970,10.2,9.831677,0.368322563171386,0.368322563171386
2000-03-01,3640,19130,7.9,9.115039,-1.2150388717651364,1.2150388717651364
2000-03-01,1720,23450,7.1,8.002166,-0.902165794372559,0.902165794372559
2000-03-01,6440,24890,7.4,8.396757,-0.9967571258544918,0.9967571258544918
2000-03-01,9480,20730,-1.0,-1.5880407,0.5880407094955444,0.5880407094955444
2000-03-01,3320,22810,7.4,8.976106,-1.576105690002441,1.576105690002441
2000-03-01,7480,18490,11.1,11.006114,0.09388599395751918,0.09388599395751918
2000-03-01,2520,23130,7.4,8.851618,-1.4516178131103512,1.4516178131103512
2000-03-01,6840,24410,6.5,7.0822477,-0.5822477340698242,0.5822477340698242
2000-03-01,3800,20410,8.4,9.258872,-0.858872032165527,0.858872032165527
2000-03-01,6920,23050,6.6,7.5910244,-0.9910243988037113,0.9910243988037113
2000-03-01,8840,25050,6.7,6.101029,0.5989710807800295,0.5989710807800295
2000-03-01,5960,26250,6.9,7.631236,-0.7312360763549801,0.7312360763549801
2000-03-01,7240,25690,6.2,6.366586,-0.16658620834350568,0.16658620834350568
2000-03-01,5400,23450,6.5,7.9686947,-1.4686946868896484,1.4686946868896484
2000-03-01,10280,23130,2.8,3.3807654,-0.5807654380798342,0.5807654380798342
2000-03-01,6440,22330,6.5,8.155126,-1.655125617980957,1.655125617980957
2000-03-01,3240,19530,9.6,10.204262,-0.6042617797851566,0.6042617797851566
2000-03-01,7400,22410,5.4,6.0769496,-0.6769495964050289,0.6769495964050289
2000-03-01,3880,20890,7.9,9.046842,-1.1468416213989254,1.1468416213989254
2000-03-01,9160,24170,6.2,5.9628963,0.23710365295410174,0.23710365295410174
2000-03-01,10040,23930,7.6,7.265472,0.33452806472778285,0.33452806472778285
2000-03-01,11000,22330,-1.9,-1.6058059,-0.2941941261291503,0.2941941261291503
2000-03-01,1640,24010,6.3,6.8801675,-0.5801674842834474,0.5801674842834474
2000-03-01,10280,23370,1.1,1.4295299,-0.3295299053192138,0.3295299053192138
2000-03-01,6120,22490,6.5,7.4552994,-0.9552993774414062,0.9552993774414062
2000-03-01,7560,19610,8.5,8.881512,-0.3815116882324219,0.3815116882324219
2000-03-01,3320,18810,8.3,8.902286,-0.6022855758666985,0.6022855758666985
2000-03-01,5080,19690,8.5,8.959624,-0.4596242904663086,0.4596242904663086
2000-03-01,7480,24650,6.6,6.7906356,-0.19063558578491246,0.19063558578491246
2000-03-01,5320,20010,8.0,8.421841,-0.4218406677246094,0.4218406677246094
2000-03-01,6840,24890,7.1,7.428964,-0.3289641380310062,0.3289641380310062
2000-03-01,1880,23290,7.3,8.333745,-1.0337450027465822,1.0337450027465822
2000-03-01,7080,20970,3.7,5.3345785,-1.634578514099121,1.634578514099121
2000-03-01,7880,25290,5.9,5.6565456,0.24345436096191442,0.24345436096191442
2000-03-01,5640,22730,7.0,8.153663,-1.1536626815795898,1.1536626815795898
2000-03-01,6600,21370,6.7,8.411756,-1.711755561828613,1.711755561828613
2000-03-01,8680,22170,3.9,4.869563,-0.9695631027221681,0.9695631027221681
2000-03-01,7880,22330,6.4,7.5043693,-1.1043692588806149,1.1043692588806149
2000-03-01,1960,23050,7.6,8.746633,-1.1466325759887699,1.1466325759887699
2000-03-01,4200,20730,8.4,9.4615755,-1.0615755081176754,1.0615755081176754
2000-03-01,5240,25050,6.8,6.9739985,-0.17399854660034197,0.17399854660034197
2000-03-01,3640,24410,7.0,7.993626,-0.9936261177062988,0.9936261177062988
2000-03-01,7880,23210,5.4,6.0424914,-0.6424914360046383,0.6424914360046383
2000-03-01,6360,19930,3.2,4.2677984,-1.0677984237670897,1.0677984237670897
2000-03-01,4200,24810,7.9,8.670446,-0.7704463958740231,0.7704463958740231
2000-03-01,9960,18810,8.7,9.094775,-0.39477519989013743,0.39477519989013743
2000-03-01,6280,21770,6.2,8.224564,-2.0245635986328123,2.0245635986328123
2000-03-01,4280,24730,7.1,8.2892685,-1.189268493652344,1.189268493652344
2000-03-01,3000,23610,7.6,8.52836,-0.9283603668212894,0.9283603668212894
2000-03-01,8040,20170,8.1,7.9241123,0.17588768005371058,0.17588768005371058
2000-03-01,6360,17530,11.5,11.114319,0.38568115234375,0.38568115234375
2000-03-01,2760,22010,7.8,8.7900505,-0.990050506591797,0.990050506591797
2000-03-01,5880,26490,7.2,7.8375726,-0.6375725746154783,0.6375725746154783
2000-03-01,4200,23530,6.9,7.9955325,-1.0955325126647946,1.0955325126647946
2000-03-01,9720,20330,-3.2,-2.6077764,-0.5922235965728762,0.5922235965728762
2000-03-01,11240,17210,10.1,9.870088,0.22991237640380824,0.22991237640380824
2000-03-01,7480,20170,3.8,5.3379273,-1.5379273414611818,1.5379273414611818
2000-03-01,5640,20970,4.5,6.047234,-1.547234058380127,1.547234058380127
2000-03-01,3880,20490,8.5,9.340334,-0.8403339385986328,0.8403339385986328
2000-03-01,4600,22730,7.2,8.024054,-0.8240535736083983,0.8240535736083983
2000-03-01,3720,20650,8.6,9.408915,-0.8089145660400394,0.8089145660400394
2000-03-01,3160,22890,7.4,8.973445,-1.5734449386596676,1.5734449386596676
2000-03-01,3640,19930,8.7,9.685231,-0.9852312088012702,0.9852312088012702
2000-03-01,5880,22250,6.7,8.165834,-1.4658344268798826,1.4658344268798826
2000-03-01,6440,18330,7.6,8.322385,-0.7223848342895511,0.7223848342895511
2000-03-01,8520,23370,5.8,5.9184003,-0.118400287628174,0.118400287628174
2000-03-01,9800,19210,1.8,1.9906232,-0.1906232357025146,0.1906232357025146
2000-03-01,10360,23130,4.0,4.1462817,-0.14628171920776367,0.14628171920776367
2000-03-01,3560,22650,7.3,8.91361,-1.6136104583740236,1.6136104583740236
2000-03-01,3800,18970,8.0,9.282835,-1.2828350067138672,1.2828350067138672
2000-03-01,8600,21850,4.4,5.4080462,-1.0080462455749508,1.0080462455749508
2000-03-01,2200,23690,6.9,7.9401846,-1.0401845932006832,1.0401845932006832
2000-03-01,5720,21770,6.4,8.209472,-1.8094717025756832,1.8094717025756832
2000-03-01,2520,23770,6.9,8.516938,-1.616938209533691,1.616938209533691
2000-03-01,5640,23770,6.6,7.514897,-0.9148968696594242,0.9148968696594242
2000-03-01,9000,21210,4.4,4.083907,0.31609287261962926,0.31609287261962926
2000-03-01,6200,26010,6.5,6.696886,-0.1968860626220703,0.1968860626220703
2000-03-01,8920,18250,8.5,9.228536,-0.7285356521606445,0.7285356521606445
2000-03-01,7480,22010,5.3,6.3358636,-1.0358635902404787,1.0358635902404787
2000-03-01,6200,22330,6.6,8.287496,-1.6874956130981449,1.6874956130981449
2000-03-01,4680,20570,7.7,8.533268,-0.8332679748535154,0.8332679748535154
2000-03-01,8360,19610,4.8,5.361684,-0.5616838455200197,0.5616838455200197
2000-03-01,5480,26250,7.3,7.20506,0.09493999481201154,0.09493999481201154
2000-03-01,5800,23210,7.2,8.397154,-1.197153854370117,1.197153854370117
2000-03-01,9960,22090,4.3,4.4264627,-0.12646265029907244,0.12646265029907244
2000-03-01,5560,25610,7.1,7.8809266,-0.780926609039307,0.780926609039307
2000-03-01,6200,17690,8.3,8.816536,-0.5165359497070305,0.5165359497070305
2000-03-01,1240,24250,8.1,8.908922,-0.8089221954345707,0.8089221954345707
2000-03-01,9960,22410,5.5,5.439773,0.0602269172668457,0.0602269172668457
2000-03-01,4440,18890,8.7,9.129041,-0.429040718078614,0.429040718078614
2000-03-01,2840,21850,7.7,8.69496,-0.9949596405029295,0.9949596405029295
2000-03-01,6840,24330,6.7,7.020948,-0.3209479331970213,0.3209479331970213
2000-03-01,3800,18410,9.3,9.410386,-0.1103860855102532,0.1103860855102532
2000-03-01,3880,20170,8.7,9.509411,-0.8094108581542976,0.8094108581542976
2000-03-01,8120,25210,5.5,5.7236676,-0.22366762161254883,0.22366762161254883
2000-03-01,4680,23130,7.8,8.367617,-0.567616653442383,0.567616653442383
2000-03-01,5880,22570,7.0,7.17311,-0.1731100082397461,0.1731100082397461
2000-03-01,5080,18090,8.3,8.910672,-0.6106721878051751,0.6106721878051751
2000-03-01,7640,22170,5.3,6.3385167,-1.0385167121887209,1.0385167121887209
2000-03-01,5480,22570,7.2,8.329851,-1.1298511505126951,1.1298511505126951
2000-03-01,10200,22970,6.0,5.50421,0.4957900047302246,0.4957900047302246
2000-03-01,5480,22010,7.0,8.39623,-1.3962297439575195,1.3962297439575195
2000-03-01,9320,19530,1.1,1.6567932,-0.5567932367324828,0.5567932367324828
2000-03-01,2760,22730,7.4,9.006672,-1.6066719055175778,1.6066719055175778
2000-03-01,3800,19930,9.1,9.615398,-0.5153984069824222,0.5153984069824222
2000-03-01,8600,23370,5.3,5.6058598,-0.30585975646972674,0.30585975646972674
2000-03-01,4760,20570,7.7,8.492035,-0.7920349121093748,0.7920349121093748
2000-03-01,11400,23130,4.8,5.451708,-0.6517078399658205,0.6517078399658205
2000-03-01,7800,24970,6.2,6.0995116,0.10048837661743182,0.10048837661743182
2000-03-01,5560,26330,6.9,6.7658257,0.13417425155639684,0.13417425155639684
2000-03-01,8920,21290,4.1,3.8461018,0.25389823913574183,0.25389823913574183
2000-03-01,9560,23290,4.4,4.4193115,-0.019311523437499645,0.019311523437499645
2000-03-01,10280,22170,0.1,-0.32191724,0.4219172358512878,0.4219172358512878
2000-03-01,7560,19450,9.5,9.533693,-0.03369331359863281,0.03369331359863281
2000-03-01,6360,23450,7.0,8.0024395,-1.0024394989013672,1.0024394989013672
2000-03-01,1000,23850,8.1,8.869454,-0.769454383850098,0.769454383850098
2000-03-01,7880,20970,7.4,7.1169662,0.2830337524414066,0.2830337524414066
2000-03-01,5000,22730,7.6,8.615746,-1.015745544433594,1.015745544433594
2000-03-01,9480,19610,-2.6,-1.4671249,-1.1328750610351563,1.1328750610351563
2000-03-01,3880,23370,7.1,8.426501,-1.326501274108887,1.326501274108887
2000-03-01,8520,22730,6.8,6.8054304,-0.005430412292480646,0.005430412292480646
2000-03-01,3480,20810,8.7,9.400463,-0.7004631042480476,0.7004631042480476
2000-03-01,4440,22090,7.6,8.717688,-1.1176876068115238,1.1176876068115238
2000-03-01,6920,20650,3.5,5.007733,-1.50773286819458,1.50773286819458
2000-03-01,8440,23050,6.1,6.0525613,0.04743871688842738,0.04743871688842738
2000-03-01,1640,23530,7.0,7.889126,-0.8891258239746094,0.8891258239746094
2000-03-01,7880,19130,10.5,9.754744,0.7452564239501953,0.7452564239501953
2000-03-01,9320,22650,4.6,4.8330283,-0.2330283164978031,0.2330283164978031
2000-03-01,4520,20330,7.8,8.744278,-0.9442779541015627,0.9442779541015627
2000-03-01,3960,24330,6.9,7.854657,-0.9546571731567379,0.9546571731567379
2000-03-01,7880,22730,5.3,5.6857443,-0.38574428558349627,0.38574428558349627
2000-03-01,5080,24730,6.8,7.7185583,-0.9185583114624025,0.9185583114624025
2000-03-01,5480,18730,8.4,9.109167,-0.7091670989990231,0.7091670989990231
2000-03-01,6840,20730,4.5,6.056569,-1.5565690994262695,1.5565690994262695
2000-03-01,5960,19690,6.9,7.716701,-0.8167010307312008,0.8167010307312008
2000-03-01,4360,22090,7.7,8.76413,-1.0641296386718748,1.0641296386718748
2000-03-01,1400,24330,8.4,9.036944,-0.6369443893432614,0.6369443893432614
2000-03-01,6040,19690,6.3,7.0154095,-0.7154094696044924,0.7154094696044924
2000-03-01,3080,22970,7.5,8.9795685,-1.4795684814453125,1.4795684814453125
2000-03-01,8440,21690,4.9,5.4374223,-0.5374222755432125,0.5374222755432125
2000-03-01,6840,22570,5.9,7.29948,-1.3994799613952633,1.3994799613952633
2000-03-01,1720,23770,6.8,7.547661,-0.7476608276367189,0.7476608276367189
2000-03-01,5400,21610,6.1,7.8810987,-1.7810987472534183,1.7810987472534183
2000-03-01,6600,19050,6.5,7.6356616,-1.1356616020202637,1.1356616020202637
2000-03-01,5480,23050,7.3,8.443226,-1.1432258605957033,1.1432258605957033
2000-03-01,9320,18410,9.4,9.614186,-0.21418628692626918,0.21418628692626918
2000-03-01,8120,21530,7.5,7.795447,-0.29544687271118164,0.29544687271118164
2000-03-01,7480,24250,6.4,6.5608377,-0.16083774566650355,0.16083774566650355
2000-03-01,6280,24810,7.7,7.8999085,-0.19990854263305646,0.19990854263305646
2000-03-01,6600,22010,6.1,7.5310087,-1.4310087203979496,1.4310087203979496
2000-03-01,6760,19290,4.7,5.7396917,-1.0396917343139647,1.0396917343139647
2000-03-01,9320,24410,6.4,6.2587442,0.14125576019287145,0.14125576019287145
2000-03-01,9640,23850,4.0,3.9843023,0.015697717666625977,0.015697717666625977
2000-03-01,7880,22570,6.4,7.5683527,-1.1683526992797848,1.1683526992797848
2000-03-01,5320,22650,7.1,8.038203,-0.9382032394409183,0.9382032394409183
2000-03-01,3400,23690,6.9,8.009298,-1.1092983245849606,1.1092983245849606
2000-03-01,7960,23850,6.4,5.49823,0.9017700195312504,0.9017700195312504
2000-03-01,8200,24970,6.0,6.1943746,-0.19437456130981445,0.19437456130981445
2000-03-01,11160,17050,10.9,10.120263,0.7797369003295902,0.7797369003295902
2000-03-01,5080,18570,8.8,9.349399,-0.5493986129760735,0.5493986129760735
2000-03-01,10680,21850,-3.9,-3.378236,-0.5217639446258544,0.5217639446258544
2000-03-01,3080,21450,8.9,9.244301,-0.3443008422851559,0.3443008422851559
2000-03-01,4920,24970,7.5,8.3065605,-0.8065605163574219,0.8065605163574219
2000-03-01,5160,23850,6.8,7.965791,-1.1657912254333498,1.1657912254333498
2000-03-01,4840,20330,7.8,8.650737,-0.8507368087768556,0.8507368087768556
2000-03-01,3960,19770,8.7,9.243746,-0.5437458038330085,0.5437458038330085
2000-03-01,8920,20330,-2.0,-1.7644963,-0.2355036735534668,0.2355036735534668
2000-03-01,4600,24890,7.1,8.346551,-1.2465509414672855,1.2465509414672855
2000-03-01,8520,20890,4.0,3.922857,0.07714295387268066,0.07714295387268066
2000-03-01,6120,26170,7.1,7.8255,-0.7255000114440922,0.7255000114440922
2000-03-01,5640,18730,8.5,9.04598,-0.5459804534912109,0.5459804534912109
2000-03-01,4840,19290,9.0,9.201026,-0.20102596282958984,0.20102596282958984
2000-03-01,9640,19770,-3.8,-3.2704973,-0.5295026779174803,0.5295026779174803
2000-03-01,5560,18490,8.5,9.148019,-0.6480188369750977,0.6480188369750977
2000-03-01,8280,19610,4.3,4.598909,-0.2989089012145998,0.2989089012145998
2000-03-01,7080,21130,4.5,5.539744,-1.0397439002990723,1.0397439002990723
2000-03-01,5320,21610,6.1,7.9325237,-1.8325237274169925,1.8325237274169925
2000-03-01,5240,23130,7.2,8.064895,-0.8648946762084959,0.8648946762084959
2000-03-01,9320,24250,6.2,5.826261,0.3737389564514162,0.3737389564514162
2000-03-01,9080,20730,6.3,5.2319093,1.0680907249450682,1.0680907249450682
2000-03-01,4680,17850,7.3,8.68657,-1.386570167541504,1.386570167541504
2000-03-01,5000,20090,8.3,8.869977,-0.5699769973754876,0.5699769973754876
2000-03-01,8760,22890,7.0,7.1375337,-0.13753366470336914,0.13753366470336914
2000-03-01,5240,24330,6.8,7.7320566,-0.9320566177368166,0.9320566177368166
2000-03-01,5880,23210,6.9,8.179517,-1.279516792297363,1.279516792297363
2000-03-01,3880,18090,9.0,9.198982,-0.19898223876953125,0.19898223876953125
2000-03-01,9880,22170,3.5,3.8372393,-0.33723926544189453,0.33723926544189453
2000-03-01,5240,23050,7.2,8.083017,-0.8830173492431639,0.8830173492431639
2000-03-01,3480,24730,7.4,8.407169,-1.0071693420410153,1.0071693420410153
2000-03-01,8680,21770,2.5,2.1312323,0.36876773834228516,0.36876773834228516
2000-03-01,4280,17610,0.1,0.64799523,-0.5479952335357666,0.5479952335357666
2000-03-01,6040,24170,8.5,8.874984,-0.3749837875366211,0.3749837875366211
2000-03-01,6200,22810,6.5,7.5070276,-1.0070276260375977,1.0070276260375977
2000-03-01,4520,18570,7.9,8.824268,-0.9242683410644528,0.9242683410644528
2000-03-01,6360,22410,6.5,8.131793,-1.6317930221557617,1.6317930221557617
2000-03-01,4600,20490,7.7,8.621465,-0.9214647293090819,0.9214647293090819
2000-03-01,4440,20330,8.5,9.490308,-0.9903078079223633,0.9903078079223633
2000-03-01,7720,19450,8.6,8.849306,-0.24930610656738317,0.24930610656738317
2000-03-01,3800,18010,8.4,8.880443,-0.4804426193237301,0.4804426193237301
2000-03-01,8040,22170,7.0,7.909692,-0.9096918106079102,0.9096918106079102
2000-03-01,3240,23290,7.1,8.546419,-1.4464191436767582,1.4464191436767582
2000-03-01,5960,26330,7.0,7.6910367,-0.6910367012023926,0.6910367012023926
2000-03-01,7560,18810,10.4,10.13603,0.26396980285644567,0.26396980285644567
2000-03-01,7720,24410,6.2,6.1505,0.04950017929077166,0.04950017929077166
2000-03-01,4840,18490,8.2,9.069781,-0.8697813034057624,0.8697813034057624
2000-03-01,4040,18250,8.6,8.794254,-0.19425430297851598,0.19425430297851598
2000-03-01,9880,18810,9.1,9.363232,-0.26323165893554723,0.26323165893554723
2000-03-01,3560,23210,7.2,8.562455,-1.3624551773071287,1.3624551773071287
2000-03-01,3320,21610,8.4,9.038225,-0.638225173950195,0.638225173950195
2000-03-01,5560,19290,7.4,8.503303,-1.1033025741577145,1.1033025741577145
2000-03-01,6760,24170,6.5,7.0968738,-0.5968737602233887,0.5968737602233887
2000-03-01,4680,19290,9.0,9.195874,-0.19587421417236328,0.19587421417236328
2000-03-01,5640,21130,4.8,6.847771,-2.047771167755127,2.047771167755127
2000-03-01,3640,18410,9.6,9.676345,-0.07634487152099645,0.07634487152099645
2000-03-01,6520,17770,11.4,11.229448,0.17055168151855504,0.17055168151855504
2000-03-01,9720,21530,-2.5,-2.0675776,-0.432422399520874,0.432422399520874
2000-03-01,3560,23290,7.1,8.374773,-1.2747730255126957,1.2747730255126957
2000-03-01,4040,24570,7.1,8.306263,-1.2062629699707035,1.2062629699707035
2000-03-01,8360,21370,5.4,5.732687,-0.3326869964599606,0.3326869964599606
2000-03-01,7400,19050,10.0,9.803804,0.1961956024169922,0.1961956024169922
2000-03-01,5000,21370,7.0,8.858416,-1.8584156036376953,1.8584156036376953
2000-03-01,3320,18490,9.3,9.806069,-0.506069374084472,0.506069374084472
2000-03-01,4680,19130,9.1,9.343174,-0.24317398071289098,0.24317398071289098
2000-03-01,5720,19770,7.2,7.8517714,-0.6517713546752928,0.6517713546752928
2000-04-01,4120,19610,11.5,10.7839775,0.7160224914550781,0.7160224914550781
2000-04-01,5080,23450,9.3,9.426343,-0.12634296417236257,0.12634296417236257
2000-04-01,7880,20250,10.8,10.242608,0.5573919296264656,0.5573919296264656
2000-04-01,6440,17130,11.6,11.8854065,-0.28540649414062536,0.28540649414062536
2000-04-01,4520,20330,10.9,10.555336,0.3446640014648441,0.3446640014648441
2000-04-01,9160,18490,11.4,10.932338,0.4676622390747074,0.4676622390747074
2000-04-01,3240,21850,10.1,10.224573,-0.12457313537597692,0.12457313537597692
2000-04-01,8440,25290,8.6,7.916023,0.6839772224426266,0.6839772224426266
2000-04-01,8200,19690,10.6,9.326984,1.2730155944824215,1.2730155944824215
2000-04-01,9240,23050,9.9,8.365544,1.5344556808471683,1.5344556808471683
2000-04-01,4040,17610,0.0,1.0053033,-1.0053032636642456,1.0053032636642456
2000-04-01,5160,21930,10.6,10.089387,0.5106130599975582,0.5106130599975582
2000-04-01,6760,22490,9.5,8.73915,0.7608499526977539,0.7608499526977539
2000-04-01,5160,22330,9.7,9.346059,0.35394115447997976,0.35394115447997976
2000-04-01,4200,24730,9.3,9.389287,-0.08928699493408132,0.08928699493408132
2000-04-01,3160,18650,12.4,12.1434,0.25659980773925817,0.25659980773925817
2000-04-01,7880,22410,9.1,8.609265,0.49073467254638636,0.49073467254638636
2000-04-01,6920,21530,9.9,9.451943,0.4480566024780277,0.4480566024780277
2000-04-01,3960,21450,10.4,10.318429,0.0815710067749027,0.0815710067749027
2000-04-01,6520,20570,6.7,5.984101,0.715899181365967,0.715899181365967
2000-04-01,2280,23290,8.4,9.160404,-0.7604042053222653,0.7604042053222653
2000-04-01,8280,18250,13.5,12.862365,0.6376352310180664,0.6376352310180664
2000-04-01,5160,22250,9.6,9.34449,0.2555099487304684,0.2555099487304684
2000-04-01,9320,18330,12.9,12.196267,0.7037328720092777,0.7037328720092777
2000-04-01,6920,24250,9.3,8.890365,0.4096353530883796,0.4096353530883796
2000-04-01,9640,22570,6.7,5.683107,1.0168931007385256,1.0168931007385256
2000-04-01,10760,22410,8.6,6.760086,1.8399139404296871,1.8399139404296871
2000-04-01,3800,21210,10.7,10.525999,0.1740009307861321,0.1740009307861321
2000-04-01,6120,23850,9.8,9.316466,0.4835336685180671,0.4835336685180671
2000-04-01,3400,25050,8.7,9.381546,-0.6815460205078132,0.6815460205078132
2000-04-01,8280,22330,11.1,9.777694,1.3223062515258786,1.3223062515258786
2000-04-01,7560,19450,11.6,11.111234,0.48876628875732386,0.48876628875732386
2000-04-01,7080,21210,8.2,7.518857,0.6811429977416985,0.6811429977416985
2000-04-01,6440,22570,10.0,9.295434,0.7045660018920898,0.7045660018920898
2000-04-01,3320,24570,8.6,9.15236,-0.5523599624633793,0.5523599624633793
2000-04-01,11560,22490,4.4,2.5757318,1.8242682456970218,1.8242682456970218
2000-04-01,7080,23690,9.5,9.140712,0.35928821563720703,0.35928821563720703
