MONTH,T,PRELIQ,PRENEI,FF,HU,SSI
1960-01-01,7.396774193548388,98.89999999999999,5.5,5.145161290322581,84.36774193548388,289.9225806451613
1960-02-01,6.9896551724137925,93.4,0.0,5.017241379310345,80.0758620689655,582.2896551724139
1960-03-01,10.212903225806452,100.4,0.0,4.632258064516129,84.90322580645162,673.4677419354839
1960-04-01,9.94,43.6,0.0,4.88,82.22333333333333,1448.48
1960-05-01,13.703225806451613,51.6,0.0,2.9967741935483874,80.24838709677418,1578.0193548387097
1960-06-01,16.446666666666665,43.0,0.0,3.8866666666666663,80.94666666666667,1972.6
1960-07-01,15.464516129032257,65.9,0.0,4.793548387096774,85.75161290322582,1351.4451612903224
1960-08-01,15.67741935483871,119.3,0.0,4.061290322580645,85.55806451612904,1185.1129032258063
1960-09-01,14.67,102.8,0.0,3.7633333333333336,85.61666666666666,1057.3466666666668
1960-10-01,12.100000000000001,162.4,0.0,4.303225806451613,85.49354838709678,607.3806451612903
1960-11-01,10.146666666666667,161.5,0.0,5.496666666666667,84.24333333333334,334.27666666666664
1960-12-01,6.619354838709677,133.0,0.1,4.287096774193548,85.23870967741935,256.9
1961-01-01,7.364516129032259,168.3,0.0,5.27741935483871,86.49354838709678,231.58709677419355
1961-02-01,9.639285714285714,62.800000000000004,0.0,5.439285714285715,88.35714285714286,461.15714285714284
1961-03-01,9.538709677419355,15.100000000000001,0.0,3.02258064516129,81.65483870967742,1151.6741935483872
1961-04-01,11.566666666666666,76.0,0.0,4.79,87.22666666666667,1160.9733333333331
1961-05-01,12.53225806451613,39.5,0.0,4.367741935483871,81.06774193548387,1845.216129032258
1961-06-01,15.186666666666667,24.9,0.0,3.29,84.52333333333333,1837.0533333333333
1961-07-01,16.18064516129032,69.0,0.0,4.203225806451614,84.90967741935484,1764.9290322580646
1961-08-01,16.57741935483871,19.9,0.0,4.038709677419355,83.05483870967741,1401.8387096774193
1961-09-01,16.71,55.7,0.0,3.7800000000000002,83.30666666666666,1060.38
1961-10-01,12.641935483870967,100.9,0.0,4.793548387096774,85.45161290322581,642.925806451613
1961-11-01,8.8,70.7,0.0,4.37,83.4,348.32666666666665
1961-12-01,6.870967741935484,142.5,0.0,4.906451612903226,86.42258064516129,270.3225806451613
1962-01-01,7.83225806451613,110.2,0.0,5.448387096774193,85.38387096774194,285.72258064516126
1962-02-01,6.675,27.2,2.0999999999999996,5.292857142857143,80.25357142857142,654.2642857142857
1962-03-01,5.474193548387096,76.7,1.2999999999999998,4.335483870967742,77.80645161290323,914.6967741935483
1962-04-01,9.153333333333334,57.1,0.0,5.13,81.59666666666666,1424.3466666666668
1962-05-01,11.158064516129032,43.199999999999996,0.0,4.82258064516129,82.5741935483871,1513.225806451613
1962-06-01,14.533333333333333,7.0,0.0,4.12,79.46666666666667,2135.726666666667
1962-07-01,16.025806451612905,33.2,0.0,3.4935483870967743,83.43870967741935,1527.3967741935483
1962-08-01,16.18064516129032,74.7,0.0,4.138709677419355,85.41612903225807,1418.2096774193549
1962-09-01,14.753333333333334,102.5,0.0,4.323333333333333,82.77666666666667,1152.9766666666667
1962-10-01,13.16451612903226,62.900000000000006,0.0,3.3193548387096774,84.94516129032259,836.3096774193548
1962-11-01,8.433333333333334,102.8,0.0,3.9266666666666667,86.53999999999999,366.56
1962-12-01,6.054838709677419,110.4,3.0,4.735483870967743,84.43548387096774,298.85161290322577
1963-01-01,1.5161290322580645,46.1,2.2,4.429032258064517,77.71935483870968,448.8225806451613
1963-02-01,3.357142857142857,83.6,9.8,4.803571428571429,83.46785714285714,573.5178571428571
1963-03-01,8.616129032258065,103.4,0.0,5.990322580645161,84.90967741935484,809.9322580645162
1963-04-01,9.206666666666667,88.1,0.0,4.306666666666667,88.37666666666668,1180.4333333333334
1963-05-01,11.083870967741936,46.8,0.0,4.670967741935484,84.44516129032259,1674.0580645161292
1963-06-01,14.65,69.2,0.0,3.9133333333333336,88.86,1498.9566666666665
1963-07-01,15.958064516129031,28.5,0.0,3.2,86.17096774193548,1816.5290322580645
1963-08-01,15.096774193548388,96.2,0.0,4.077419354838709,87.4,1301.7645161290322
1963-09-01,14.516666666666667,29.5,0.0,2.8433333333333333,90.00333333333333,1074.5
1963-10-01,13.13225806451613,74.2,0.0,3.7,91.04193548387097,638.3258064516128
1963-11-01,11.066666666666666,159.0,0.0,6.166666666666667,85.36,392.64000000000004
1963-12-01,5.725806451612903,68.3,0.4,3.193548387096774,86.7741935483871,364.96451612903223
1964-01-01,5.487096774193549,21.3,0.2,2.6322580645161286,89.24516129032257,427.1354838709678
1964-02-01,7.037931034482758,42.599999999999994,0.0,3.8758620689655174,83.46896551724137,547.303448275862
1964-03-01,7.164516129032258,86.8,3.1,4.761290322580645,84.16451612903225,699.4322580645162
1964-04-01,9.163333333333332,51.7,0.0,5.319999999999999,85.36333333333333,1039.2
1964-05-01,13.703225806451613,45.8,0.0,4.406451612903226,85.47741935483872,1384.5709677419354
1964-06-01,14.81,30.6,0.0,4.33,83.5,1653.8266666666668
1964-07-01,17.206451612903226,14.5,0.0,3.5903225806451613,84.0,1943.1903225806452
1964-08-01,16.519354838709678,20.6,0.0,3.6870967741935483,82.03225806451613,1565.8967741935485
1964-09-01,16.61,32.5,0.0,3.4366666666666665,83.44,1143.5733333333333
1964-10-01,11.412903225806453,101.8,0.0,3.3225806451612905,85.36451612903227,675.3032258064516
1964-11-01,9.806666666666667,53.5,0.0,3.8433333333333333,87.49333333333334,416.6066666666667
1964-12-01,7.451612903225806,143.5,0.0,5.496774193548387,84.9,287.59354838709675
1965-01-01,6.564516129032258,119.4,0.0,5.6,85.68709677419355,274.8032258064516
1965-02-01,4.596428571428571,4.4,0.0,4.121428571428572,77.35714285714286,565.3107142857142
1965-03-01,8.832258064516129,70.1,0.0,5.751612903225806,80.05806451612904,968.6903225806452
1965-04-01,9.456666666666667,17.6,0.0,5.283333333333333,83.12666666666668,1209.18
1965-05-01,12.770967741935483,52.5,0.0,5.225806451612903,83.39032258064516,1401.467741935484
1965-06-01,14.523333333333333,39.9,0.0,4.53,85.21666666666667,1562.52
1965-07-01,15.248387096774193,52.1,0.0,4.651612903225806,83.22258064516129,1468.3548387096773
1965-08-01,16.141935483870967,36.5,0.0,3.7548387096774194,85.93870967741935,1244.835483870968
1965-09-01,13.293333333333333,74.7,0.0,3.99,86.43,1030.6733333333334
1965-10-01,14.325806451612904,22.2,0.0,3.338709677419355,84.80967741935484,802.9322580645162
1965-11-01,8.459999999999999,146.9,0.0,5.183333333333334,82.32333333333332,291.27333333333337
1965-12-01,9.325806451612904,185.5,0.0,7.090322580645162,86.3258064516129,220.55806451612904
1966-01-01,7.119354838709677,92.8,5.8,5.583870967741936,84.75806451612904,272.50967741935483
1966-02-01,9.903571428571428,116.8,0.0,6.575,88.58214285714287,437.48214285714283
1966-03-01,8.364516129032259,20.5,0.0,4.406451612903226,81.70322580645161,917.6806451612903
1966-04-01,10.906666666666666,120.89999999999999,0.0,5.693333333333333,84.90333333333334,978.58
1966-05-01,12.351612903225806,59.7,0.0,5.196774193548387,82.75806451612904,1767.1741935483872
1966-06-01,15.193333333333333,46.6,0.0,4.173333333333334,86.23333333333333,1635.27
1966-07-01,15.632258064516128,13.5,0.0,4.093548387096774,84.6516129032258,1713.725806451613
1966-08-01,16.14193548387097,72.0,0.0,4.574193548387097,84.47419354838709,1550.3967741935485
1966-09-01,16.693333333333335,41.7,0.0,3.2333333333333334,88.42333333333333,1192.32
1966-10-01,12.383870967741935,146.1,0.0,4.761290322580645,88.14516129032258,532.3903225806451
1966-11-01,7.8,67.3,0.0,4.323333333333333,84.23,305.64000000000004
1966-12-01,9.170967741935485,114.10000000000001,0.0,6.596774193548387,88.40322580645162,185.24193548387098
1967-01-01,7.325806451612903,95.9,0.0,4.938709677419355,86.7258064516129,267.59032258064514
1967-02-01,7.175,62.8,0.0,5.9750000000000005,85.47142857142856,569.1357142857142
1967-03-01,7.987096774193549,59.0,0.0,5.561290322580645,83.97096774193548,925.1451612903226
1967-04-01,8.860000000000001,24.900000000000002,0.0,5.6433333333333335,83.35,1206.1366666666665
1967-05-01,11.051612903225807,106.10000000000001,0.0,5.583870967741936,85.9483870967742,1266.7290322580645
1967-06-01,14.42,30.4,0.0,4.283333333333333,86.22,1977.9399999999998
1967-07-01,16.787096774193547,18.2,0.0,3.541935483870968,86.09032258064516,2006.7193548387097
1967-08-01,16.135483870967743,54.6,0.0,3.767741935483871,85.45806451612903,1380.5580645161292
1967-09-01,14.403333333333334,109.7,0.0,4.713333333333334,89.34666666666666,831.65
1967-10-01,12.754838709677419,133.1,0.0,5.316129032258065,88.19677419354838,562.0935483870968
1967-11-01,8.8,71.1,0.0,4.583333333333333,89.58666666666666,353.15999999999997
1967-12-01,7.561290322580645,81.5,0.0,5.161290322580645,88.5516129032258,201.18064516129033
1968-01-01,7.825806451612903,88.4,0.0,5.216129032258064,87.60967741935484,224.8
1968-02-01,5.651724137931034,111.1,0.0,4.124137931034483,88.37931034482759,472.303448275862
1968-03-01,8.080645161290322,33.0,0.0,5.864516129032259,83.29354838709678,836.1193548387097
1968-04-01,8.870000000000001,68.0,0.0,5.11,80.83,1394.4833333333333
1968-05-01,10.629032258064516,45.5,0.0,4.083870967741936,85.20645161290322,1628.648387096774
1968-06-01,14.696666666666665,69.4,0.0,4.876666666666667,87.78,1573.93
1968-07-01,15.658064516129032,49.8,0.0,4.235483870967743,88.02258064516128,1805.1806451612904
1968-08-01,16.30322580645161,35.3,0.0,4.264516129032257,88.98387096774194,1265.1032258064515
1968-09-01,14.889999999999999,76.8,0.0,4.85,87.73666666666666,924.0233333333333
1968-10-01,14.780645161290321,99.3,0.0,3.7193548387096773,91.63548387096773,494.9129032258064
1968-11-01,10.31,45.1,0.0,3.7333333333333334,88.3,255.18
1968-12-01,7.506451612903225,107.5,2.4,4.509677419354839,88.64838709677419,228.66774193548386
1969-01-01,8.419354838709678,94.7,0.0,5.061290322580645,88.41935483870968,239.6451612903226
1969-02-01,4.607142857142857,103.39999999999999,5.3999999999999995,4.671428571428572,82.46071428571429,461.7964285714285
1969-03-01,7.800000000000001,67.2,0.0,4.387096774193548,84.56451612903226,674.9806451612903
1969-04-01,9.246666666666666,34.8,0.0,4.906666666666666,82.62333333333332,1259.9266666666667
1969-05-01,11.925806451612903,112.9,0.0,4.145161290322581,83.14516129032258,1395.5354838709677
1969-06-01,14.283333333333333,42.8,0.0,3.89,83.75,2126.73
1969-07-01,16.90967741935484,37.2,0.0,3.193548387096774,85.74838709677421,1824.2548387096774
1969-08-01,16.45806451612903,17.099999999999998,0.0,3.7483870967741937,85.47096774193548,1467.1225806451614
1969-09-01,15.51,82.1,0.0,3.7,91.36,842.16
1969-10-01,14.654838709677419,8.2,0.0,2.9838709677419355,84.95161290322581,796.6548387096774
1969-11-01,8.786666666666667,163.3,0.0,4.933333333333334,84.23666666666666,304.44
1969-12-01,6.993548387096775,105.9,0.0,4.909677419354838,85.52903225806452,223.59032258064516
1970-01-01,7.493548387096775,96.2,0.0,5.419354838709677,88.18387096774192,251.44838709677418
1970-02-01,6.614285714285714,134.3,1.4,6.575,86.36071428571428,419.9428571428571
1970-03-01,5.887096774193548,64.8,0.0,5.225806451612903,83.8258064516129,807.0258064516129
1970-04-01,8.28,45.0,0.0,5.926666666666667,86.63000000000001,969.4300000000001
1970-05-01,12.396774193548387,23.400000000000002,0.0,3.47741935483871,85.22258064516129,1555.4322580645162
1970-06-01,16.08,59.8,0.0,3.7133333333333334,84.74333333333334,1661.6766666666667
1970-07-01,15.612903225806452,37.3,0.0,4.374193548387097,84.81935483870969,1412.2548387096774
1970-08-01,16.364516129032257,51.4,0.0,3.541935483870968,87.12258064516129,1333.9354838709678
1970-09-01,16.35,51.5,0.0,4.033333333333333,85.98,1070.4633333333334
1970-10-01,12.383870967741935,31.5,0.0,3.5032258064516126,86.0516129032258,761.8225806451613
1970-11-01,11.05,110.0,0.0,4.636666666666667,88.41333333333334,310.9066666666667
1970-12-01,5.912903225806452,46.2,6.7,4.019354838709678,86.58709677419354,343.29999999999995
1971-01-01,7.461290322580646,139.6,0.0,5.074193548387097,87.0,284.3677419354839
1971-02-01,6.5928571428571425,43.9,0.0,3.942857142857143,88.32857142857142,593.1071428571429
1971-03-01,6.129032258064516,83.3,0.0,4.625806451612903,83.99354838709678,787.0032258064516
1971-04-01,9.35,26.0,0.0,4.526666666666667,86.38000000000001,1162.6
1971-05-01,11.76774193548387,26.2,0.0,3.774193548387097,82.70645161290322,1826.9870967741936
1971-06-01,13.45,58.1,0.0,3.94,85.54666666666667,1427.32
1971-07-01,17.48709677419355,29.0,0.0,3.296774193548387,83.05483870967741,2274.0806451612902
1971-08-01,16.5258064516129,49.400000000000006,0.0,4.080645161290323,85.88709677419355,1184.9419354838708
1971-09-01,16.23,39.6,0.0,2.6933333333333334,85.47666666666667,1278.0733333333333
1971-10-01,13.738709677419354,22.9,0.0,3.2129032258064516,85.70322580645161,869.3741935483871
1971-11-01,8.416666666666666,117.7,0.0,4.760000000000001,84.00333333333333,430.5366666666667
1971-12-01,7.77741935483871,43.9,0.0,4.441935483870967,89.37096774193549,280.4612903225806
1972-01-01,6.190322580645161,120.8,0.0,4.783870967741936,87.90967741935484,300.5258064516129
1972-02-01,7.113793103448276,141.7,0.0,4.69655172413793,87.44827586206897,471.3965517241379
1972-03-01,8.348387096774195,59.3,0.0,4.703225806451614,83.88064516129033,853.683870967742
1972-04-01,9.343333333333334,72.6,0.0,6.75,84.85333333333332,1154.38
1972-05-01,10.351612903225806,69.4,0.0,5.445161290322581,84.99032258064516,1224.9870967741936
1972-06-01,12.156666666666666,70.8,0.0,4.13,87.42,1217.3466666666668
1972-07-01,15.803225806451612,6.9,0.0,3.3161290322580643,88.21612903225805,1463.0096774193548
1972-08-01,15.358064516129033,27.5,0.0,3.512903225806452,87.79032258064517,1554.5709677419354
1972-09-01,13.520000000000001,24.2,0.0,3.6666666666666665,82.02666666666667,1321.7166666666667
1972-10-01,12.370967741935484,84.4,0.0,3.674193548387097,84.84193548387097,609.8032258064517
1972-11-01,9.056666666666667,117.2,0.0,3.896666666666667,87.31333333333333,301.4633333333333
1972-12-01,8.393548387096773,81.3,0.0,5.34516129032258,88.0,270.7354838709677
1973-01-01,6.33225806451613,65.9,0.0,3.9096774193548387,88.03870967741935,293.1354838709678
1973-02-01,6.432142857142857,68.1,0.0,4.2214285714285715,84.14642857142857,482.1607142857143
1973-03-01,7.109677419354839,13.4,0.0,4.038709677419355,76.8483870967742,1232.5096774193548
1973-04-01,8.036666666666667,43.9,0.0,4.093333333333333,82.60333333333332,1211.76
1973-05-01,12.696774193548388,78.3,0.0,4.635483870967741,82.4,1266.8258064516128
1973-06-01,15.370000000000001,19.8,0.0,3.53,84.67666666666668,1997.0233333333333
1973-07-01,15.935483870967742,76.9,0.0,3.306451612903226,87.94193548387096,1444.851612903226
1973-08-01,17.919354838709676,25.3,0.0,2.8129032258064517,87.47419354838709,1608.9290322580646
1973-09-01,15.94,51.4,0.0,3.8699999999999997,85.66666666666667,1148.2133333333334
1973-10-01,11.974193548387097,52.800000000000004,0.0,3.796774193548387,85.7258064516129,629.0903225806452
1973-11-01,10.016666666666667,55.900000000000006,0.0,3.92,84.48666666666666,357.28
1973-12-01,8.02258064516129,66.8,0.0,4.716129032258064,86.10645161290323,279.083870967742
1974-01-01,8.558064516129033,136.0,0.0,6.416129032258064,86.75483870967743,282.0516129032258
1974-02-01,7.5,156.1,0.0,6.082142857142857,86.38571428571429,493.575
1974-03-01,7.5,56.9,0.0,3.532258064516129,89.3741935483871,764.7645161290322
1974-04-01,9.126666666666667,40.0,0.0,4.316666666666666,84.73333333333333,1377.7166666666667
1974-05-01,11.603225806451613,49.1,0.0,4.629032258064516,85.76451612903226,1654.2806451612903
1974-06-01,14.686666666666667,39.9,0.0,4.003333333333333,85.76,1802.3866666666665
1974-07-01,15.896774193548387,44.6,0.0,4.33225806451613,88.66451612903225,1528.7225806451613
1974-08-01,15.719354838709679,62.8,0.0,3.8741935483870966,86.00967741935483,1343.7612903225806
1974-09-01,13.31,134.0,0.0,5.696666666666667,85.62333333333332,826.9699999999999
1974-10-01,9.483870967741936,94.2,0.0,5.32258064516129,85.14193548387097,544.9741935483871
1974-11-01,9.746666666666666,142.9,0.0,5.406666666666666,90.00666666666666,281.15333333333336
1974-12-01,9.906451612903227,46.9,0.0,6.070967741935483,89.53870967741935,218.0225806451613
1975-01-01,8.990322580645161,108.1,0.0,5.72258064516129,89.47096774193548,277.3322580645161
1975-02-01,8.439285714285715,18.2,0.0,3.4785714285714286,85.66428571428571,717.9107142857143
1975-03-01,6.758064516129032,96.9,0.3,5.009677419354839,82.29354838709678,693.4161290322581
1975-04-01,8.76,44.3,5.4,5.286666666666666,84.28333333333333,1239.1433333333334
1975-05-01,11.17741935483871,31.4,0.0,5.003225806451613,85.1032258064516,1420.7451612903226
1975-06-01,15.120000000000001,36.7,0.0,4.463333333333334,79.28333333333333,2329.213333333333
1975-07-01,17.27741935483871,19.0,0.0,4.377419354838709,83.7258064516129,1914.8806451612904
1975-08-01,18.19677419354839,57.9,0.0,3.6193548387096777,84.99032258064516,1544.164516129032
1975-09-01,14.486666666666668,100.9,0.0,4.1866666666666665,86.97333333333333,964.1733333333334
1975-10-01,11.80967741935484,62.8,0.0,3.7193548387096773,86.21935483870968,807.741935483871
1975-11-01,9.536666666666667,100.1,0.0,4.6466666666666665,87.45666666666666,375.06333333333333
1975-12-01,6.880645161290323,38.9,0.0,4.074193548387097,87.92903225806452,255.5258064516129
1976-01-01,7.670967741935483,37.5,0.0,5.148387096774194,88.29354838709678,285.1741935483871
1976-02-01,7.0793103448275865,39.3,0.0,4.072413793103448,88.89655172413794,495.9724137931035
1976-03-01,7.696774193548387,87.7,0.0,4.309677419354839,84.87096774193549,955.0677419354838
1976-04-01,8.563333333333333,7.800000000000001,0.0,5.28,84.42333333333333,1727.5466666666666
1976-05-01,12.53225806451613,18.8,0.0,4.216129032258064,86.6032258064516,1468.3806451612904
1976-06-01,17.790000000000003,5.9,0.0,3.02,80.68,2262.1200000000003
1976-07-01,17.883870967741935,25.4,0.0,3.2225806451612904,82.16129032258064,1754.7709677419355
1976-08-01,17.58709677419355,9.0,0.0,3.6129032258064515,77.42903225806452,1893.3129032258064
1976-09-01,14.71,106.4,0.0,4.1433333333333335,84.92,949.8433333333334
1976-10-01,12.3,124.10000000000001,0.0,5.229032258064516,91.50967741935484,453.7903225806452
1976-11-01,9.076666666666666,130.4,0.0,3.8333333333333335,89.41000000000001,302.94666666666666
1976-12-01,6.0,98.5,0.4,4.0677419354838715,87.04193548387097,246.2258064516129
1977-01-01,5.916129032258064,123.9,0.7,4.854838709677419,87.18709677419355,327.7838709677419
1977-02-01,8.107142857142858,163.5,0.0,5.614285714285714,89.35714285714286,390.6821428571429
1977-03-01,9.125806451612902,74.3,0.0,5.158064516129032,85.25806451612904,698.1096774193549
1977-04-01,8.27,56.5,0.0,4.736666666666666,82.24666666666667,1092.32
1977-05-01,11.196774193548388,55.2,0.0,5.103225806451612,84.88387096774194,1411.8258064516128
1977-06-01,12.843333333333334,72.39999999999999,0.0,4.456666666666666,87.54666666666667,1261.6633333333334
1977-07-01,16.55806451612903,67.1,0.0,3.9838709677419355,87.08709677419354,1877.3096774193548
1977-08-01,15.72258064516129,65.5,0.0,3.490322580645161,85.75161290322582,1398.7903225806451
1977-09-01,14.19,36.400000000000006,0.0,3.7,88.23333333333333,1127.6933333333334
1977-10-01,13.612903225806452,47.5,0.0,4.041935483870968,89.13548387096773,681.9161290322581
1977-11-01,8.826666666666666,114.7,0.5,5.88,86.65,391.60999999999996
1977-12-01,8.764516129032257,94.0,0.0,4.95483870967742,90.53225806451613,273.6741935483871
1978-01-01,6.193548387096774,149.1,0.0,5.548387096774194,87.99354838709678,288.6354838709678
1978-02-01,6.714285714285714,103.1,8.3,5.610714285714286,91.175,341.0285714285714
1978-03-01,8.274193548387096,139.6,0.0,5.535483870967742,87.70967741935483,692.6
1978-04-01,7.633333333333334,40.4,2.0,4.926666666666667,83.2,1004.27
1978-05-01,11.87741935483871,27.4,0.0,3.5999999999999996,86.69032258064516,1592.9548387096775
1978-06-01,13.376666666666667,50.3,0.0,3.9766666666666666,88.71333333333334,1588.2366666666667
1978-07-01,15.396774193548387,62.7,0.0,3.8451612903225807,89.31935483870969,1411.5516129032258
1978-08-01,15.35483870967742,18.8,0.0,3.4451612903225803,88.76451612903226,1577.3225806451612
1978-09-01,14.81,28.4,0.0,3.5533333333333332,88.14,1220.6833333333334
1978-10-01,13.329032258064515,8.6,0.0,3.2516129032258063,88.9483870967742,675.1322580645162
1978-11-01,10.75,26.5,0.0,3.6300000000000003,87.47,409.69666666666666
1978-12-01,8.093548387096774,178.5,0.4,6.248387096774193,89.69354838709677,212.28064516129032
1979-01-01,3.7129032258064516,94.4,2.1,4.309677419354839,82.8967741935484,303.2096774193548
1979-02-01,6.4678571428571425,124.9,0.8,4.639285714285714,91.91071428571429,410.35714285714283
1979-03-01,7.316129032258065,115.0,0.0,6.009677419354839,87.46451612903226,698.1193548387097
1979-04-01,9.056666666666667,63.1,0.0,4.933333333333334,86.07666666666667,983.7766666666666
1979-05-01,10.561290322580644,92.6,0.0,3.8806451612903223,85.58064516129032,1474.8451612903225
1979-06-01,14.58,13.6,0.0,3.31,89.0,1528.8600000000001
1979-07-01,17.135483870967743,18.7,0.0,3.1580645161290324,84.32903225806452,1678.774193548387
1979-08-01,15.96774193548387,58.1,0.0,4.300000000000001,88.48709677419355,1347.967741935484
1979-09-01,14.896666666666667,45.1,0.0,3.1633333333333336,88.64,1040.7866666666666
1979-10-01,13.26774193548387,54.0,0.0,3.1129032258064515,90.91612903225807,679.258064516129
1979-11-01,9.833333333333334,114.1,0.0,4.046666666666667,88.8,372.36333333333334
1979-12-01,8.95483870967742,173.1,3.8,6.158064516129032,90.31612903225808,233.26451612903224
1980-01-01,5.790322580645161,95.8,0.0,4.145161290322581,89.29032258064517,275.89032258064515
1980-02-01,8.720689655172414,96.9,0.0,4.26551724137931,88.8103448275862,503.79655172413794
1980-03-01,7.280645161290322,113.3,0.0,5.229032258064516,86.65483870967742,643.2
1980-04-01,9.763333333333332,5.0,0.0,4.076666666666666,82.21666666666667,1357.1966666666667
1980-05-01,11.46774193548387,35.800000000000004,0.0,3.7096774193548385,84.30322580645162,1646.4806451612903
1980-06-01,14.263333333333332,97.7,0.0,4.46,89.78,1355.3266666666668
1980-07-01,15.40967741935484,40.0,0.0,4.409677419354838,88.95806451612903,1432.9774193548387
1980-08-01,17.067741935483873,32.6,0.0,3.6096774193548384,89.81935483870969,1270.1290322580646
1980-09-01,15.610000000000001,35.4,0.0,3.4033333333333333,90.45333333333333,918.74
1980-10-01,11.683870967741935,128.8,0.0,4.716129032258064,88.6,563.7741935483871
1980-11-01,8.576666666666666,89.39999999999999,15.0,5.0,84.74,325.68
1980-12-01,7.906451612903226,87.1,0.0,4.883870967741935,86.99354838709678,268.7064516129032
1981-01-01,7.938709677419355,81.4,0.0,4.903225806451613,85.97741935483872,360.8322580645161
1981-02-01,5.628571428571428,61.099999999999994,0.0,3.8249999999999997,81.56428571428572,695.9
1981-03-01,9.964516129032257,128.7,0.0,6.338709677419355,89.36451612903227,489.19354838709677
1981-04-01,9.623333333333333,39.1,0.0,4.173333333333334,85.72,1131.4433333333334
1981-05-01,11.96774193548387,122.9,0.0,5.235483870967743,90.23548387096774,1013.0774193548388
1981-06-01,14.18,13.7,0.0,4.193333333333333,87.99,1605.45
1981-07-01,16.467741935483872,31.5,0.0,3.5774193548387094,88.92903225806452,1337.4161290322581
1981-08-01,17.34193548387097,28.7,0.0,2.5935483870967744,87.0741935483871,1616.6225806451614
1981-09-01,15.983333333333333,114.9,0.0,3.1333333333333333,88.55333333333333,1088.3166666666666
1981-10-01,11.519354838709678,146.9,0.0,4.1,88.88064516129033,434.4032258064516
1981-11-01,10.206666666666667,38.3,0.0,3.51,87.99333333333334,345.94
1981-12-01,7.374193548387097,160.3,0.0,5.109677419354839,90.38387096774194,219.52903225806452
1982-01-01,8.287096774193548,139.1,0.0,4.590322580645162,91.49677419354839,225.8516129032258
1982-02-01,8.164285714285715,67.3,0.0,3.792857142857143,88.61071428571428,462.2642857142857
1982-03-01,7.945161290322581,90.8,0.0,5.564516129032258,83.24193548387096,934.4483870967742
1982-04-01,9.533333333333333,38.7,0.0,4.47,82.83666666666666,1636.77
1982-05-01,12.251612903225807,43.2,0.0,3.706451612903226,83.95806451612903,1337.3645161290324
1982-06-01,15.55,89.8,0.0,3.14,89.95,1542.89
1982-07-01,17.293548387096774,61.4,0.0,3.6451612903225805,89.22258064516129,1689.664516129032
1982-08-01,16.61935483870968,46.7,0.0,3.896774193548387,87.88709677419355,1307.9903225806452
1982-09-01,16.306666666666665,63.0,0.0,3.1533333333333338,89.29666666666667,1119.1466666666668
1982-10-01,12.32258064516129,183.2,0.0,4.074193548387097,91.03870967741935,555.3709677419355
1982-11-01,10.706666666666667,165.1,0.0,4.206666666666667,86.78333333333333,332.28333333333336
1982-12-01,8.861290322580645,182.6,0.0,4.435483870967742,88.58064516129032,211.03870967741935
1983-01-01,9.629032258064516,71.8,0.0,5.196774193548387,89.3967741935484,276.5903225806452
1983-02-01,5.757142857142857,71.1,2.2,5.096428571428571,81.85714285714286,555.4357142857143
1983-03-01,9.27741935483871,70.4,0.0,4.209677419354839,86.34516129032258,747.9225806451612
1983-04-01,9.01,119.3,0.0,4.163333333333333,83.96666666666667,1033.6733333333334
1983-05-01,12.09032258064516,112.3,0.0,4.1,85.85161290322581,1345.4
1983-06-01,15.8,15.3,0.0,3.1133333333333337,80.11666666666666,1886.0033333333333
1983-07-01,19.41290322580645,18.7,0.0,2.4741935483870967,79.61935483870967,2143.051612903226
1983-08-01,17.42258064516129,44.4,0.0,2.9645161290322584,82.9258064516129,1739.5096774193548
1983-09-01,15.65,77.0,0.0,3.7066666666666666,85.18333333333334,969.48
1983-10-01,12.070967741935483,65.30000000000001,0.0,3.706451612903226,82.60967741935484,633.4612903225806
1983-11-01,10.796666666666665,46.8,0.0,4.01,85.78666666666666,449.63
1983-12-01,8.161290322580646,82.4,0.0,4.858064516129032,78.04516129032258,322.083870967742
1984-01-01,7.016129032258065,178.4,0.0,6.661290322580645,84.28709677419356,264.1258064516129
1984-02-01,6.13448275862069,94.9,0.0,5.403448275862068,79.95172413793104,516.1793103448276
1984-03-01,6.319354838709677,95.8,0.0,4.754838709677419,79.91290322580646,887.6580645161291
1984-04-01,10.26,2.2,0.0,3.2366666666666664,71.92,1883.5
1984-05-01,10.151612903225805,92.8,0.0,4.919354838709677,79.68709677419355,1383.3709677419354
1984-06-01,14.013333333333334,10.1,0.0,3.513333333333333,85.03,1981.2433333333333
1984-07-01,16.961290322580645,22.8,0.0,3.8548387096774195,78.41935483870968,2044.6387096774195
1984-08-01,16.948387096774194,62.3,0.0,3.2193548387096773,80.82903225806452,1632.1193548387096
1984-09-01,14.69,64.8,0.0,6.196666666666667,84.75666666666666,1093.3466666666668
1984-10-01,12.951612903225806,76.1,0.0,5.680645161290323,88.46774193548387,642.5096774193548
1984-11-01,10.38,154.1,0.0,5.3566666666666665,89.19,331.64666666666665
1984-12-01,8.364516129032259,133.7,0.0,4.635483870967741,87.71290322580644,273.2258064516129
1985-01-01,4.680645161290323,89.5,20.6,5.812903225806451,81.49032258064516,266.0225806451613
1985-02-01,6.389285714285714,44.7,4.6,5.125,77.91428571428571,688.4428571428572
1985-03-01,7.193548387096774,149.7,0.0,5.987096774193549,83.16129032258064,751.8419354838709
1985-04-01,10.083333333333334,52.5,0.0,7.166666666666667,83.42333333333333,1207.6433333333334
1985-05-01,11.919354838709678,52.0,0.0,5.661290322580645,86.34516129032258,1661.335483870968
1985-06-01,14.296666666666665,45.4,0.0,4.680000000000001,85.70333333333333,1647.2333333333333
1985-07-01,16.75483870967742,29.7,0.0,4.82258064516129,87.4483870967742,1783.6709677419353
1985-08-01,15.687096774193549,88.1,0.0,5.696774193548387,87.48064516129033,1243.1612903225807
1985-09-01,16.116666666666667,17.2,0.0,3.533333333333333,85.35,1239.29
1985-10-01,12.754838709677419,44.199999999999996,0.0,4.603225806451612,85.1258064516129,822.0032258064516
1985-11-01,8.203333333333333,122.8,0.0,4.516666666666667,81.32666666666667,344.7133333333333
1985-12-01,9.509677419354839,127.7,0.0,5.687096774193549,85.75161290322582,206.26451612903224
1986-01-01,8.0,150.3,0.0,8.387096774193548,81.11935483870967,257.0548387096774
1986-02-01,2.3392857142857144,49.2,3.3,7.7,78.20357142857142,420.3892857142857
1986-03-01,7.790322580645161,96.60000000000001,0.0,6.82258064516129,84.75483870967743,718.2290322580644
1986-04-01,6.886666666666667,92.6,0.0,6.41,82.2,1129.7766666666669
1986-05-01,11.703225806451613,64.7,0.0,5.82258064516129,84.79354838709678,1490.483870967742
1986-06-01,14.6,75.4,0.0,4.256666666666667,87.71666666666667,1591.6066666666666
1986-07-01,16.403225806451612,28.999999999999996,0.0,3.8225806451612905,88.1,1497.7612903225806
1986-08-01,14.551612903225807,74.9,0.0,4.770967741935484,86.37741935483871,1119.7645161290322
1986-09-01,13.386666666666667,105.39999999999999,0.0,5.333333333333333,89.84333333333333,1122.01
1986-10-01,13.538709677419355,96.0,0.0,5.425806451612903,89.02258064516128,627.8225806451613
1986-11-01,10.129999999999999,112.39999999999999,0.0,6.243333333333334,86.16333333333334,337.59666666666664
1986-12-01,9.551612903225807,145.2,0.0,7.958064516129032,83.24193548387096,273.26129032258063
1987-01-01,3.509677419354839,44.4,6.300000000000001,6.72258064516129,79.26451612903226,322.1741935483871
1987-02-01,7.321428571428571,60.699999999999996,1.1,5.442857142857143,86.88571428571429,383.61785714285713
1987-03-01,7.793548387096774,77.5,0.0,7.025806451612904,81.09032258064516,812.2161290322581
1987-04-01,11.413333333333332,66.7,0.0,4.8933333333333335,82.14666666666668,1324.2966666666666
1987-05-01,11.535483870967743,39.3,0.0,5.95483870967742,82.36774193548388,1777.6516129032257
1987-06-01,14.03,86.6,0.0,4.236666666666666,86.65333333333334,1361.5733333333333
1987-07-01,16.616129032258065,43.5,0.0,3.729032258064516,85.37741935483871,1800.8387096774193
1987-08-01,17.322580645161292,15.8,0.0,3.5387096774193547,86.01290322580645,1412.4645161290323
1987-09-01,16.58,54.199999999999996,0.0,4.8,85.70666666666666,963.8366666666666
1987-10-01,12.061290322580644,190.4,0.0,5.464516129032258,83.30322580645162,610.7129032258064
1987-11-01,9.646666666666667,94.4,0.0,6.556666666666667,82.84666666666666,448.6633333333333
1987-12-01,8.958064516129031,70.7,0.0,6.935483870967742,88.2709677419355,210.29677419354837
1988-01-01,8.76774193548387,191.1,0.0,6.735483870967743,89.30645161290323,263.2806451612903
1988-02-01,7.610344827586206,106.1,0.0,8.068965517241379,82.7344827586207,563.5275862068966
1988-03-01,9.187096774193549,124.9,0.0,7.116129032258065,85.04193548387097,733.4193548387096
1988-04-01,10.68,61.5,0.0,6.223333333333333,87.81666666666666,1048.2366666666667
1988-05-01,12.651612903225805,64.4,0.0,4.896774193548388,86.94193548387096,1612.6516129032257
1988-06-01,15.073333333333332,21.200000000000003,0.0,5.8533333333333335,87.98333333333333,1943.0333333333333
1988-07-01,15.838709677419354,83.5,0.0,5.641935483870968,88.00322580645161,1652.3483870967743
1988-08-01,16.864516129032257,74.8,0.0,4.874193548387097,87.83870967741936,1454.716129032258
1988-09-01,15.21,56.1,0.0,5.723333333333333,88.26,973.0233333333333
1988-10-01,13.30967741935484,62.00000000000001,0.0,6.132258064516129,87.30645161290323,657.8419354838709
1988-11-01,9.746666666666668,38.0,0.0,4.676666666666667,86.05333333333333,495.49
1988-12-01,10.438709677419356,50.3,0.0,5.316129032258065,89.32903225806452,250.56774193548387
1989-01-01,8.37741935483871,59.6,0.0,4.687096774193549,90.71290322580644,351.1161290322581
1989-02-01,8.732142857142858,94.7,0.0,5.828571428571428,88.90714285714286,496.05
1989-03-01,10.380645161290323,82.7,0.0,5.95483870967742,86.46451612903226,714.9161290322581
1989-04-01,8.816666666666666,97.4,0.0,5.9,83.24,1316.18
1989-05-01,14.654838709677419,10.3,0.0,4.745161290322581,85.2709677419355,2230.0290322580645
1989-06-01,15.873333333333333,35.7,0.0,4.373333333333333,85.73333333333333,2133.24
1989-07-01,18.212903225806453,23.0,0.0,3.6548387096774193,85.9483870967742,1961.2290322580645
1989-08-01,17.674193548387095,21.2,0.0,3.5612903225806454,84.99032258064516,1636.025806451613
1989-09-01,16.1,14.1,0.0,4.8533333333333335,88.63666666666667,1164.7566666666667
1989-10-01,14.37741935483871,51.8,0.0,5.229032258064516,90.63548387096773,585.2225806451613
1989-11-01,10.156666666666666,69.0,0.0,7.346666666666667,86.19000000000001,449.34666666666664
1989-12-01,8.670967741935485,146.0,0.0,7.47741935483871,89.56129032258065,372.59032258064514
1990-01-01,9.432258064516128,151.1,0.0,6.309677419354839,91.62258064516129,256.3225806451613
1990-02-01,10.74642857142857,186.6,0.0,9.507142857142856,89.69642857142857,450.6392857142857
1990-03-01,10.016129032258064,10.5,0.0,5.193548387096774,82.1741935483871,1167.016129032258
1990-04-01,9.916666666666666,66.7,0.0,7.633333333333334,82.11333333333333,1395.2166666666667
1990-05-01,14.570967741935483,22.5,0.0,4.648387096774194,84.00967741935484,1935.225806451613
1990-06-01,14.333333333333334,65.0,0.0,5.6,87.56333333333333,1606.7666666666667
1990-07-01,18.070967741935487,21.6,0.0,5.406451612903226,83.20645161290322,2194.3064516129034
1990-08-01,18.16774193548387,25.0,0.0,3.4129032258064513,83.93548387096774,1767.9451612903226
1990-09-01,15.453333333333335,28.4,0.0,4.806666666666667,81.93666666666667,1278.5966666666668
1990-10-01,13.661290322580646,112.7,0.0,5.180645161290323,83.94516129032259,697.5
1990-11-01,9.666666666666666,88.5,0.0,5.416666666666667,86.28333333333333,376.94
1990-12-01,6.951612903225806,103.3,0.0,5.948387096774193,82.26451612903226,267.53225806451616
1991-01-01,6.312903225806451,127.6,0.0,5.487096774193549,85.83225806451614,337.1193548387097
1991-02-01,5.0249999999999995,50.0,7.3,5.367857142857143,84.46071428571429,561.9821428571429
1991-03-01,9.67741935483871,65.5,0.0,5.819354838709677,85.36451612903227,973.6258064516129
1991-04-01,9.313333333333333,54.9,0.0,6.693333333333333,82.55,1517.6266666666668
1991-05-01,11.33548387096774,10.9,0.0,5.596774193548387,87.66774193548386,1953.758064516129
1991-06-01,13.78,58.699999999999996,0.0,5.8133333333333335,89.60666666666665,1813.3333333333333
1991-07-01,16.80322580645161,103.5,0.0,4.225806451612903,91.15483870967742,1700.2483870967742
1991-08-01,17.738709677419354,16.9,0.0,3.661290322580645,89.7709677419355,1827.0838709677419
1991-09-01,16.433333333333334,44.5,0.0,3.81,90.24,1365.24
1991-10-01,11.761290322580646,120.2,0.0,5.04516129032258,90.0,728.6096774193547
1991-11-01,9.636666666666667,103.1,0.0,6.39,90.74,409.5833333333333
1991-12-01,6.509677419354838,18.8,0.0,5.6,89.12258064516129,430.80645161290323
1992-01-01,6.229032258064516,27.0,0.0,5.52258064516129,90.26774193548388,486.4225806451613
1992-02-01,7.255172413793104,53.699999999999996,0.0,4.886206896551724,87.90344827586206,720.9172413793103
1992-03-01,8.932258064516128,51.6,0.0,6.541935483870968,87.48709677419355,1037.458064516129
1992-04-01,9.753333333333334,79.8,0.0,6.39,88.05666666666666,1488.2266666666667
1992-05-01,13.916129032258064,52.6,0.0,4.693548387096774,85.31612903225808,2051.4806451612903
1992-06-01,14.986666666666668,36.3,0.0,4.27,87.89666666666668,2223.1533333333336
1992-07-01,17.251612903225805,27.8,0.0,3.935483870967742,89.3225806451613,1999.8709677419354
1992-08-01,16.629032258064516,100.2,0.0,4.861290322580645,90.3225806451613,1322.9935483870968
1992-09-01,14.35,77.9,0.0,4.666666666666667,91.45666666666666,1025.4
1992-10-01,10.903225806451612,91.3,0.0,6.996774193548387,87.6741935483871,692.058064516129
1992-11-01,11.446666666666665,142.9,0.0,6.29,93.51333333333334,368.98333333333335
1992-12-01,7.941935483870967,120.3,0.0,5.303225806451613,93.09032258064516,319.51612903225805
1993-01-01,9.525806451612903,88.0,0.0,5.938709677419355,94.08709677419354,304.60967741935485
1993-02-01,6.603571428571429,19.2,0.5,4.535714285714286,86.00714285714285,615.2571428571429
1993-03-01,9.061290322580644,39.4,0.0,4.2,80.08064516129032,1031.4612903225807
1993-04-01,10.616666666666667,74.4,0.0,5.206666666666666,88.22333333333333,1173.1933333333334
1993-05-01,12.422580645161291,63.6,0.0,5.577419354838709,85.25483870967743,1639.758064516129
1993-06-01,15.270000000000001,72.4,0.0,4.296666666666667,88.10333333333332,1969.9766666666667
1993-07-01,16.129032258064516,41.1,0.0,4.970967741935484,87.79354838709678,1674.0032258064516
1993-08-01,15.841935483870968,21.1,0.0,4.383870967741935,85.28709677419356,1727.1709677419356
1993-09-01,13.83,117.9,0.0,4.42,88.25666666666666,1140.1533333333332
1993-10-01,11.254838709677419,96.7,0.0,6.512903225806451,83.01290322580645,728.7774193548387
1993-11-01,7.443333333333333,53.4,0.0,4.026666666666666,87.46333333333334,425.0066666666667
1993-12-01,9.296774193548387,155.7,0.0,8.341935483870966,87.41612903225807,214.69032258064516
1994-01-01,8.570967741935483,118.10000000000001,0.0,6.635483870967741,87.91612903225807,310.1548387096774
1994-02-01,7.9071428571428575,125.2,0.0,4.946428571428571,89.03571428571429,465.3321428571429
1994-03-01,10.003225806451614,60.1,0.0,5.770967741935484,89.84193548387097,727.7967741935485
1994-04-01,9.326666666666666,81.7,0.0,7.403333333333333,85.15333333333334,1170.5
1994-05-01,12.158064516129032,132.3,0.0,4.403225806451613,88.59677419354838,1360.4290322580646
1994-06-01,14.883333333333333,22.8,0.0,4.386666666666667,86.22333333333333,2246.0666666666666
1994-07-01,16.951612903225808,18.8,0.0,3.4129032258064513,87.71290322580644,1867.1870967741936
1994-08-01,16.39032258064516,87.3,0.0,3.4387096774193546,89.69032258064516,1349.616129032258
1994-09-01,14.33,77.7,0.0,5.24,89.43,972.7933333333333
1994-10-01,12.803225806451612,107.1,0.0,4.445161290322581,87.83225806451614,788.3
1994-11-01,12.3,52.8,0.0,3.743333333333333,92.82333333333332,308.6933333333333
1994-12-01,10.093548387096773,183.7,0.0,6.103225806451612,89.41612903225807,283.8677419354839
1995-01-01,8.819354838709677,191.4,0.0,6.512903225806451,85.77741935483871,292.2548387096774
1995-02-01,9.692857142857141,156.8,0.0,6.121428571428572,87.89999999999999,407.2857142857143
1995-03-01,8.296774193548387,95.4,0.0,5.445161290322581,80.88064516129033,883.741935483871
1995-04-01,9.55,47.3,0.0,4.2,87.66000000000001,1189.0766666666668
1995-05-01,12.951612903225806,50.7,0.0,3.42258064516129,81.18064516129031,1766.7290322580645
1995-06-01,14.776666666666667,14.8,0.0,4.676666666666667,86.66000000000001,1881.8100000000002
1995-07-01,17.90967741935484,73.10000000000001,0.0,2.916129032258065,88.6032258064516,1820.1709677419356
1995-08-01,17.77741935483871,38.6,0.0,2.661290322580645,89.0,1603.3387096774193
1995-09-01,14.33,123.6,0.0,3.7333333333333334,90.92,888.0400000000001
1995-10-01,14.73225806451613,44.7,0.0,2.967741935483871,90.85483870967742,658.1032258064516
1995-11-01,9.623333333333333,70.2,0.0,2.9699999999999998,85.32333333333332,414.12
1995-12-01,7.261290322580645,75.9,0.3,3.896774193548387,88.49032258064516,249.60645161290324
1996-01-01,8.53225806451613,66.4,0.0,4.887096774193548,89.57741935483871,253.40645161290323
1996-02-01,6.027586206896552,107.6,1.0,6.041379310344827,80.03448275862068,541.1448275862069
1996-03-01,7.67741935483871,43.8,0.0,3.4838709677419355,79.43225806451613,909.9741935483871
1996-04-01,9.633333333333333,47.9,0.0,3.5533333333333332,83.17666666666668,1356.8966666666668
1996-05-01,10.593548387096773,114.6,0.0,5.912903225806452,82.85806451612903,1372.1129032258063
1996-06-01,15.553333333333335,8.4,0.0,3.1599999999999997,81.32,1945.79
1996-07-01,16.493548387096773,10.700000000000001,0.0,3.6774193548387095,83.53870967741935,1768.5870967741935
1996-08-01,16.13225806451613,56.4,0.0,3.167741935483871,82.91290322580646,1587.6806451612904
1996-09-01,14.173333333333334,51.2,0.0,3.7933333333333334,82.83999999999999,1230.4633333333334
1996-10-01,13.541935483870969,47.2,0.0,4.393548387096774,85.33870967741936,642.0225806451613
1996-11-01,9.42,134.7,0.0,5.680000000000001,83.91666666666667,365.40999999999997
1996-12-01,6.354838709677419,48.9,7.4,3.825806451612903,87.80967741935484,294.40967741935486
1997-01-01,4.883870967741935,28.099999999999998,3.1,3.4838709677419355,89.09032258064516,327.22903225806454
1997-02-01,9.37142857142857,107.9,0.0,5.667857142857143,90.02142857142857,384.14285714285717
1997-03-01,10.003225806451614,23.0,0.0,3.4709677419354836,88.44516129032259,955.3387096774194
1997-04-01,10.113333333333333,16.0,0.0,4.486666666666666,80.38333333333334,1793.15
1997-05-01,13.40967741935484,78.39999999999999,0.0,5.006451612903225,82.80000000000001,1771.9967741935484
1997-06-01,14.639999999999999,104.9,0.0,4.493333333333334,87.68333333333334,1153.3533333333332
1997-07-01,16.380645161290325,26.7,0.0,3.193548387096774,88.3741935483871,1767.9516129032259
1997-08-01,18.706451612903226,65.7,0.0,2.5677419354838706,89.55806451612904,1279.9709677419355
1997-09-01,15.85,14.799999999999999,0.0,2.4233333333333333,86.30333333333333,1299.3566666666666
1997-10-01,13.625806451612902,90.9,0.0,4.035483870967742,85.5741935483871,703.8870967741935
1997-11-01,10.94,162.1,0.0,4.54,89.37666666666668,346.7066666666667
1997-12-01,8.845161290322581,116.5,0.4,5.038709677419354,88.47741935483872,291.583870967742
1998-01-01,7.625806451612903,125.9,0.0,6.251612903225807,84.93870967741935,393.1709677419355
1998-02-01,8.489285714285714,18.3,0.0,3.314285714285714,86.22500000000001,615.7321428571429
1998-03-01,9.783870967741937,45.699999999999996,0.0,4.606451612903226,85.1516129032258,697.7645161290322
1998-04-01,9.256666666666666,166.2,0.0,5.413333333333333,86.05666666666666,969.83
1998-05-01,13.283870967741937,44.8,0.0,3.4387096774193546,86.48709677419355,1724.8000000000002
1998-06-01,15.4,65.2,0.0,4.216666666666667,85.45333333333333,1450.9966666666667
1998-07-01,16.003225806451614,41.4,0.0,4.300000000000001,88.55483870967741,1286.1935483870968
1998-08-01,16.84193548387097,15.6,0.0,2.967741935483871,84.7290322580645,1708.7322580645161
1998-09-01,15.786666666666667,132.3,0.0,4.136666666666667,87.90666666666667,975.5466666666667
1998-10-01,13.196774193548388,168.0,0.0,5.312903225806451,88.51935483870967,496.18387096774194
1998-11-01,9.03,83.9,0.0,4.8966666666666665,82.41333333333334,358.63666666666666
1998-12-01,9.125806451612902,149.2,0.0,4.774193548387097,90.08064516129032,209.68387096774194
1999-01-01,9.009677419354839,152.3,0.0,5.387096774193548,88.04516129032258,260.06451612903226
1999-02-01,8.303571428571429,78.60000000000001,0.0,5.285714285714286,82.83928571428571,434.19642857142856
1999-03-01,9.03225806451613,57.7,0.0,4.635483870967741,85.00645161290322,826.5354838709677
1999-04-01,10.766666666666667,135.8,0.0,6.923333333333333,85.63333333333334,892.0366666666666
1999-05-01,13.916129032258064,31.1,0.0,4.351612903225806,84.78709677419356,1588.1709677419356
1999-06-01,14.75,63.7,0.0,4.996666666666667,82.84333333333333,1741.6933333333334
1999-07-01,17.6,16.7,0.0,4.429032258064517,84.66774193548386,1865.5419354838712
1999-08-01,17.24516129032258,132.2,0.0,3.5483870967741935,86.8741935483871,1144.016129032258
1999-09-01,16.093333333333334,96.89999999999999,0.0,4.453333333333333,87.44333333333334,1051.9133333333332
1999-10-01,12.864516129032259,105.7,0.0,4.800000000000001,87.49354838709678,611.0258064516129
1999-11-01,10.656666666666666,63.2,0.0,6.916666666666667,83.50666666666666,374.0566666666667
1999-12-01,9.161290322580646,216.3,0.0,8.238709677419354,84.34516129032258,207.36129032258063
