year,MAE_baseline,RMSE_baseline,R2_baseline,Bias_baseline,MAE_advanced,RMSE_advanced,R2_advanced,Bias_advanced,MAE_gain,MAE_gain_percent,RMSE_gain,R2_gain,Bias_abs_gain,advanced_better_MAE
2000,1.1337875648834157,1.4199620130346209,0.9408215508054864,0.2324999874636569,1.1423639797547869,1.421428299144879,0.94069926959097,0.2699588078931847,-0.008576414871371174,-0.7564393134134492,-0.0014662861102581193,-0.00012228121451629548,-0.037458820429527806,False
2001,1.3474250638619163,1.7540970479935027,0.9246790812841928,-0.3997172082567632,1.4613948621156927,1.8811774190504735,0.913370085201611,-0.3515108347261045,-0.1139697982537764,-8.458340379028009,-0.1270803710569708,-0.011308996082581846,0.04820637353065871,False
2002,1.4458811398445317,1.7750400286843304,0.8893075615475717,0.6058375627426853,1.1947877017635424,1.428512985571185,0.9283081087377716,0.3338802923973162,0.2510934380809893,17.3661189126506,0.3465270431131455,0.03900054719019985,0.2719572703453691,True
2003,1.961841145619264,2.38717181900834,0.8953824860668913,0.240285166430915,1.890051663772436,2.374767928959839,0.8964668594318463,0.463179997183779,0.07178948184682787,3.659291273767592,0.012403890048501065,0.001084373364955038,-0.222894830752864,True
2004,1.0674631107868149,1.3145325243513208,0.9574126525924656,-0.28711772143961,1.1727187385587698,1.4037350539050777,0.9514366979328018,-0.3861999055143384,-0.10525562777195496,-9.860352709928518,-0.08920252955375685,-0.005975954659663718,-0.09908218407472841,False
2005,1.3598876293824418,1.7092340448587882,0.9401088019514736,-0.0081783620876789,1.3320956945853082,1.6715726523349044,0.9427190191415395,-0.2240675578416063,0.0277919347971336,2.0436934785379726,0.037661392523883785,0.0026102171900659332,-0.2158891957539274,True
2006,1.7369113061650725,2.063956108105703,0.9138453135409362,0.568269946743838,1.6000113996332503,1.871805704415339,0.9291402649033008,0.4863527465263184,0.13689990653182216,7.881801796436201,0.1921504036903643,0.015294951362364584,0.08191720021751964,True
2007,1.5729828103127392,1.8936501944158792,0.8854442472212394,-0.2475252289384308,1.625404383665192,1.976527531637612,0.8751975456413766,-0.1570418880573987,-0.05242157335245268,-3.3326221373029665,-0.08287733722173285,-0.010246701579862738,0.0904833408810321,False
2008,1.2494907772586372,1.5269605061545033,0.9320040719594906,-0.1050181560502641,1.285528154898637,1.5726600525163137,0.927873143074963,-0.3780935233597219,-0.03603737763999981,-2.884165157190295,-0.045699546361810395,-0.004130928884527596,-0.2730753673094578,False
2009,1.1355703489020408,1.4555729114434472,0.953070250778073,0.5193698548761457,1.3032685000904578,1.6302133886279302,0.9411333643983611,0.2207316885163092,-0.16769815118841702,-14.767746564584119,-0.17464047718448295,-0.011936886379711797,0.29863816635983653,False
2010,1.4811352348813465,1.7399095928362884,0.9371592588877128,-0.7222869549453736,1.304684828685304,1.6145035206886384,0.9458914462547616,-0.6655453581496006,0.17645040619604235,11.9131867260033,0.12540607214764998,0.008732187367048838,0.056741596795773064,True
2011,1.790104236734246,2.2160101213486096,0.8499181583980557,1.1397111540964675,1.5583080552011677,1.828262255028852,0.897844522696029,0.9286594361682288,0.23179618153307824,12.948753305894225,0.38774786631975755,0.047926364297973256,0.21105171792823874,True
2012,1.5222825134723834,2.2774713446617545,0.876260922410491,-0.1866092141003422,1.4292965969342168,2.0019540433134746,0.9043886965644192,-0.0648415978385404,0.09298591653816657,6.108321925479011,0.2755173013482799,0.028127774153928198,0.1217676162618018,True
2013,1.3864598366983942,1.8694825572826077,0.9225086936614164,-0.3496411280934632,1.707708272625192,2.153058449264085,0.8972168822837775,-0.6963745794801106,-0.32124843592679775,-23.170410524966474,-0.2835758919814775,-0.025291811377638918,-0.3467334513866474,False
2014,1.5393150490805083,1.8315745796263336,0.8886274555990982,0.6574913721436817,1.5136752958048052,1.743885976602082,0.899036337225931,0.7958777258376963,0.025639753275703114,1.6656598849610884,0.08768860302425163,0.010408881626832844,-0.13838635369401464,True
2015,1.8195072081116184,2.195123963793255,0.8752427306718599,0.5385367463105631,1.7024973103111474,2.015026325121274,0.8948742257874621,0.657201817693389,0.117009897800471,6.430856513171504,0.18009763867198103,0.01963149511560225,-0.11866507138282589,True
2016,1.0304700617154554,1.3439753126683176,0.9530957379508852,-0.285286017374143,1.0214136551199229,1.235847021448887,0.960339411387378,-0.2373453881933421,0.009056406595532529,0.8788616896308514,0.10812829121943057,0.007243673436492792,0.04794062918080089,True
2017,1.537941719114913,1.8882725397670177,0.9176490195068192,0.3342732544970502,1.5454899206367718,1.8454404359039915,0.921342618604938,0.2602620388328509,-0.007548201521858866,-0.490798931327701,0.04283210386302616,0.0036935990981188382,0.07401121566419933,False
2018,1.682733680857304,2.01980294907773,0.9092348701150028,0.7075952867998044,1.571527858047404,1.969860051870832,0.9136680053012032,0.692748269186104,0.11120582280989999,6.608640694304274,0.04994289720689804,0.004433135186200365,0.014847017613700442,True
2019,1.2692755903800388,1.619503813825002,0.935753337536269,-0.1871419470614595,1.1249288149285464,1.414557949560845,0.9509851013732088,0.2343937885478531,0.14434677545149244,11.372374647831446,0.20494586426415706,0.015231763836939805,-0.04725184148639358,True
2020,1.2264623996214077,1.509937655730914,0.933202203922334,0.3127467523602258,1.2172926986832984,1.5021030448859216,0.9338935927655444,0.3482808272263376,0.009169700938109315,0.7476544687338053,0.007834610844992485,0.0006913888432104054,-0.035534074866111764,True
2021,1.6528856248300772,1.9891216866314896,0.8935847256029669,-0.4047927429144737,1.4222373067938492,1.6404365180991085,0.9276230759973888,-0.4676380349636784,0.23064831803622798,13.954281807002797,0.3486851685323811,0.034038350394421935,-0.06284529204920469,True
2022,1.5731428833327838,1.86288736141372,0.9233111198432578,1.0545694527677565,1.4892919542604623,1.8614033373176084,0.923433255853369,0.7964241255975311,0.0838509290723215,5.330153412046019,0.0014840240961115914,0.0001221360101112401,0.2581453271702254,True
2023,1.2438085131024297,1.609286783402175,0.9374295720034442,0.2459082592959558,1.1117603626151455,1.412420006198638,0.9518018956599318,0.5100911694883532,0.13204815048728413,10.61643726476165,0.19686677720353685,0.014372323656487551,-0.26418291019239737,True
2024,0.8403649332610303,1.0815986076604034,0.9650436587199088,-0.0087643908334283,0.942363063437913,1.165168073499611,0.9594331875799929,-0.083531999872151,-0.10199813017688264,-12.137361536621905,-0.08356946583920766,-0.0056104711399159735,-0.0747676090387227,False
2025,1.3818836189048942,1.7322159680411806,0.9246729585878544,0.4918421165885162,1.1226519331660652,1.433727497906375,0.9483963923827162,0.2711429437160748,0.25923168573882904,18.759299422353905,0.2984884701348056,0.02372343379486186,0.2206991728724414,True
