LAMBX,LAMBY,order,seasonal_order,rmse,mae,bias,aic,bic,train_n,test_n,exog_vars
3880,19850,"(0, 0, 0)","(0, 1, 1, 12)",1.2765759730975932,1.0420216149833303,-0.27264746207054724,1517.9648875497073,1546.0265798478056,432,48,"PRELIQ,PRENEI,FF,HU,SSI"
7160,24250,"(0, 0, 0)","(0, 1, 1, 12)",1.3731010285413128,1.0889363653771724,-0.06583383334037156,1529.1574740885112,1557.2191663866095,432,48,"PRELIQ,PRENEI,FF,HU,SSI"
4280,23850,"(0, 0, 0)","(0, 1, 1, 12)",1.2071274931991054,0.955378624997164,-0.2150046982516954,1435.2063375418986,1463.2680298399969,432,48,"PRELIQ,PRENEI,FF,HU,SSI"
7240,20330,"(0, 0, 0)","(0, 1, 1, 12)",1.1362794451361549,0.847181191120796,-0.007299210278762032,1482.8544187992272,1510.9161110973255,432,48,"PRELIQ,PRENEI,FF,HU,SSI"
8040,24410,"(0, 0, 0)","(0, 1, 1, 12)",1.387560320451107,1.0328316017789236,0.22004041318468656,1564.341470761546,1592.4031630596442,432,48,"PRELIQ,PRENEI,FF,HU,SSI"
9480,18810,"(0, 0, 0)","(0, 1, 1, 12)",1.7851587201736174,1.2904057038295378,0.9682268675327834,1401.178079139759,1429.2397714378571,432,48,"PRELIQ,PRENEI,FF,HU,SSI"
6760,23530,"(0, 0, 0)","(0, 1, 1, 12)",1.3344629051748187,1.0558469392080185,0.36245794958240407,1522.6270990008356,1550.688791298934,432,48,"PRELIQ,PRENEI,FF,HU,SSI"
9400,18650,"(0, 0, 0)","(0, 1, 1, 12)",1.311185725017498,1.0478725790225127,-0.3994264210830274,1360.9250863626248,1388.986778660723,432,48,"PRELIQ,PRENEI,FF,HU,SSI"
8840,21610,"(0, 0, 0)","(0, 1, 1, 12)",1.4790437700919021,1.1945077696109487,-0.2664950040398497,1584.5219250460918,1612.58361734419,432,48,"PRELIQ,PRENEI,FF,HU,SSI"
6600,23050,"(0, 0, 0)","(0, 1, 1, 12)",1.3278347238291144,1.0540575822582985,0.25986705988243947,1517.9314635043377,1545.993155802436,432,48,"PRELIQ,PRENEI,FF,HU,SSI"
8920,20890,"(0, 0, 0)","(0, 1, 1, 12)",1.2275463532342428,1.0113243538737378,0.023009250896222643,1547.2197968367536,1575.2814891348519,432,48,"PRELIQ,PRENEI,FF,HU,SSI"
11640,17610,"(0, 0, 0)","(0, 1, 1, 12)",1.0038910110582595,0.7697484857783615,-0.2175702457585668,1283.2412171874457,1311.302909485544,432,48,"PRELIQ,PRENEI,FF,HU,SSI"
9240,22250,"(0, 0, 0)","(0, 1, 1, 12)",1.4807671963873585,1.2011336177718002,0.2740400167156236,1573.9582110584006,1602.0199033564988,432,48,"PRELIQ,PRENEI,FF,HU,SSI"
6520,20810,"(0, 0, 0)","(0, 1, 1, 12)",1.1840492280107742,0.8508550571194579,-0.014129521977314208,1492.0931224375931,1520.1548147356914,432,48,"PRELIQ,PRENEI,FF,HU,SSI"
8280,18330,"(0, 0, 0)","(0, 1, 1, 12)",1.2817019558992098,1.01022609957092,-0.4344347882274289,1404.2263160759762,1432.2880083740745,432,48,"PRELIQ,PRENEI,FF,HU,SSI"
4760,19370,"(0, 0, 0)","(0, 1, 1, 12)",1.468758933871608,1.1800260217156784,-0.8428821527551658,1467.0709855092555,1495.1326778073537,432,48,"PRELIQ,PRENEI,FF,HU,SSI"
10680,22010,"(0, 0, 0)","(0, 1, 1, 12)",1.4346610622598825,1.1172108040823467,-0.26126999560266617,1580.7113038644638,1608.772996162562,432,48,"PRELIQ,PRENEI,FF,HU,SSI"
6520,24570,"(0, 0, 0)","(0, 1, 1, 12)",1.3267758893269377,1.0913704078078605,-0.2021758754601958,1518.7744953780964,1546.8361876761946,432,48,"PRELIQ,PRENEI,FF,HU,SSI"
5480,20250,"(0, 0, 0)","(0, 1, 1, 12)",1.315811549702101,0.9956488410982054,-0.14262676689117249,1477.1899445220777,1505.251636820176,432,48,"PRELIQ,PRENEI,FF,HU,SSI"
9720,21530,"(0, 0, 0)","(0, 1, 1, 12)",1.5713641391781212,1.2512599423279827,-0.44378245966243474,1576.3872700190468,1604.448962317145,432,48,"PRELIQ,PRENEI,FF,HU,SSI"
3640,20170,"(0, 0, 0)","(0, 1, 1, 12)",1.0982263705285604,0.8914287702562899,-0.13634676943879,1455.3052032247897,1483.366895522888,432,48,"PRELIQ,PRENEI,FF,HU,SSI"
5960,18890,"(0, 0, 0)","(0, 1, 1, 12)",1.4844930063057926,1.0883609444632325,-0.19527257581958016,1508.3447038264117,1536.40639612451,432,48,"PRELIQ,PRENEI,FF,HU,SSI"
7880,18730,"(0, 0, 0)","(0, 1, 1, 12)",1.0359758722148855,0.825933426579423,-0.004936465928869205,1380.2181937669668,1408.279886065065,432,48,"PRELIQ,PRENEI,FF,HU,SSI"
9000,21690,"(0, 0, 0)","(0, 1, 1, 12)",1.1299149398783146,0.9164208448630227,-0.30176055487859726,1556.6522770592085,1584.7139693573067,432,48,"PRELIQ,PRENEI,FF,HU,SSI"
9480,24010,"(0, 0, 0)","(0, 1, 1, 12)",1.4056211981056388,1.0689214920624284,0.02995097282435799,1601.9684176039796,1630.0301099020778,432,48,"PRELIQ,PRENEI,FF,HU,SSI"
6840,22090,"(0, 0, 0)","(0, 1, 1, 12)",1.3025118285446056,1.0192807853655026,-0.5199565661093687,1515.3165777985205,1543.3782700966187,432,48,"PRELIQ,PRENEI,FF,HU,SSI"
6040,25770,"(0, 0, 0)","(0, 1, 1, 12)",1.4320995852269838,1.1639782687561642,-0.47862366461391437,1490.395801606038,1518.4574939041363,432,48,"PRELIQ,PRENEI,FF,HU,SSI"
6120,19210,"(0, 0, 0)","(0, 1, 1, 12)",1.3731030120707515,1.0559832440917252,0.039369578525246925,1528.3222596730552,1556.3839519711535,432,48,"PRELIQ,PRENEI,FF,HU,SSI"
8280,18730,"(0, 0, 0)","(0, 1, 1, 12)",1.4593261811697829,1.1631987659991483,-0.36844164530700857,1444.3070336678816,1472.3687259659798,432,48,"PRELIQ,PRENEI,FF,HU,SSI"
6440,19050,"(0, 0, 0)","(0, 1, 1, 12)",1.2828321731774268,0.983705852619044,-0.0052970776348718425,1497.4817868538166,1525.5434791519149,432,48,"PRELIQ,PRENEI,FF,HU,SSI"
8920,24970,"(0, 0, 0)","(0, 1, 1, 12)",1.4075657639252055,1.0487071589304617,0.41724594089074346,1550.0747268336086,1578.1364191317068,432,48,"PRELIQ,PRENEI,FF,HU,SSI"
8840,24570,"(0, 0, 0)","(0, 1, 1, 12)",1.408565603505075,1.066633309214235,0.17795624445835415,1545.519785606963,1573.5814779050613,432,48,"PRELIQ,PRENEI,FF,HU,SSI"
2520,24010,"(0, 0, 0)","(0, 1, 1, 12)",1.21247225919972,0.9870241486485506,-0.38137144133381223,1325.34818042719,1353.4098727252883,432,48,"PRELIQ,PRENEI,FF,HU,SSI"
9880,18650,"(0, 0, 0)","(0, 1, 1, 12)",0.986288863886674,0.8518017794045655,-0.44880424957554393,1183.623604961862,1211.6852972599602,432,48,"PRELIQ,PRENEI,FF,HU,SSI"
5960,26410,"(0, 0, 0)","(0, 1, 1, 12)",1.4984311912025527,1.2282733204472307,-0.38438177535154544,1480.775059482792,1508.8367517808902,432,48,"PRELIQ,PRENEI,FF,HU,SSI"
6280,24650,"(0, 0, 0)","(0, 1, 1, 12)",1.3198026446851265,1.0845175178611433,-0.20538984378767358,1518.1311488353756,1546.1928411334738,432,48,"PRELIQ,PRENEI,FF,HU,SSI"
7560,19770,"(0, 0, 0)","(0, 1, 1, 12)",1.1829915565246805,0.9610926718286826,-0.3181152850824995,1495.4414080352967,1523.503100333395,432,48,"PRELIQ,PRENEI,FF,HU,SSI"
10280,23610,"(0, 0, 0)","(0, 1, 1, 12)",1.4729446694420263,1.1818599238288336,0.10086977501048466,1621.1638723388473,1649.2255646369456,432,48,"PRELIQ,PRENEI,FF,HU,SSI"
4840,17770,"(0, 0, 0)","(0, 1, 1, 12)",1.0340046578710775,0.8088662276797077,-0.10411617657983231,1433.2243215439921,1461.2860138420904,432,48,"PRELIQ,PRENEI,FF,HU,SSI"
3240,23930,"(0, 0, 0)","(0, 1, 1, 12)",1.218539767387357,0.9320905889893192,-0.1988503116727017,1339.7126029466353,1367.7742952447336,432,48,"PRELIQ,PRENEI,FF,HU,SSI"
8760,21050,"(0, 0, 0)","(0, 1, 1, 12)",1.1658896071548888,0.9836479639659,-0.39448574448572193,1528.1289362350683,1556.1906285331665,432,48,"PRELIQ,PRENEI,FF,HU,SSI"
1400,24010,"(0, 0, 0)","(0, 1, 1, 12)",1.11081518963659,0.8453372930560189,0.020487491261336505,1264.361437899491,1292.4231301975892,432,48,"PRELIQ,PRENEI,FF,HU,SSI"
2680,24010,"(0, 0, 0)","(0, 1, 1, 12)",1.1822484518011644,0.9731081059295951,-0.36220301256886756,1325.6430095045698,1353.704701802668,432,48,"PRELIQ,PRENEI,FF,HU,SSI"
5800,25530,"(0, 0, 0)","(0, 1, 1, 12)",1.531832897117353,1.2693254107892085,-0.42941778803444103,1495.3710578758162,1523.4327501739144,432,48,"PRELIQ,PRENEI,FF,HU,SSI"
3800,24170,"(0, 0, 0)","(0, 1, 1, 12)",1.2291174065623278,1.015375831430607,-0.2286403408980311,1447.790397305329,1475.8520896034272,432,48,"PRELIQ,PRENEI,FF,HU,SSI"
6360,20810,"(0, 0, 0)","(0, 1, 1, 12)",1.172384682811555,0.845569918833486,-0.021493984634259777,1489.1497533033828,1517.211445601481,432,48,"PRELIQ,PRENEI,FF,HU,SSI"
7080,19610,"(0, 0, 0)","(0, 1, 1, 12)",1.2008577832820264,0.8993710299776406,-0.33075818693134534,1493.5286004424906,1521.590292740589,432,48,"PRELIQ,PRENEI,FF,HU,SSI"
6600,17770,"(0, 0, 0)","(0, 1, 1, 12)",1.1917190632521617,1.007918108835595,-0.7363339487221641,1337.6929482536893,1365.7546405517876,432,48,"PRELIQ,PRENEI,FF,HU,SSI"
3560,22090,"(0, 0, 0)","(0, 1, 1, 12)",1.3773972915091381,1.0542824990108166,-0.6591935748176688,1485.953025221269,1514.0147175193672,432,48,"PRELIQ,PRENEI,FF,HU,SSI"
7240,25290,"(0, 0, 0)","(0, 1, 1, 12)",1.4591598810432647,1.127124762324729,0.21311464617516762,1502.6547294476968,1530.716421745795,432,48,"PRELIQ,PRENEI,FF,HU,SSI"
9640,19130,"(0, 0, 0)","(0, 1, 1, 12)",1.4251213865749541,1.1282367818938128,0.6360171171220008,1402.1518922744622,1430.2135845725604,432,48,"PRELIQ,PRENEI,FF,HU,SSI"
6360,24570,"(0, 0, 0)","(0, 1, 1, 12)",1.3368972735920872,1.10048593574704,-0.1862866060740546,1520.4681459586081,1548.5298382567064,432,48,"PRELIQ,PRENEI,FF,HU,SSI"
9800,22890,"(0, 0, 0)","(0, 1, 1, 12)",1.3904880146897,1.1094797552348972,0.015621862022558006,1574.4058356552127,1602.467527953311,432,48,"PRELIQ,PRENEI,FF,HU,SSI"
1000,24170,"(0, 0, 0)","(0, 1, 1, 12)",1.0350285484801582,0.8566160806525276,-0.6144857422683473,1241.673084254002,1269.7347765521004,432,48,"PRELIQ,PRENEI,FF,HU,SSI"
8680,24570,"(0, 0, 0)","(0, 1, 1, 12)",1.4237921397430422,1.0627266675465519,0.023647152228069058,1542.2541729760824,1570.3158652741806,432,48,"PRELIQ,PRENEI,FF,HU,SSI"
4440,21050,"(0, 0, 0)","(0, 1, 1, 12)",1.3072873721489873,0.9680159628774678,0.36142644224330106,1457.6857024884393,1485.7473947865376,432,48,"PRELIQ,PRENEI,FF,HU,SSI"
10360,23050,"(0, 0, 0)","(0, 1, 1, 12)",1.3796184678159231,1.0992861126940086,-0.0050243594936897895,1572.5775419453023,1600.6392342434006,432,48,"PRELIQ,PRENEI,FF,HU,SSI"
4440,19690,"(0, 0, 0)","(0, 1, 1, 12)",1.3441098581083954,1.0733492421684918,-0.48624130265864585,1481.118774412588,1509.1804667106862,432,48,"PRELIQ,PRENEI,FF,HU,SSI"
5560,23290,"(0, 0, 0)","(0, 1, 1, 12)",1.3046572611413763,0.9633530755274798,-0.07274770704379589,1484.0846249820984,1512.1463172801966,432,48,"PRELIQ,PRENEI,FF,HU,SSI"
6920,20970,"(0, 0, 0)","(0, 1, 1, 12)",1.3640180131202013,1.0179040277015414,-0.37046597416011506,1517.7832844346551,1545.8449767327534,432,48,"PRELIQ,PRENEI,FF,HU,SSI"
8760,23210,"(0, 0, 0)","(0, 1, 1, 12)",1.244170797266342,1.01509343451357,0.4530201821249012,1509.0506029655953,1537.1122952636936,432,48,"PRELIQ,PRENEI,FF,HU,SSI"
6360,20410,"(0, 0, 0)","(0, 1, 1, 12)",1.256246448030698,0.9510929712885073,0.051786044846271743,1499.3937228511265,1527.4554151492248,432,48,"PRELIQ,PRENEI,FF,HU,SSI"
9960,25050,"(0, 0, 0)","(0, 1, 1, 12)",1.430155033549083,1.1465778326428364,-0.16506430795727908,1604.3367580245354,1632.3984503226336,432,48,"PRELIQ,PRENEI,FF,HU,SSI"
9480,20970,"(0, 0, 0)","(0, 1, 1, 12)",1.393963460230025,1.079823329442534,-0.16400587708690115,1583.330408890702,1611.3921011888003,432,48,"PRELIQ,PRENEI,FF,HU,SSI"
7480,21450,"(0, 0, 0)","(0, 1, 1, 12)",1.3110922158455698,0.9317519143378871,-0.18649837181503096,1511.4755615809277,1539.537253879026,432,48,"PRELIQ,PRENEI,FF,HU,SSI"
5480,22810,"(0, 0, 0)","(0, 1, 1, 12)",1.3987685625243655,1.077698622073042,-0.47387938762492304,1460.3181233960186,1488.3798156941168,432,48,"PRELIQ,PRENEI,FF,HU,SSI"
1480,23690,"(0, 0, 0)","(0, 1, 1, 12)",1.0550406163492179,0.8557489228729173,-0.151714809740127,1271.5007715820248,1299.562463880123,432,48,"PRELIQ,PRENEI,FF,HU,SSI"
1000,24010,"(0, 0, 0)","(0, 1, 1, 12)",1.050374251721393,0.8938359497684797,-0.44505602167551067,1255.0009428823837,1283.062635180482,432,48,"PRELIQ,PRENEI,FF,HU,SSI"
7000,19050,"(0, 0, 0)","(0, 1, 1, 12)",1.2951136604783886,0.9639561271089638,0.20524144390805663,1497.780401865427,1525.8420941635252,432,48,"PRELIQ,PRENEI,FF,HU,SSI"
3720,24730,"(0, 0, 0)","(0, 1, 1, 12)",1.1510386477638312,0.9803208573511565,-0.5028827542728406,1349.0987197594568,1377.160412057555,432,48,"PRELIQ,PRENEI,FF,HU,SSI"
9000,20890,"(0, 0, 0)","(0, 1, 1, 12)",1.3208681212701987,1.1417230645472016,-0.3677381922740943,1561.732783050702,1589.7944753488002,432,48,"PRELIQ,PRENEI,FF,HU,SSI"
4360,18330,"(0, 0, 0)","(0, 1, 1, 12)",1.295778276464411,0.935272065092367,-0.2662476775453892,1443.885242906028,1471.9469352041262,432,48,"PRELIQ,PRENEI,FF,HU,SSI"
6120,24410,"(0, 0, 0)","(0, 1, 1, 12)",1.5102005661455813,1.196931557914889,-0.5081093695098339,1524.09741455344,1552.1591068515384,432,48,"PRELIQ,PRENEI,FF,HU,SSI"
11640,23610,"(0, 0, 0)","(0, 1, 1, 12)",1.7014738372332743,1.3338114403842969,0.38050079272060705,1619.7356833208719,1647.7973756189701,432,48,"PRELIQ,PRENEI,FF,HU,SSI"
4040,17610,"(0, 0, 0)","(0, 1, 1, 12)",1.2317784631076933,0.9927056824395005,-0.20573473884325025,1485.9890082693391,1514.0507005674374,432,48,"PRELIQ,PRENEI,FF,HU,SSI"
10200,22650,"(0, 0, 0)","(0, 1, 1, 12)",1.4116818059413985,1.122649939229472,0.059127376492483036,1579.8684101860176,1607.9301024841159,432,48,"PRELIQ,PRENEI,FF,HU,SSI"
9160,22650,"(0, 0, 0)","(0, 1, 1, 12)",1.3064758350053742,0.9360848204001103,0.31468603055352884,1538.3552681254846,1566.4169604235829,432,48,"PRELIQ,PRENEI,FF,HU,SSI"
1560,23530,"(0, 0, 0)","(0, 1, 1, 12)",1.036883771087814,0.8311745440975628,-0.11420014672234208,1322.4705364961867,1350.532228794285,432,48,"PRELIQ,PRENEI,FF,HU,SSI"
3480,23850,"(0, 0, 0)","(0, 1, 1, 12)",1.241743073317578,0.989642143731117,-0.2938982763995717,1446.4737668319851,1474.5354591300834,432,48,"PRELIQ,PRENEI,FF,HU,SSI"
6680,20250,"(0, 0, 0)","(0, 1, 1, 12)",1.169249105916562,0.8664593606378684,0.18514212916488434,1483.0756113254984,1511.1373036235966,432,48,"PRELIQ,PRENEI,FF,HU,SSI"
8280,23850,"(0, 0, 0)","(0, 1, 1, 12)",1.4065858280135444,1.044844955055084,0.1787584369622873,1578.8870288867595,1606.9487211848577,432,48,"PRELIQ,PRENEI,FF,HU,SSI"
1080,23610,"(0, 0, 0)","(0, 1, 1, 12)",1.1022134749189552,0.9049317304623242,-0.2903079032009979,1306.9438558577597,1335.005548155858,432,48,"PRELIQ,PRENEI,FF,HU,SSI"
5640,18890,"(0, 0, 0)","(0, 1, 1, 12)",1.41656782232617,1.0315831321813256,-0.24130148372022678,1488.3199534815697,1516.381645779668,432,48,"PRELIQ,PRENEI,FF,HU,SSI"
4120,18570,"(0, 0, 0)","(0, 1, 1, 12)",1.356964085542901,1.0068132499590539,-0.5579118395998329,1434.4093609130794,1462.4710532111776,432,48,"PRELIQ,PRENEI,FF,HU,SSI"
5160,24090,"(0, 0, 0)","(0, 1, 1, 12)",1.508654207146998,1.1432637223280901,0.06120798062916028,1503.2449591388363,1531.3066514369345,432,48,"PRELIQ,PRENEI,FF,HU,SSI"
7000,24250,"(0, 0, 0)","(0, 1, 1, 12)",1.311326818323664,1.047679892584804,0.1111459300753833,1534.920726285792,1562.9824185838902,432,48,"PRELIQ,PRENEI,FF,HU,SSI"
2840,23770,"(0, 0, 0)","(0, 1, 1, 12)",1.3398124663187638,1.0987357942203275,-0.5371538240235342,1392.6146532989176,1420.6763455970158,432,48,"PRELIQ,PRENEI,FF,HU,SSI"
6200,23770,"(0, 0, 0)","(0, 1, 1, 12)",1.3603342995877898,1.0096698244279065,0.20843040440424723,1508.514366241477,1536.5760585395753,432,48,"PRELIQ,PRENEI,FF,HU,SSI"
6040,18090,"(0, 0, 0)","(0, 1, 1, 12)",1.1301436204849924,0.9354489301043056,-0.5022729762535559,1416.8430799372709,1444.9047722353691,432,48,"PRELIQ,PRENEI,FF,HU,SSI"
7800,24250,"(0, 0, 0)","(0, 1, 1, 12)",1.336834499561774,1.020415419079432,-0.034022186009778514,1531.2311186866223,1559.2928109847205,432,48,"PRELIQ,PRENEI,FF,HU,SSI"
5400,21690,"(0, 0, 0)","(0, 1, 1, 12)",1.1907395798581732,0.8535073999855705,0.04500277222483597,1514.4412751550585,1542.5029674531568,432,48,"PRELIQ,PRENEI,FF,HU,SSI"
6840,24170,"(0, 0, 0)","(0, 1, 1, 12)",1.2928165530824849,1.0350896270024474,0.08577111013446574,1532.248553612487,1560.3102459105853,432,48,"PRELIQ,PRENEI,FF,HU,SSI"
8920,18090,"(0, 0, 0)","(0, 1, 1, 12)",1.1847917394494714,0.8974677549796478,0.07549543192970115,1308.3590791083457,1336.420771406444,432,48,"PRELIQ,PRENEI,FF,HU,SSI"
9880,19050,"(0, 0, 0)","(0, 1, 1, 12)",1.321075767469019,1.0250448017676768,0.5377130208934474,1382.6864175186397,1410.748109816738,432,48,"PRELIQ,PRENEI,FF,HU,SSI"
3080,22730,"(0, 0, 0)","(0, 1, 1, 12)",1.2265837745417376,0.9778556735009684,-0.42864114089935984,1435.7886865801363,1463.8503788782346,432,48,"PRELIQ,PRENEI,FF,HU,SSI"
1000,23850,"(0, 0, 0)","(0, 1, 1, 12)",1.1715967624106405,0.99346323581534,-0.5674455537291264,1260.1531645578052,1288.2148568559035,432,48,"PRELIQ,PRENEI,FF,HU,SSI"
8520,21130,"(0, 0, 0)","(0, 1, 1, 12)",1.3807809367315893,1.1224904238617976,0.30118306259067756,1567.8739615685408,1595.935653866639,432,48,"PRELIQ,PRENEI,FF,HU,SSI"
8920,20490,"(0, 0, 0)","(0, 1, 1, 12)",1.40542227743591,1.1038765377439392,0.25183903499055504,1487.560881287731,1515.6225735858293,432,48,"PRELIQ,PRENEI,FF,HU,SSI"
7160,23770,"(0, 0, 0)","(0, 1, 1, 12)",1.3170644197801153,1.0399822218771704,-0.232809767108456,1518.2689810752727,1546.330673373371,432,48,"PRELIQ,PRENEI,FF,HU,SSI"
4440,24490,"(0, 0, 0)","(0, 1, 1, 12)",1.2620449510508522,1.0109532470307698,-0.3693116332958175,1462.8479906195448,1490.909682917643,432,48,"PRELIQ,PRENEI,FF,HU,SSI"
5800,17210,"(0, 0, 0)","(0, 1, 1, 12)",1.2823153380500394,0.9719615678985584,0.33894047164689917,1511.6141113283252,1539.6758036264234,432,48,"PRELIQ,PRENEI,FF,HU,SSI"
6040,26170,"(0, 0, 0)","(0, 1, 1, 12)",1.5121925347880156,1.2320888479840066,-0.3545650697231848,1486.886551917356,1514.9482442154542,432,48,"PRELIQ,PRENEI,FF,HU,SSI"
5080,25450,"(0, 0, 0)","(0, 1, 1, 12)",1.3192013679434282,1.0914794990514505,-0.4098539581720552,1413.8537689831976,1441.9154612812958,432,48,"PRELIQ,PRENEI,FF,HU,SSI"
8120,20490,"(0, 0, 0)","(0, 1, 1, 12)",1.318541885420339,1.069081029234091,-0.3092788353474134,1532.1951840538347,1560.256876351933,432,48,"PRELIQ,PRENEI,FF,HU,SSI"
2120,23290,"(0, 0, 0)","(0, 1, 1, 12)",1.1156025162003513,0.9118663278479927,-0.33579964083422337,1394.3687485523446,1422.430440850443,432,48,"PRELIQ,PRENEI,FF,HU,SSI"
9480,23530,"(0, 0, 0)","(0, 1, 1, 12)",1.5014896590506461,1.1962644204411597,-0.11410860377537395,1593.7781780505773,1621.8398703486755,432,48,"PRELIQ,PRENEI,FF,HU,SSI"
6360,20330,"(0, 0, 0)","(0, 1, 1, 12)",1.2578181589940338,0.9510215026477452,0.031798743485792307,1501.588279551177,1529.6499718492753,432,48,"PRELIQ,PRENEI,FF,HU,SSI"
5720,21210,"(0, 0, 0)","(0, 1, 1, 12)",1.256707519573538,0.9807451624646415,0.5927397388440995,1542.789177482169,1570.8508697802672,432,48,"PRELIQ,PRENEI,FF,HU,SSI"
5080,23770,"(0, 0, 0)","(0, 1, 1, 12)",1.3420292804105174,1.0632067752686407,-0.3248303268296653,1508.550810584779,1536.6125028828772,432,48,"PRELIQ,PRENEI,FF,HU,SSI"
4120,23770,"(0, 0, 0)","(0, 1, 1, 12)",1.21516241345629,0.9717700550909728,-0.21188127546450308,1453.2401956388264,1481.3018879369247,432,48,"PRELIQ,PRENEI,FF,HU,SSI"
9480,19130,"(0, 0, 0)","(0, 1, 1, 12)",1.868994840763527,1.3589315555460246,1.0600166696193545,1495.4708146551334,1523.5325069532316,432,48,"PRELIQ,PRENEI,FF,HU,SSI"
3720,23690,"(0, 0, 0)","(0, 1, 1, 12)",1.1905930377620242,0.9169047182315513,-0.07824695980269832,1446.7399945367056,1474.8016868348038,432,48,"PRELIQ,PRENEI,FF,HU,SSI"
5800,25290,"(0, 0, 0)","(0, 1, 1, 12)",1.511004030228801,1.2568160556741113,-0.3086375321530474,1506.4390547084254,1534.5007470065236,432,48,"PRELIQ,PRENEI,FF,HU,SSI"
5080,25290,"(0, 0, 0)","(0, 1, 1, 12)",1.474299831729166,1.2207499616145239,-0.638940997031254,1456.0345030107896,1484.096195308888,432,48,"PRELIQ,PRENEI,FF,HU,SSI"
8440,22650,"(0, 0, 0)","(0, 1, 1, 12)",1.27293069913416,0.9654118035206393,0.2755709403623588,1515.0489857708185,1543.1106780689167,432,48,"PRELIQ,PRENEI,FF,HU,SSI"
3560,22170,"(0, 0, 0)","(0, 1, 1, 12)",1.3607061711203952,1.043027022318558,-0.6449576949470511,1481.6296371133967,1509.691329411495,432,48,"PRELIQ,PRENEI,FF,HU,SSI"
3400,21610,"(0, 0, 0)","(0, 1, 1, 12)",1.1909051140752827,0.9406690155285453,-0.40079445104346645,1476.3875376518265,1504.4492299499248,432,48,"PRELIQ,PRENEI,FF,HU,SSI"
7880,21930,"(0, 0, 0)","(0, 1, 1, 12)",1.241179764750905,0.9129656522343771,-0.011924006573864313,1517.9731926243626,1546.0348849224608,432,48,"PRELIQ,PRENEI,FF,HU,SSI"
7000,20970,"(0, 0, 0)","(0, 1, 1, 12)",1.4109082217507252,1.1197061718399988,-0.5456698890402467,1518.6720415780992,1546.7337338761974,432,48,"PRELIQ,PRENEI,FF,HU,SSI"
6280,19530,"(0, 0, 0)","(0, 1, 1, 12)",1.3550190027159768,1.098791486468663,-0.14033806091066178,1549.8510899477242,1577.9127822458224,432,48,"PRELIQ,PRENEI,FF,HU,SSI"
7480,23290,"(0, 0, 0)","(0, 1, 1, 12)",1.2935629943601148,0.9882644328726172,-0.22714055793659346,1521.0415137179102,1549.1032060160085,432,48,"PRELIQ,PRENEI,FF,HU,SSI"
8920,24730,"(0, 0, 0)","(0, 1, 1, 12)",1.4266999077544673,1.0730495752485425,0.17076273013036047,1552.4648672404307,1580.526559538529,432,48,"PRELIQ,PRENEI,FF,HU,SSI"
6120,17290,"(0, 0, 0)","(0, 1, 1, 12)",1.2198101133620156,0.9359233129060452,-0.24969840452328354,1481.7974578317496,1509.8591501298479,432,48,"PRELIQ,PRENEI,FF,HU,SSI"
8840,21930,"(0, 0, 0)","(0, 1, 1, 12)",1.6224141964309506,1.2693981956327811,0.5657772427761145,1575.1377156116805,1603.1994079097788,432,48,"PRELIQ,PRENEI,FF,HU,SSI"
10520,22730,"(0, 0, 0)","(0, 1, 1, 12)",1.411294922111682,1.1223405249855962,0.05607093586602316,1579.5042386815774,1607.5659309796756,432,48,"PRELIQ,PRENEI,FF,HU,SSI"
9080,23770,"(0, 0, 0)","(0, 1, 1, 12)",1.2621303219855022,0.9675601784617132,0.05056370452424547,1548.740033701346,1576.8017259994442,432,48,"PRELIQ,PRENEI,FF,HU,SSI"
3080,18090,"(0, 0, 0)","(0, 1, 1, 12)",1.3298018603445416,1.1098329679941068,-0.7576690358738,1433.5815015723217,1461.64319387042,432,48,"PRELIQ,PRENEI,FF,HU,SSI"
6120,17450,"(0, 0, 0)","(0, 1, 1, 12)",1.0005670996449523,0.7940770286569855,0.26133252857093353,1429.4742962159703,1457.5359885140685,432,48,"PRELIQ,PRENEI,FF,HU,SSI"
3560,21610,"(0, 0, 0)","(0, 1, 1, 12)",1.191916527395884,0.9376091088867083,-0.41236384350188793,1475.4642762444937,1503.525968542592,432,48,"PRELIQ,PRENEI,FF,HU,SSI"
6680,21850,"(0, 0, 0)","(0, 1, 1, 12)",1.4662413204813591,1.077287331406984,-0.0854959186276355,1518.1800464117994,1546.2417387098976,432,48,"PRELIQ,PRENEI,FF,HU,SSI"
9480,22410,"(0, 0, 0)","(0, 1, 1, 12)",1.4470166039928634,1.1530082089979878,0.32017322855240343,1568.6688422525885,1596.7305345506868,432,48,"PRELIQ,PRENEI,FF,HU,SSI"
5080,24570,"(0, 0, 0)","(0, 1, 1, 12)",1.373887667312543,1.0308392616449298,-0.34671986463755994,1485.038732599141,1513.1004248972392,432,48,"PRELIQ,PRENEI,FF,HU,SSI"
2360,23610,"(0, 0, 0)","(0, 1, 1, 12)",1.1548435251341471,0.9444707561410904,-0.14054053628790816,1357.5735154327367,1385.635207730835,432,48,"PRELIQ,PRENEI,FF,HU,SSI"
5720,24170,"(0, 0, 0)","(0, 1, 1, 12)",1.4304817550875717,1.0941648656645786,0.18648871318826984,1503.1014958915432,1531.1631881896415,432,48,"PRELIQ,PRENEI,FF,HU,SSI"
7560,23130,"(0, 0, 0)","(0, 1, 1, 12)",1.319270174662345,1.0106060826125713,-0.26877688953391826,1527.6563717941387,1555.718064092237,432,48,"PRELIQ,PRENEI,FF,HU,SSI"
7720,20650,"(0, 0, 0)","(0, 1, 1, 12)",1.483383107694094,1.1744776857247077,-0.5739400190509947,1506.8720200732812,1534.9337123713794,432,48,"PRELIQ,PRENEI,FF,HU,SSI"
4360,21210,"(0, 0, 0)","(0, 1, 1, 12)",1.3078913639110177,0.9664407475083685,0.35635817631700983,1458.235903411833,1486.2975957099313,432,48,"PRELIQ,PRENEI,FF,HU,SSI"
8360,20090,"(0, 0, 0)","(0, 1, 1, 12)",1.2913821500045113,0.9742553628079366,0.2578780609807159,1449.1734788141598,1477.235171112258,432,48,"PRELIQ,PRENEI,FF,HU,SSI"
9000,17930,"(0, 0, 0)","(0, 1, 1, 12)",0.9762210517925198,0.8166752199409927,-0.3266431764444071,1209.7506842417542,1237.8123765398525,432,48,"PRELIQ,PRENEI,FF,HU,SSI"
1320,23850,"(0, 0, 0)","(0, 1, 1, 12)",1.1230446242848973,0.8627614539917481,0.07348124270506619,1274.7226745484572,1302.7843668465555,432,48,"PRELIQ,PRENEI,FF,HU,SSI"
9400,19450,"(0, 0, 0)","(0, 1, 1, 12)",1.7704808363202669,1.289422438673336,0.8491240293893291,1478.7406690022995,1506.8023613003977,432,48,"PRELIQ,PRENEI,FF,HU,SSI"
11800,17530,"(0, 0, 0)","(0, 1, 1, 12)",1.2799249832131814,1.0170870955316877,-0.3771583121221749,1264.1772773791624,1292.2389696772607,432,48,"PRELIQ,PRENEI,FF,HU,SSI"
5720,25450,"(0, 0, 0)","(0, 1, 1, 12)",1.5183623026261472,1.263302267870553,-0.3708226971180655,1499.317450438704,1527.3791427368024,432,48,"PRELIQ,PRENEI,FF,HU,SSI"
9720,19850,"(0, 0, 0)","(0, 1, 1, 12)",1.5549404116842298,1.1763572654775107,0.8140557558827227,1531.97548840433,1560.0371807024283,432,48,"PRELIQ,PRENEI,FF,HU,SSI"
6840,24410,"(0, 0, 0)","(0, 1, 1, 12)",1.5301966261062987,1.2607359919915637,0.7125226054315773,1543.3578006350199,1571.4194929331181,432,48,"PRELIQ,PRENEI,FF,HU,SSI"
5160,23770,"(0, 0, 0)","(0, 1, 1, 12)",1.4673290087038675,1.090403717983584,-0.050627777459035496,1490.265245482039,1518.3269377801373,432,48,"PRELIQ,PRENEI,FF,HU,SSI"
1400,23690,"(0, 0, 0)","(0, 1, 1, 12)",1.0568061823581651,0.8584109782354776,-0.14365305778202653,1273.8555415927935,1301.9172338908918,432,48,"PRELIQ,PRENEI,FF,HU,SSI"
9240,23690,"(0, 0, 0)","(0, 1, 1, 12)",1.3531428735421713,1.0636438246219595,0.2656962255321074,1566.3981155512433,1594.4598078493416,432,48,"PRELIQ,PRENEI,FF,HU,SSI"
6200,26490,"(0, 0, 0)","(0, 1, 1, 12)",1.4558946592309452,1.2123615364982288,-0.029572175697568325,1463.980946048648,1492.0426383467463,432,48,"PRELIQ,PRENEI,FF,HU,SSI"
10040,23690,"(0, 0, 0)","(0, 1, 1, 12)",1.4241660763323825,1.1117924547544435,0.17687167346502694,1571.0480056081383,1599.1096979062365,432,48,"PRELIQ,PRENEI,FF,HU,SSI"
6840,21290,"(0, 0, 0)","(0, 1, 1, 12)",1.3438178141739257,1.0075946339145954,-0.31964428267625117,1525.4682965284687,1553.529988826567,432,48,"PRELIQ,PRENEI,FF,HU,SSI"
8680,18010,"(0, 0, 0)","(0, 1, 1, 12)",1.1738592054441264,0.9247572873145703,-0.09121365120792486,1305.0967986354985,1333.1584909335968,432,48,"PRELIQ,PRENEI,FF,HU,SSI"
7560,25530,"(0, 0, 0)","(0, 1, 1, 12)",1.5770698576759719,1.2470047846085857,-0.43572377489349684,1527.4883331456563,1555.5500254437545,432,48,"PRELIQ,PRENEI,FF,HU,SSI"
6520,22810,"(0, 0, 0)","(0, 1, 1, 12)",1.2855994056912168,1.0013625536656054,-0.4926157537173983,1509.589466710942,1537.6511590090402,432,48,"PRELIQ,PRENEI,FF,HU,SSI"
4600,24250,"(0, 0, 0)","(0, 1, 1, 12)",1.372015080258569,1.059154107793159,0.029635186483714087,1489.2439211941753,1517.3056134922736,432,48,"PRELIQ,PRENEI,FF,HU,SSI"
6040,24010,"(0, 0, 0)","(0, 1, 1, 12)",1.5916194817444962,1.221171840894427,-0.6207667243097265,1475.7955686729383,1503.8572609710366,432,48,"PRELIQ,PRENEI,FF,HU,SSI"
8120,22650,"(0, 0, 0)","(0, 1, 1, 12)",1.2210104474244337,0.9694497966026927,-0.009193231880834873,1507.355482896381,1535.4171751944793,432,48,"PRELIQ,PRENEI,FF,HU,SSI"
5480,19850,"(0, 0, 0)","(0, 1, 1, 12)",1.3666706190321334,1.0713371291601987,-0.47355042299322925,1487.1123362176718,1515.17402851577,432,48,"PRELIQ,PRENEI,FF,HU,SSI"
3960,21210,"(0, 0, 0)","(0, 1, 1, 12)",1.108522427848437,0.8395061527277283,-0.017320802498536125,1468.6170781416322,1496.6787704397304,432,48,"PRELIQ,PRENEI,FF,HU,SSI"
8840,23050,"(0, 0, 0)","(0, 1, 1, 12)",1.2815172601345974,1.0535332381994131,0.10169326614771114,1530.903410068971,1558.9651023670692,432,48,"PRELIQ,PRENEI,FF,HU,SSI"
9240,21850,"(0, 0, 0)","(0, 1, 1, 12)",1.1274172259647564,0.9230572889517612,-0.4812952990805395,1556.936727505435,1584.9984198035334,432,48,"PRELIQ,PRENEI,FF,HU,SSI"
6200,23530,"(0, 0, 0)","(0, 1, 1, 12)",1.256009771880306,0.9594346412528628,0.00392669314416728,1528.0420453286663,1556.1037376267645,432,48,"PRELIQ,PRENEI,FF,HU,SSI"
6520,19610,"(0, 0, 0)","(0, 1, 1, 12)",1.4708903197535843,1.2056468456626497,-0.7188623589285941,1550.0524369437235,1578.1141292418217,432,48,"PRELIQ,PRENEI,FF,HU,SSI"
3240,18490,"(0, 0, 0)","(0, 1, 1, 12)",1.2423605899013241,0.9949313661334909,-0.5675706204101951,1449.7995623930533,1477.8612546911515,432,48,"PRELIQ,PRENEI,FF,HU,SSI"
4840,22010,"(0, 0, 0)","(0, 1, 1, 12)",1.1993445862906076,0.901779473047204,-0.17549775309815518,1482.0716620180888,1510.133354316187,432,48,"PRELIQ,PRENEI,FF,HU,SSI"
6840,23610,"(0, 0, 0)","(0, 1, 1, 12)",1.298886908780094,1.0020456825184583,-0.028106866880719904,1521.824603184394,1549.8862954824922,432,48,"PRELIQ,PRENEI,FF,HU,SSI"
2840,24090,"(0, 0, 0)","(0, 1, 1, 12)",1.2888094716838474,1.0342199146563147,-0.31798004470943014,1318.32456036133,1346.3862526594282,432,48,"PRELIQ,PRENEI,FF,HU,SSI"
3640,22490,"(0, 0, 0)","(0, 1, 1, 12)",1.0798257643248441,0.8901828534721266,-0.1475638808060746,1464.2415630518221,1492.3032553499204,432,48,"PRELIQ,PRENEI,FF,HU,SSI"
8200,25450,"(0, 0, 0)","(0, 1, 1, 12)",1.5470288555562703,1.2146089998606826,0.08116425512342108,1575.73494748144,1603.7966397795383,432,48,"PRELIQ,PRENEI,FF,HU,SSI"
5080,22570,"(0, 0, 0)","(0, 1, 1, 12)",1.3696914235721835,1.0908777978637272,-0.4551679517847706,1477.0837042816738,1505.145396579772,432,48,"PRELIQ,PRENEI,FF,HU,SSI"
3800,19690,"(0, 0, 0)","(0, 1, 1, 12)",1.559419185811741,1.1216443836008432,-0.37395730482808553,1487.9127851328458,1515.974477430944,432,48,"PRELIQ,PRENEI,FF,HU,SSI"
4440,22810,"(0, 0, 0)","(0, 1, 1, 12)",1.1664463805593792,0.8782183509886671,0.31620217081988583,1475.1452128006995,1503.2069050987977,432,48,"PRELIQ,PRENEI,FF,HU,SSI"
3560,18570,"(0, 0, 0)","(0, 1, 1, 12)",1.4241029530273728,1.1873282435674317,-0.6619005530863089,1432.6190434201617,1460.68073571826,432,48,"PRELIQ,PRENEI,FF,HU,SSI"
11720,17930,"(0, 0, 0)","(0, 1, 1, 12)",1.2470296065908577,1.029421141888662,-0.5947311317667994,1221.3207919703907,1249.382484268489,432,48,"PRELIQ,PRENEI,FF,HU,SSI"
7480,22090,"(0, 0, 0)","(0, 1, 1, 12)",1.272700114878362,0.9046007778901739,-0.11461709196027248,1497.6456747003092,1525.7073669984075,432,48,"PRELIQ,PRENEI,FF,HU,SSI"
11560,23610,"(0, 0, 0)","(0, 1, 1, 12)",1.7014738372332743,1.3338114403842969,0.38050079272060705,1619.7356833208719,1647.7973756189701,432,48,"PRELIQ,PRENEI,FF,HU,SSI"
9960,23050,"(0, 0, 0)","(0, 1, 1, 12)",1.3528774794784053,1.0697289752723071,-0.07962294927339243,1572.6389810210144,1600.7006733191126,432,48,"PRELIQ,PRENEI,FF,HU,SSI"
5160,17850,"(0, 0, 0)","(0, 1, 1, 12)",1.2040386425463538,0.9592408644571101,-0.2492306082968726,1408.6114666929188,1436.673158991017,432,48,"PRELIQ,PRENEI,FF,HU,SSI"
5720,20330,"(0, 0, 0)","(0, 1, 1, 12)",1.1720538609808557,0.9099625486456565,0.3337520076408195,1489.4146391022769,1517.476331400375,432,48,"PRELIQ,PRENEI,FF,HU,SSI"
4520,18890,"(0, 0, 0)","(0, 1, 1, 12)",1.51516707124747,1.1581892594541825,-0.5878293053034215,1466.523174301093,1494.5848665991912,432,48,"PRELIQ,PRENEI,FF,HU,SSI"
6200,26010,"(0, 0, 0)","(0, 1, 1, 12)",1.44859115881211,1.175208918450996,-0.4632256518134961,1501.3666638219747,1529.428356120073,432,48,"PRELIQ,PRENEI,FF,HU,SSI"
11480,22810,"(0, 0, 0)","(0, 1, 1, 12)",1.3853673013265149,1.1045441265932374,0.004096253959672984,1572.8793395471926,1600.9410318452908,432,48,"PRELIQ,PRENEI,FF,HU,SSI"
3880,20890,"(0, 0, 0)","(0, 1, 1, 12)",1.0945336561098877,0.8362563678024242,0.013586404129996335,1462.1636597899958,1490.225352088094,432,48,"PRELIQ,PRENEI,FF,HU,SSI"
3880,24810,"(0, 0, 0)","(0, 1, 1, 12)",1.2294314661191823,1.0031868685132415,-0.49651468021514206,1326.3296062151144,1354.3912985132126,432,48,"PRELIQ,PRENEI,FF,HU,SSI"
8360,18650,"(0, 0, 0)","(0, 1, 1, 12)",1.395371332825542,1.071565729405125,-0.17491880339350666,1418.369122688051,1446.4308149861492,432,48,"PRELIQ,PRENEI,FF,HU,SSI"
2760,23210,"(0, 0, 0)","(0, 1, 1, 12)",1.1495409267790146,0.9213175669162488,-0.07105336422544069,1434.0577778719016,1462.1194701699999,432,48,"PRELIQ,PRENEI,FF,HU,SSI"
4600,21850,"(0, 0, 0)","(0, 1, 1, 12)",1.292536976278754,0.9772994827554831,-0.2931969330317073,1448.6421537072756,1476.7038460053739,432,48,"PRELIQ,PRENEI,FF,HU,SSI"
5960,26730,"(0, 0, 0)","(0, 1, 1, 12)",1.5369255652475444,1.1753377876865858,-0.045221606800868036,1425.8134316037876,1453.875123901886,432,48,"PRELIQ,PRENEI,FF,HU,SSI"
1400,23370,"(0, 0, 0)","(0, 1, 1, 12)",1.2515439221185853,1.0404370304647885,-0.588870361028378,1323.9515684946566,1352.0132607927549,432,48,"PRELIQ,PRENEI,FF,HU,SSI"
7960,20650,"(0, 0, 0)","(0, 1, 1, 12)",1.373227259501168,1.100105021757267,-0.40758496902117264,1532.4564619215923,1560.5181542196906,432,48,"PRELIQ,PRENEI,FF,HU,SSI"
8840,24490,"(0, 0, 0)","(0, 1, 1, 12)",1.415711603604596,1.0700886690800677,0.17702842454550605,1547.045059783681,1575.1067520817792,432,48,"PRELIQ,PRENEI,FF,HU,SSI"
7160,25290,"(0, 0, 0)","(0, 1, 1, 12)",1.438759706712264,1.1158468145201812,0.2118135302204285,1498.046101615625,1526.1077939137233,432,48,"PRELIQ,PRENEI,FF,HU,SSI"
7400,19930,"(0, 0, 0)","(0, 1, 1, 12)",1.2991072219584718,1.033482348497237,0.04003470000414092,1513.687410330699,1541.7491026287973,432,48,"PRELIQ,PRENEI,FF,HU,SSI"
5160,24650,"(0, 0, 0)","(0, 1, 1, 12)",1.2913653567096552,1.03412919311452,-0.19541042248701412,1491.0049651294275,1519.0666574275258,432,48,"PRELIQ,PRENEI,FF,HU,SSI"
9320,18090,"(0, 0, 0)","(0, 1, 1, 12)",1.1517655417158579,0.9021679683723859,0.06544931970542639,1289.5519458789822,1317.6136381770805,432,48,"PRELIQ,PRENEI,FF,HU,SSI"
6360,17450,"(0, 0, 0)","(0, 1, 1, 12)",0.9037110631796688,0.7660673125198753,-0.3417777350790739,1332.9031128229399,1360.9648051210381,432,48,"PRELIQ,PRENEI,FF,HU,SSI"
3960,22810,"(0, 0, 0)","(0, 1, 1, 12)",1.1522955920750213,0.9250151977947444,0.41033506734808706,1480.3849746689993,1508.4466669670976,432,48,"PRELIQ,PRENEI,FF,HU,SSI"
3880,17770,"(0, 0, 0)","(0, 1, 1, 12)",1.0697333063863383,0.8594997902523208,-0.2807098877212631,1464.9979548229312,1493.0596471210295,432,48,"PRELIQ,PRENEI,FF,HU,SSI"
9960,23130,"(0, 0, 0)","(0, 1, 1, 12)",1.303502413607231,1.0552475582712701,-0.02501004687305039,1601.3113999162408,1629.373092214339,432,48,"PRELIQ,PRENEI,FF,HU,SSI"
7160,19930,"(0, 0, 0)","(0, 1, 1, 12)",1.1458857317082423,0.8804332906432961,-0.07562688397517499,1477.4078061370874,1505.4694984351856,432,48,"PRELIQ,PRENEI,FF,HU,SSI"
9400,20490,"(0, 0, 0)","(0, 1, 1, 12)",1.459478498909507,1.172537008499799,-0.17937235565174695,1561.9530513929205,1590.0147436910188,432,48,"PRELIQ,PRENEI,FF,HU,SSI"
11800,17690,"(0, 0, 0)","(0, 1, 1, 12)",1.1564664034624381,0.9277332696962102,-0.4186492565166772,1259.0924818533722,1287.1541741514704,432,48,"PRELIQ,PRENEI,FF,HU,SSI"
8200,22730,"(0, 0, 0)","(0, 1, 1, 12)",1.2236620540138967,0.971409222239485,-0.01838342752130147,1508.857583938352,1536.9192762364503,432,48,"PRELIQ,PRENEI,FF,HU,SSI"
4840,24170,"(0, 0, 0)","(0, 1, 1, 12)",1.2356773574274424,1.0116064400126576,0.05589259409601551,1475.1365122485029,1503.1982045466011,432,48,"PRELIQ,PRENEI,FF,HU,SSI"
4680,25130,"(0, 0, 0)","(0, 1, 1, 12)",1.3425489674887787,1.1069593923583279,-0.33906546950041055,1429.7167801673468,1457.778472465445,432,48,"PRELIQ,PRENEI,FF,HU,SSI"
1480,23770,"(0, 0, 0)","(0, 1, 1, 12)",1.125011245642709,0.8659970250097038,0.07554957452793153,1276.0879724215902,1304.1496647196884,432,48,"PRELIQ,PRENEI,FF,HU,SSI"
3480,22570,"(0, 0, 0)","(0, 1, 1, 12)",1.0814974346944548,0.8957275165122253,-0.1499564813519473,1462.8509215692577,1490.912613867356,432,48,"PRELIQ,PRENEI,FF,HU,SSI"
9000,18890,"(0, 0, 0)","(0, 1, 1, 12)",1.4380280454085248,1.2160469989231333,-0.850262561975065,1341.889511135863,1369.9512034339612,432,48,"PRELIQ,PRENEI,FF,HU,SSI"
2920,22570,"(0, 0, 0)","(0, 1, 1, 12)",1.2098417032822075,0.9650222514815702,-0.42089557345380096,1433.094418021425,1461.1561103195233,432,48,"PRELIQ,PRENEI,FF,HU,SSI"
7560,21770,"(0, 0, 0)","(0, 1, 1, 12)",1.2981466519367335,0.9096310954383638,-0.15205011155389594,1514.280607534756,1542.3422998328542,432,48,"PRELIQ,PRENEI,FF,HU,SSI"
3240,23130,"(0, 0, 0)","(0, 1, 1, 12)",1.1683044384305334,0.9116709211191915,0.009475807577101295,1447.7658853795406,1475.8275776776388,432,48,"PRELIQ,PRENEI,FF,HU,SSI"
6440,18330,"(0, 0, 0)","(0, 1, 1, 12)",1.2112462886178479,1.0118408004218689,0.13658525559051685,1445.4077841416336,1473.4694764397318,432,48,"PRELIQ,PRENEI,FF,HU,SSI"
5080,24970,"(0, 0, 0)","(0, 1, 1, 12)",1.3781060733131814,1.1266102509281923,-0.45948510685715643,1465.7719873654844,1493.8336796635826,432,48,"PRELIQ,PRENEI,FF,HU,SSI"
8520,23290,"(0, 0, 0)","(0, 1, 1, 12)",1.2042668321644239,0.938175385761943,0.1832474544713549,1525.0779965604665,1553.1396888585648,432,48,"PRELIQ,PRENEI,FF,HU,SSI"
11640,17130,"(0, 0, 0)","(0, 1, 1, 12)",1.1449182286410498,0.9507380411465398,0.08332122901261123,1317.5984806201564,1345.6601729182546,432,48,"PRELIQ,PRENEI,FF,HU,SSI"
7160,21370,"(0, 0, 0)","(0, 1, 1, 12)",1.592967001834994,1.2825286662790603,-0.9259379626434133,1521.7254884840113,1549.7871807821095,432,48,"PRELIQ,PRENEI,FF,HU,SSI"
9800,24810,"(0, 0, 0)","(0, 1, 1, 12)",1.4987889963538896,1.1790842534256247,0.47075082195063356,1585.9776889136842,1614.0393812117825,432,48,"PRELIQ,PRENEI,FF,HU,SSI"
6600,26410,"(0, 0, 0)","(0, 1, 1, 12)",1.53562294180391,1.2652465753150812,-0.41661799407259187,1499.299281566542,1527.3609738646403,432,48,"PRELIQ,PRENEI,FF,HU,SSI"
4600,20810,"(0, 0, 0)","(0, 1, 1, 12)",1.2107656174889951,0.9186646502531429,-0.09512348420173684,1456.0598081996711,1484.1215004977694,432,48,"PRELIQ,PRENEI,FF,HU,SSI"
9720,24490,"(0, 0, 0)","(0, 1, 1, 12)",1.433914439674109,1.1513063818285605,-0.18174459775542232,1605.653487608351,1633.7151799064493,432,48,"PRELIQ,PRENEI,FF,HU,SSI"
1480,23850,"(0, 0, 0)","(0, 1, 1, 12)",1.1196453374262836,0.8600913965700915,0.06426262431899155,1271.2788362329725,1299.3405285310707,432,48,"PRELIQ,PRENEI,FF,HU,SSI"
6920,21530,"(0, 0, 0)","(0, 1, 1, 12)",1.3400584431853098,1.002513918675137,-0.3126978723690628,1520.9245868609878,1548.986279159086,432,48,"PRELIQ,PRENEI,FF,HU,SSI"
5000,21450,"(0, 0, 0)","(0, 1, 1, 12)",1.1927392258613316,0.9158574613678837,0.025372025662895387,1487.3403230575632,1515.4020153556614,432,48,"PRELIQ,PRENEI,FF,HU,SSI"
10120,21850,"(0, 0, 0)","(0, 1, 1, 12)",1.4707472811727385,1.2032278470446156,-0.35894246981423866,1570.244118222553,1598.3058105206512,432,48,"PRELIQ,PRENEI,FF,HU,SSI"
6120,21050,"(0, 0, 0)","(0, 1, 1, 12)",1.182487694941063,0.8720112579787834,-0.024544430743176932,1509.222018151509,1537.2837104496073,432,48,"PRELIQ,PRENEI,FF,HU,SSI"
8680,19130,"(0, 0, 0)","(0, 1, 1, 12)",1.1499232804561748,0.9247530933439277,-0.29660149283551696,1408.8282942189744,1436.8899865170727,432,48,"PRELIQ,PRENEI,FF,HU,SSI"
5800,18250,"(0, 0, 0)","(0, 1, 1, 12)",1.260908978170611,1.0017302941886421,-0.1545458669754894,1459.3637080336953,1487.4254003317935,432,48,"PRELIQ,PRENEI,FF,HU,SSI"
8520,23690,"(0, 0, 0)","(0, 1, 1, 12)",1.2342147821438714,0.9559830817943689,-0.04046354899706158,1534.7160609381813,1562.7777532362795,432,48,"PRELIQ,PRENEI,FF,HU,SSI"
3400,22410,"(0, 0, 0)","(0, 1, 1, 12)",1.0806570644034015,0.894774249201018,-0.14998891044414972,1462.6449327858636,1490.7066250839619,432,48,"PRELIQ,PRENEI,FF,HU,SSI"
7400,25530,"(0, 0, 0)","(0, 1, 1, 12)",1.5774329764305601,1.2396981696014648,-0.4261877002912346,1527.018980530871,1555.0806728289692,432,48,"PRELIQ,PRENEI,FF,HU,SSI"
3640,23130,"(0, 0, 0)","(0, 1, 1, 12)",1.080368520456964,0.8232561728653097,0.053337612176140914,1444.31557281184,1472.3772651099382,432,48,"PRELIQ,PRENEI,FF,HU,SSI"
7080,18650,"(0, 0, 0)","(0, 1, 1, 12)",1.0649734776698676,0.8469140286253675,-0.06890325801008508,1395.1342435733072,1423.1959358714055,432,48,"PRELIQ,PRENEI,FF,HU,SSI"
4360,24570,"(0, 0, 0)","(0, 1, 1, 12)",1.2806115480787719,1.0503014514700426,-0.46428182148633895,1456.1396988999454,1484.2013911980437,432,48,"PRELIQ,PRENEI,FF,HU,SSI"
9160,18090,"(0, 0, 0)","(0, 1, 1, 12)",1.1141949351552667,0.8686186850884553,0.07316264087572598,1274.892316364954,1302.9540086630523,432,48,"PRELIQ,PRENEI,FF,HU,SSI"
10840,22970,"(0, 0, 0)","(0, 1, 1, 12)",1.413490695434542,1.1241231374080825,0.06233838140092148,1580.4129158856813,1608.4746081837795,432,48,"PRELIQ,PRENEI,FF,HU,SSI"
3240,18330,"(0, 0, 0)","(0, 1, 1, 12)",1.214478414133696,0.9911651436275086,-0.6500474052666382,1421.5274010390467,1449.589093337145,432,48,"PRELIQ,PRENEI,FF,HU,SSI"
5160,17770,"(0, 0, 0)","(0, 1, 1, 12)",1.2368641772678644,0.9828016509243408,-0.1488237930473275,1424.5214075034125,1452.5830998015108,432,48,"PRELIQ,PRENEI,FF,HU,SSI"
6280,22250,"(0, 0, 0)","(0, 1, 1, 12)",1.2811536855961978,0.9688551231797508,-0.1777906164157396,1494.3013736380567,1522.363065936155,432,48,"PRELIQ,PRENEI,FF,HU,SSI"
5320,23850,"(0, 0, 0)","(0, 1, 1, 12)",1.4198716566083491,1.0602699867344236,-0.08960095794879375,1481.4907602713022,1509.5524525694004,432,48,"PRELIQ,PRENEI,FF,HU,SSI"
3560,18650,"(0, 0, 0)","(0, 1, 1, 12)",1.2555164351066468,1.021140271609676,-0.578295902432968,1464.5234106714106,1492.5851029695089,432,48,"PRELIQ,PRENEI,FF,HU,SSI"
6120,21530,"(0, 0, 0)","(0, 1, 1, 12)",1.2479780375320801,0.9777432753445026,0.47198685738636387,1545.358350290195,1573.4200425882932,432,48,"PRELIQ,PRENEI,FF,HU,SSI"
4680,22650,"(0, 0, 0)","(0, 1, 1, 12)",1.1849859624453383,0.8547797232264465,0.25306526156918885,1472.5957157785951,1500.6574080766934,432,48,"PRELIQ,PRENEI,FF,HU,SSI"
5640,19130,"(0, 0, 0)","(0, 1, 1, 12)",1.4306649559484765,1.0692036795775786,-0.27523184975010834,1502.9079648197157,1530.969657117814,432,48,"PRELIQ,PRENEI,FF,HU,SSI"
6120,25690,"(0, 0, 0)","(0, 1, 1, 12)",1.4510932129324803,1.1776351573657307,-0.48046569713379705,1498.7788599365103,1526.8405522346086,432,48,"PRELIQ,PRENEI,FF,HU,SSI"
10040,21210,"(0, 0, 0)","(0, 1, 1, 12)",1.3964530342801778,1.0570905640726826,-0.07989880738651502,1587.9730591471937,1616.034751445292,432,48,"PRELIQ,PRENEI,FF,HU,SSI"
8600,21610,"(0, 0, 0)","(0, 1, 1, 12)",1.4344071970518335,1.1279025805553016,0.3435724698262507,1559.7321793420856,1587.7938716401839,432,48,"PRELIQ,PRENEI,FF,HU,SSI"
5240,19050,"(0, 0, 0)","(0, 1, 1, 12)",1.2958540368236355,1.0311743040686894,-0.28995152224615683,1470.9806629027532,1499.0423552008515,432,48,"PRELIQ,PRENEI,FF,HU,SSI"
5320,23210,"(0, 0, 0)","(0, 1, 1, 12)",1.2772469318895794,0.9825109725905642,-0.283463791818248,1460.6543123218958,1488.716004619994,432,48,"PRELIQ,PRENEI,FF,HU,SSI"
7640,22810,"(0, 0, 0)","(0, 1, 1, 12)",1.256470685667308,1.0054645938774207,-0.19394993495148768,1508.5506852612411,1536.6123775593394,432,48,"PRELIQ,PRENEI,FF,HU,SSI"
8360,24090,"(0, 0, 0)","(0, 1, 1, 12)",1.4045646868260162,1.0270581947326045,0.18387541882607863,1577.7131905557976,1605.7748828538959,432,48,"PRELIQ,PRENEI,FF,HU,SSI"
2600,24170,"(0, 0, 0)","(0, 1, 1, 12)",1.1186879014311186,0.930433819263992,-0.2989531201721686,1334.2766724527673,1362.3383647508656,432,48,"PRELIQ,PRENEI,FF,HU,SSI"
4920,21610,"(0, 0, 0)","(0, 1, 1, 12)",1.2028531188620784,0.9144501559988153,-0.17845677020179987,1479.5232864030263,1507.5849787011246,432,48,"PRELIQ,PRENEI,FF,HU,SSI"
7000,23290,"(0, 0, 0)","(0, 1, 1, 12)",1.2298333154160204,0.9629999002259519,0.09354838517430046,1498.4535004142758,1526.515192712374,432,48,"PRELIQ,PRENEI,FF,HU,SSI"
5080,19690,"(0, 0, 0)","(0, 1, 1, 12)",1.3767427631937357,1.1307847000358293,-0.5667824638259553,1466.505281349277,1494.5669736473753,432,48,"PRELIQ,PRENEI,FF,HU,SSI"
3640,24410,"(0, 0, 0)","(0, 1, 1, 12)",1.1922321982259818,1.0110040601285661,-0.562565633876536,1357.4730425340451,1385.5347348321434,432,48,"PRELIQ,PRENEI,FF,HU,SSI"
3000,23690,"(0, 0, 0)","(0, 1, 1, 12)",1.337614290160647,1.0966567280623256,-0.5375362331709397,1391.3141493739936,1419.3758416720918,432,48,"PRELIQ,PRENEI,FF,HU,SSI"
2920,25130,"(0, 0, 0)","(0, 1, 1, 12)",0.9878873419385763,0.816101456851773,-0.48981523608900446,1159.550229819758,1187.6119221178562,432,48,"PRELIQ,PRENEI,FF,HU,SSI"
7960,19610,"(0, 0, 0)","(0, 1, 1, 12)",1.1234190771951675,0.8590628033509938,0.05933212447924765,1418.8067925882021,1446.8684848863004,432,48,"PRELIQ,PRENEI,FF,HU,SSI"
3800,20970,"(0, 0, 0)","(0, 1, 1, 12)",1.0940793364245838,0.8355852648258555,0.005975199000217461,1463.32704294482,1491.3887352429183,432,48,"PRELIQ,PRENEI,FF,HU,SSI"
5560,18410,"(0, 0, 0)","(0, 1, 1, 12)",1.509641027168378,1.115907506752783,-0.4473589805419625,1447.2764621780182,1475.3381544761164,432,48,"PRELIQ,PRENEI,FF,HU,SSI"
7320,24570,"(0, 0, 0)","(0, 1, 1, 12)",1.3774954080935833,1.0881015634149485,-0.34798666973096504,1532.4698684574305,1560.5315607555287,432,48,"PRELIQ,PRENEI,FF,HU,SSI"
8360,23690,"(0, 0, 0)","(0, 1, 1, 12)",1.416356785070281,1.100522569284146,-0.26186578071384686,1550.3245662392342,1578.3862585373324,432,48,"PRELIQ,PRENEI,FF,HU,SSI"
8680,20250,"(0, 0, 0)","(0, 1, 1, 12)",1.2769708981475534,1.0484861474505354,-0.2705644179024822,1448.048287928359,1476.1099802264573,432,48,"PRELIQ,PRENEI,FF,HU,SSI"
6120,17370,"(0, 0, 0)","(0, 1, 1, 12)",1.0895132148648639,0.9185276477310992,-0.23505854756032352,1396.4444512590949,1424.5061435571931,432,48,"PRELIQ,PRENEI,FF,HU,SSI"
5080,18090,"(0, 0, 0)","(0, 1, 1, 12)",1.5029403789317455,1.0693885613075278,-0.43947382687753817,1442.5665359468828,1470.628228244981,432,48,"PRELIQ,PRENEI,FF,HU,SSI"
5480,18650,"(0, 0, 0)","(0, 1, 1, 12)",1.410586920454128,1.0381563186931049,-0.23437032075652953,1461.4230889883697,1489.484781286468,432,48,"PRELIQ,PRENEI,FF,HU,SSI"
7080,23130,"(0, 0, 0)","(0, 1, 1, 12)",1.310952811098125,1.0131504674727727,0.21133166801996517,1505.5218368690716,1533.58352916717,432,48,"PRELIQ,PRENEI,FF,HU,SSI"
4440,17450,"(0, 0, 0)","(0, 1, 1, 12)",1.3780288844198074,1.124455058769529,-0.38736612926727654,1510.0389076273689,1538.1005999254671,432,48,"PRELIQ,PRENEI,FF,HU,SSI"
9000,22490,"(0, 0, 0)","(0, 1, 1, 12)",1.3108539820782745,0.9332991727037733,0.24814772884899594,1543.0219309784536,1571.0836232765519,432,48,"PRELIQ,PRENEI,FF,HU,SSI"
9400,22490,"(0, 0, 0)","(0, 1, 1, 12)",1.4689114376150294,1.1466902017787581,0.4407727197730021,1567.852599465823,1595.9142917639213,432,48,"PRELIQ,PRENEI,FF,HU,SSI"
8600,18570,"(0, 0, 0)","(0, 1, 1, 12)",1.2753051800122146,0.9708695979486303,0.09838209625661402,1388.6514512090719,1416.7131435071701,432,48,"PRELIQ,PRENEI,FF,HU,SSI"
6120,20410,"(0, 0, 0)","(0, 1, 1, 12)",1.7748258739670544,1.442515517518428,1.2764750935657534,1476.5947617096708,1504.656454007769,432,48,"PRELIQ,PRENEI,FF,HU,SSI"
8360,22730,"(0, 0, 0)","(0, 1, 1, 12)",1.2722215375619343,0.9665904374602654,0.2810902263632798,1514.7314429523167,1542.793135250415,432,48,"PRELIQ,PRENEI,FF,HU,SSI"
5240,23770,"(0, 0, 0)","(0, 1, 1, 12)",1.427291924954181,1.0651348900262316,-0.08168357364965691,1483.368506887256,1511.4301991853542,432,48,"PRELIQ,PRENEI,FF,HU,SSI"
5640,20570,"(0, 0, 0)","(0, 1, 1, 12)",1.2019174192334114,0.9244156953677575,0.5196217644202349,1504.0925556595346,1532.1542479576328,432,48,"PRELIQ,PRENEI,FF,HU,SSI"
6680,19050,"(0, 0, 0)","(0, 1, 1, 12)",1.2981466764308296,0.9661341646509412,0.10687645313482498,1486.3203578991713,1514.3820501972696,432,48,"PRELIQ,PRENEI,FF,HU,SSI"
5160,18250,"(0, 0, 0)","(0, 1, 1, 12)",1.3151444857497836,1.043808571278907,-0.4706388829527805,1448.5259973694988,1476.587689667597,432,48,"PRELIQ,PRENEI,FF,HU,SSI"
5000,21290,"(0, 0, 0)","(0, 1, 1, 12)",1.1962879489540426,0.9196957334371966,0.02766415272079927,1488.7840586154994,1516.8457509135976,432,48,"PRELIQ,PRENEI,FF,HU,SSI"
9880,21690,"(0, 0, 0)","(0, 1, 1, 12)",1.6127278635301574,1.302040208576716,-0.47694106303438377,1581.008093350512,1609.0697856486102,432,48,"PRELIQ,PRENEI,FF,HU,SSI"
11160,22170,"(0, 0, 0)","(0, 1, 1, 12)",1.4922332556287083,1.2330037127104008,0.021392640432113013,1584.333321854703,1612.3950141528012,432,48,"PRELIQ,PRENEI,FF,HU,SSI"
5320,21050,"(0, 0, 0)","(0, 1, 1, 12)",1.215566527644293,0.9460199059162834,-0.12593231639365743,1464.8058015745398,1492.867493872638,432,48,"PRELIQ,PRENEI,FF,HU,SSI"
4760,24890,"(0, 0, 0)","(0, 1, 1, 12)",1.2840683745328254,1.0549186477678962,-0.3014498198291096,1469.1610603936115,1497.2227526917097,432,48,"PRELIQ,PRENEI,FF,HU,SSI"
3720,22650,"(0, 0, 0)","(0, 1, 1, 12)",1.2337232323635723,0.976398947791878,0.04341954310557231,1472.373525984139,1500.4352182822372,432,48,"PRELIQ,PRENEI,FF,HU,SSI"
6200,23450,"(0, 0, 0)","(0, 1, 1, 12)",1.1756808820234221,0.9070769307658977,0.15822897666672722,1511.617473674178,1539.6791659722762,432,48,"PRELIQ,PRENEI,FF,HU,SSI"
2360,23050,"(0, 0, 0)","(0, 1, 1, 12)",1.0966352745116343,0.8895693912837549,-0.2880991434077034,1394.2460404008643,1422.3077326989626,432,48,"PRELIQ,PRENEI,FF,HU,SSI"
6840,18490,"(0, 0, 0)","(0, 1, 1, 12)",1.2855474276298318,1.0708205947626772,-0.7365527163676991,1400.294139970563,1428.3558322686613,432,48,"PRELIQ,PRENEI,FF,HU,SSI"
5000,22890,"(0, 0, 0)","(0, 1, 1, 12)",1.276523661031141,0.9821460786930704,-0.282742133501691,1460.0806442310986,1488.1423365291969,432,48,"PRELIQ,PRENEI,FF,HU,SSI"
5160,18730,"(0, 0, 0)","(0, 1, 1, 12)",1.3448422437001617,1.0383941172822826,-0.3690150792748848,1489.1516032605994,1517.2132955586976,432,48,"PRELIQ,PRENEI,FF,HU,SSI"
4040,23690,"(0, 0, 0)","(0, 1, 1, 12)",1.2197407918912195,0.9767719842016795,-0.2146208576870884,1455.138577508827,1483.2002698069252,432,48,"PRELIQ,PRENEI,FF,HU,SSI"
7800,22090,"(0, 0, 0)","(0, 1, 1, 12)",1.2883154163730848,0.911093555421535,-0.10702502569018875,1520.9569720839213,1549.0186643820196,432,48,"PRELIQ,PRENEI,FF,HU,SSI"
8280,23770,"(0, 0, 0)","(0, 1, 1, 12)",1.2383837355461091,0.9596066953830729,-0.047639088952230596,1535.850935805865,1563.9126281039632,432,48,"PRELIQ,PRENEI,FF,HU,SSI"
5400,20650,"(0, 0, 0)","(0, 1, 1, 12)",1.243041452720064,0.9959838941812428,-0.4386777284014127,1464.0812097178248,1492.142902015923,432,48,"PRELIQ,PRENEI,FF,HU,SSI"
7000,19930,"(0, 0, 0)","(0, 1, 1, 12)",1.2776015772938307,0.9241224565376576,0.19078239094035834,1488.1753008403339,1516.2369931384321,432,48,"PRELIQ,PRENEI,FF,HU,SSI"
5880,21530,"(0, 0, 0)","(0, 1, 1, 12)",1.2992164811325257,0.9767035549339314,0.5218625199212815,1531.5841060591256,1559.6457983572238,432,48,"PRELIQ,PRENEI,FF,HU,SSI"
4360,18570,"(0, 0, 0)","(0, 1, 1, 12)",1.5125214972675418,1.1549058239023975,-0.5888524874536554,1465.969935272667,1494.0316275707653,432,48,"PRELIQ,PRENEI,FF,HU,SSI"
7400,18970,"(0, 0, 0)","(0, 1, 1, 12)",1.017731006952167,0.7673069837212351,0.27370362066557913,1376.9214439134703,1404.9831362115685,432,48,"PRELIQ,PRENEI,FF,HU,SSI"
5960,19050,"(0, 0, 0)","(0, 1, 1, 12)",1.3910438891438162,1.0247995007733166,0.13287880452942943,1474.8961258570935,1502.9578181551917,432,48,"PRELIQ,PRENEI,FF,HU,SSI"
3240,23530,"(0, 0, 0)","(0, 1, 1, 12)",1.227552266272671,0.9967626715454899,-0.442902512701413,1427.0475810232624,1455.1092733213607,432,48,"PRELIQ,PRENEI,FF,HU,SSI"
10920,23210,"(0, 0, 0)","(0, 1, 1, 12)",1.4089257663317838,1.1229164765060267,0.14081488822417262,1607.6221661594564,1635.6838584575546,432,48,"PRELIQ,PRENEI,FF,HU,SSI"
7320,21450,"(0, 0, 0)","(0, 1, 1, 12)",1.3609608528266726,1.0128232236385146,-0.262384712870321,1549.7418757267305,1577.8035680248288,432,48,"PRELIQ,PRENEI,FF,HU,SSI"
9080,18090,"(0, 0, 0)","(0, 1, 1, 12)",1.2771148210321133,1.0224000345081024,-0.233120102198088,1271.7323875080301,1299.7940798061284,432,48,"PRELIQ,PRENEI,FF,HU,SSI"
7000,22170,"(0, 0, 0)","(0, 1, 1, 12)",1.2492770255381833,0.9293777163021133,0.011714414134493034,1501.9190274851037,1529.980719783202,432,48,"PRELIQ,PRENEI,FF,HU,SSI"
4040,18890,"(0, 0, 0)","(0, 1, 1, 12)",1.7173140707615877,1.2677150018663537,-0.6644144151829007,1494.6482975222702,1522.7099898203685,432,48,"PRELIQ,PRENEI,FF,HU,SSI"
5480,21450,"(0, 0, 0)","(0, 1, 1, 12)",1.1181298138066733,0.8720960869403381,-0.025206006047901287,1510.4922483952773,1538.5539406933756,432,48,"PRELIQ,PRENEI,FF,HU,SSI"
5160,18970,"(0, 0, 0)","(0, 1, 1, 12)",1.3356503594893017,1.082749568299907,-0.42536314823791477,1480.2605426614905,1508.3222349595887,432,48,"PRELIQ,PRENEI,FF,HU,SSI"
3240,22570,"(0, 0, 0)","(0, 1, 1, 12)",1.1096793852278048,0.885189224502132,-0.4855082826458285,1427.4262834401038,1455.487975738202,432,48,"PRELIQ,PRENEI,FF,HU,SSI"
6520,21290,"(0, 0, 0)","(0, 1, 1, 12)",1.2819573906184902,0.9765306829662364,-0.26708443830687173,1533.4783979210197,1561.540090219118,432,48,"PRELIQ,PRENEI,FF,HU,SSI"
6680,19770,"(0, 0, 0)","(0, 1, 1, 12)",1.5206631172553706,1.2494540046241687,-0.8261861825829149,1535.336187654511,1563.3978799526092,432,48,"PRELIQ,PRENEI,FF,HU,SSI"
7640,20730,"(0, 0, 0)","(0, 1, 1, 12)",1.4997439158104302,1.1337834030174407,-0.5851422359153159,1506.4367813917831,1534.4984736898814,432,48,"PRELIQ,PRENEI,FF,HU,SSI"
8760,19370,"(0, 0, 0)","(0, 1, 1, 12)",1.2737904295831122,0.9389122619789009,0.6161350662784771,1434.6560054802248,1462.717697778323,432,48,"PRELIQ,PRENEI,FF,HU,SSI"
5160,21530,"(0, 0, 0)","(0, 1, 1, 12)",1.1906754195134037,0.8567469238511412,0.039452134985756525,1515.796920878424,1543.8586131765223,432,48,"PRELIQ,PRENEI,FF,HU,SSI"
920,23610,"(0, 0, 0)","(0, 1, 1, 12)",1.1696223321254597,0.9940141705010799,-0.5764773317347004,1251.1579212347553,1279.2196135328536,432,48,"PRELIQ,PRENEI,FF,HU,SSI"
4680,20090,"(0, 0, 0)","(0, 1, 1, 12)",1.3674578291229054,1.1120517729151878,-0.563247829634241,1508.5322194338248,1536.593911731923,432,48,"PRELIQ,PRENEI,FF,HU,SSI"
7240,22890,"(0, 0, 0)","(0, 1, 1, 12)",1.3333613196497383,1.0308860516066243,0.13879786154243648,1517.2088515667208,1545.270543864819,432,48,"PRELIQ,PRENEI,FF,HU,SSI"
6280,25530,"(0, 0, 0)","(0, 1, 1, 12)",1.4369555480287113,1.1548047120559395,-0.005157562122520877,1495.6973908887499,1523.759083186848,432,48,"PRELIQ,PRENEI,FF,HU,SSI"
7400,20010,"(0, 0, 0)","(0, 1, 1, 12)",1.2549755328572587,1.0036814691342169,-0.002628320831467431,1499.2730513115503,1527.3347436096485,432,48,"PRELIQ,PRENEI,FF,HU,SSI"
4360,24970,"(0, 0, 0)","(0, 1, 1, 12)",1.6505624388895064,1.3886971259944876,-0.9443406992865748,1415.9472458038022,1444.0089381019004,432,48,"PRELIQ,PRENEI,FF,HU,SSI"
5000,20730,"(0, 0, 0)","(0, 1, 1, 12)",1.1223188846342183,0.8672417272414453,-0.01706349812829287,1456.5072334575857,1484.568925755684,432,48,"PRELIQ,PRENEI,FF,HU,SSI"
4760,17530,"(0, 0, 0)","(0, 1, 1, 12)",1.11925003246188,0.8453700287470932,0.22546293410914917,1488.2262477243894,1516.2879400224876,432,48,"PRELIQ,PRENEI,FF,HU,SSI"
10040,21610,"(0, 0, 0)","(0, 1, 1, 12)",1.2094529269345429,1.0385264835758063,-0.2011747351165247,1550.7363442787346,1578.7980365768328,432,48,"PRELIQ,PRENEI,FF,HU,SSI"
6520,20250,"(0, 0, 0)","(0, 1, 1, 12)",1.296413019231789,0.9886469791981257,-0.05803140166343886,1510.9518244760632,1539.0135167741614,432,48,"PRELIQ,PRENEI,FF,HU,SSI"
7320,22570,"(0, 0, 0)","(0, 1, 1, 12)",1.2932975271483265,1.0219845819217144,0.23891627835865878,1490.0114333235988,1518.073125621697,432,48,"PRELIQ,PRENEI,FF,HU,SSI"
6120,24890,"(0, 0, 0)","(0, 1, 1, 12)",1.4440516653869662,1.1294770840236534,-0.13234928765765744,1511.2762202785138,1539.337912576612,432,48,"PRELIQ,PRENEI,FF,HU,SSI"
3960,18970,"(0, 0, 0)","(0, 1, 1, 12)",1.718040286554899,1.2559815896491884,-0.6703769442656416,1491.096125366355,1519.1578176644532,432,48,"PRELIQ,PRENEI,FF,HU,SSI"
5560,20250,"(0, 0, 0)","(0, 1, 1, 12)",1.3132227115831052,1.0047448753179653,-0.1646853680690352,1476.4932534670547,1504.554945765153,432,48,"PRELIQ,PRENEI,FF,HU,SSI"
3800,22090,"(0, 0, 0)","(0, 1, 1, 12)",1.4347286560150687,1.0230969378452508,-0.2555367167937726,1472.1429704734844,1500.2046627715827,432,48,"PRELIQ,PRENEI,FF,HU,SSI"
2120,24250,"(0, 0, 0)","(0, 1, 1, 12)",1.3222471126714108,1.1168666021424711,-0.6319436979080503,1328.411200067987,1356.4728923660853,432,48,"PRELIQ,PRENEI,FF,HU,SSI"
6440,23450,"(0, 0, 0)","(0, 1, 1, 12)",1.1859806307126173,0.9118260713671741,0.12895105857152403,1527.0731363445582,1555.1348286426564,432,48,"PRELIQ,PRENEI,FF,HU,SSI"
7640,23530,"(0, 0, 0)","(0, 1, 1, 12)",1.505281425852099,1.179997276459707,-0.4700383217927991,1554.9613290280427,1583.023021326141,432,48,"PRELIQ,PRENEI,FF,HU,SSI"
8360,24650,"(0, 0, 0)","(0, 1, 1, 12)",1.3732826616009464,0.9989314907450408,0.23881350244366592,1568.7501223052025,1596.8118146033007,432,48,"PRELIQ,PRENEI,FF,HU,SSI"
5960,21770,"(0, 0, 0)","(0, 1, 1, 12)",1.2259307084332831,0.9159662196288139,-0.0761045387732641,1537.1101379898998,1565.171830287998,432,48,"PRELIQ,PRENEI,FF,HU,SSI"
10520,22810,"(0, 0, 0)","(0, 1, 1, 12)",1.3959655537756015,1.1129287365755005,0.026347454787623303,1575.6899298319931,1603.7516221300914,432,48,"PRELIQ,PRENEI,FF,HU,SSI"
3480,18730,"(0, 0, 0)","(0, 1, 1, 12)",1.2318785449828125,1.0000722972133005,-0.5759851483356702,1462.9144759027506,1490.9761682008489,432,48,"PRELIQ,PRENEI,FF,HU,SSI"
7960,18250,"(0, 0, 0)","(0, 1, 1, 12)",1.1075890806737845,0.8813909115893868,0.09088694926531744,1357.253984218799,1385.3156765168972,432,48,"PRELIQ,PRENEI,FF,HU,SSI"
3240,20970,"(0, 0, 0)","(0, 1, 1, 12)",1.141916787325282,0.939092176681454,-0.27163811302409724,1440.4599743349663,1468.5216666330646,432,48,"PRELIQ,PRENEI,FF,HU,SSI"
6760,19850,"(0, 0, 0)","(0, 1, 1, 12)",1.1028678200791688,0.7941536083593933,-0.09958841497522268,1468.6354431312,1496.6971354292982,432,48,"PRELIQ,PRENEI,FF,HU,SSI"
4040,23610,"(0, 0, 0)","(0, 1, 1, 12)",1.2409072072278555,0.9998093180797718,-0.23016648225869216,1461.7396494189072,1489.8013417170055,432,48,"PRELIQ,PRENEI,FF,HU,SSI"
8760,23370,"(0, 0, 0)","(0, 1, 1, 12)",1.247147637488638,1.012044601153255,0.41835194388882696,1517.23245294974,1545.2941452478383,432,48,"PRELIQ,PRENEI,FF,HU,SSI"
6760,26170,"(0, 0, 0)","(0, 1, 1, 12)",1.4463021322764142,1.1489918801625845,0.030873612642181792,1521.383163005412,1549.4448553035102,432,48,"PRELIQ,PRENEI,FF,HU,SSI"
4120,20410,"(0, 0, 0)","(0, 1, 1, 12)",1.359650731155281,1.0224391388295897,-0.08548611234359911,1470.2950165776288,1498.356708875727,432,48,"PRELIQ,PRENEI,FF,HU,SSI"
6040,18650,"(0, 0, 0)","(0, 1, 1, 12)",1.3910547264112563,1.0430018662046263,-0.07464648435463299,1459.7109622175908,1487.772654515689,432,48,"PRELIQ,PRENEI,FF,HU,SSI"
4040,24170,"(0, 0, 0)","(0, 1, 1, 12)",1.2062478886144548,0.9889149297502722,-0.21599553497540147,1439.398461502236,1467.4601538003342,432,48,"PRELIQ,PRENEI,FF,HU,SSI"
3320,22170,"(0, 0, 0)","(0, 1, 1, 12)",1.1733959112629622,0.9629951440716797,-0.5286554322973518,1430.8106854539556,1458.8723777520538,432,48,"PRELIQ,PRENEI,FF,HU,SSI"
6360,21930,"(0, 0, 0)","(0, 1, 1, 12)",1.298903920580997,0.9916286756348006,-0.23365979957918082,1514.4023296510081,1542.4640219491064,432,48,"PRELIQ,PRENEI,FF,HU,SSI"
9080,21210,"(0, 0, 0)","(0, 1, 1, 12)",1.3510237740547215,1.1817850232017826,-0.5020127789693286,1559.0055766893875,1587.0672689874857,432,48,"PRELIQ,PRENEI,FF,HU,SSI"
6440,25930,"(0, 0, 0)","(0, 1, 1, 12)",1.5229054660171875,1.245225018063124,-0.46033110552525586,1505.1604387580328,1533.222131056131,432,48,"PRELIQ,PRENEI,FF,HU,SSI"
8040,23450,"(0, 0, 0)","(0, 1, 1, 12)",1.2776589407622092,1.0002435467706372,-0.11239933855325694,1535.843697871336,1563.9053901694342,432,48,"PRELIQ,PRENEI,FF,HU,SSI"
5720,19370,"(0, 0, 0)","(0, 1, 1, 12)",1.4336125966535989,1.0960338995353667,-0.26079222827876086,1503.9909956128606,1532.0526879109589,432,48,"PRELIQ,PRENEI,FF,HU,SSI"
6600,24570,"(0, 0, 0)","(0, 1, 1, 12)",1.5413217238968533,1.2833942515939814,0.7195065117042957,1537.0145742141653,1565.0762665122636,432,48,"PRELIQ,PRENEI,FF,HU,SSI"
5320,22410,"(0, 0, 0)","(0, 1, 1, 12)",1.276131953387206,0.94694961962233,-0.02339980122163816,1483.4890589856045,1511.5507512837028,432,48,"PRELIQ,PRENEI,FF,HU,SSI"
4440,21130,"(0, 0, 0)","(0, 1, 1, 12)",1.3125461624267742,0.9627988829242821,0.3348598418041595,1458.898508580198,1486.9602008782963,432,48,"PRELIQ,PRENEI,FF,HU,SSI"
3960,20490,"(0, 0, 0)","(0, 1, 1, 12)",1.2154561554133796,0.9747646551505964,0.09814739778695808,1456.9854384166424,1485.0471307147407,432,48,"PRELIQ,PRENEI,FF,HU,SSI"
9960,24330,"(0, 0, 0)","(0, 1, 1, 12)",1.499384073375222,1.1483930919900684,0.12933658479754284,1569.7628574909713,1597.8245497890696,432,48,"PRELIQ,PRENEI,FF,HU,SSI"
9080,18170,"(0, 0, 0)","(0, 1, 1, 12)",1.3034677668683388,1.0303445450804476,0.007953200780960864,1307.0157727874407,1335.077465085539,432,48,"PRELIQ,PRENEI,FF,HU,SSI"
9960,18970,"(0, 0, 0)","(0, 1, 1, 12)",1.110538305139823,0.8743702284219065,-0.1636589397983842,1339.4152176858456,1367.4769099839439,432,48,"PRELIQ,PRENEI,FF,HU,SSI"
11080,23610,"(0, 0, 0)","(0, 1, 1, 12)",1.7014738372332743,1.3338114403842969,0.38050079272060705,1619.7356833208719,1647.7973756189701,432,48,"PRELIQ,PRENEI,FF,HU,SSI"
10040,22250,"(0, 0, 0)","(0, 1, 1, 12)",1.5766488426420857,1.2980163319770024,0.30045666458406994,1573.493170918211,1601.5548632163093,432,48,"PRELIQ,PRENEI,FF,HU,SSI"
6040,23850,"(0, 0, 0)","(0, 1, 1, 12)",1.3834967657401633,1.0425615170999203,-0.23239946780243556,1490.600303252927,1518.6619955510253,432,48,"PRELIQ,PRENEI,FF,HU,SSI"
4680,25050,"(0, 0, 0)","(0, 1, 1, 12)",1.3930918593766755,1.147441929410087,-0.5041028179698995,1418.52798429739,1446.5896765954883,432,48,"PRELIQ,PRENEI,FF,HU,SSI"
7320,18570,"(0, 0, 0)","(0, 1, 1, 12)",1.0072745780602783,0.8210843622459754,-0.0793998268137981,1370.8945258758793,1398.9562181739775,432,48,"PRELIQ,PRENEI,FF,HU,SSI"
2360,22970,"(0, 0, 0)","(0, 1, 1, 12)",1.1884428558044595,0.9442049770977133,-0.17137362912173107,1438.8358082501175,1466.8975005482157,432,48,"PRELIQ,PRENEI,FF,HU,SSI"
5880,17210,"(0, 0, 0)","(0, 1, 1, 12)",1.3192535311924407,1.0402533601903816,0.09597288404798483,1516.3449053998709,1544.4065976979691,432,48,"PRELIQ,PRENEI,FF,HU,SSI"
10200,22010,"(0, 0, 0)","(0, 1, 1, 12)",1.562075320715427,1.2832953021527864,0.2635811500331022,1568.6470118802931,1596.7087041783914,432,48,"PRELIQ,PRENEI,FF,HU,SSI"
11400,23050,"(0, 0, 0)","(0, 1, 1, 12)",1.5761467423930455,1.2069091660803215,0.2633060591455711,1589.005850646323,1617.0675429444213,432,48,"PRELIQ,PRENEI,FF,HU,SSI"
9080,18010,"(0, 0, 0)","(0, 1, 1, 12)",1.2736144964345804,1.0295389338571614,-0.2783199672296841,1267.446502455936,1295.5081947540343,432,48,"PRELIQ,PRENEI,FF,HU,SSI"
6760,25690,"(0, 0, 0)","(0, 1, 1, 12)",1.4728611220804266,1.1334087599234959,0.11148996994575007,1533.9559583515843,1562.0176506496825,432,48,"PRELIQ,PRENEI,FF,HU,SSI"
6680,26010,"(0, 0, 0)","(0, 1, 1, 12)",1.5393128310247477,1.2666937529066653,-0.4392288873973473,1500.4276020931582,1528.4892943912564,432,48,"PRELIQ,PRENEI,FF,HU,SSI"
6600,25770,"(0, 0, 0)","(0, 1, 1, 12)",1.4510926849182746,1.132982412532049,0.0651150727310663,1524.2297121573492,1552.2914044554475,432,48,"PRELIQ,PRENEI,FF,HU,SSI"
7880,22650,"(0, 0, 0)","(0, 1, 1, 12)",1.3365515271639565,1.0983941306239506,-0.3493469250228159,1514.8446695513246,1542.9063618494229,432,48,"PRELIQ,PRENEI,FF,HU,SSI"
3560,21450,"(0, 0, 0)","(0, 1, 1, 12)",1.0943757384560195,0.8402193944282246,0.024384028973033395,1462.4392319292976,1490.500924227396,432,48,"PRELIQ,PRENEI,FF,HU,SSI"
7160,26170,"(0, 0, 0)","(0, 1, 1, 12)",1.4084792118001346,1.1240513642543115,-0.025925492948011743,1511.0254389109457,1539.087131209044,432,48,"PRELIQ,PRENEI,FF,HU,SSI"
2520,22890,"(0, 0, 0)","(0, 1, 1, 12)",1.186265890882582,0.9406154265557237,-0.1777929742139898,1438.2409892690735,1466.3026815671717,432,48,"PRELIQ,PRENEI,FF,HU,SSI"
7480,22890,"(0, 0, 0)","(0, 1, 1, 12)",1.3409795204987436,1.0300012216960448,-0.29759033240701677,1534.3640018025583,1562.4256941006565,432,48,"PRELIQ,PRENEI,FF,HU,SSI"
6440,25130,"(0, 0, 0)","(0, 1, 1, 12)",1.4143553703892051,1.1400217064165965,0.32701984277695084,1519.9495603000132,1548.0112525981115,432,48,"PRELIQ,PRENEI,FF,HU,SSI"
5800,22330,"(0, 0, 0)","(0, 1, 1, 12)",1.2186875422876287,0.8871483278493776,-0.05393154272934945,1492.5005071949104,1520.5621994930086,432,48,"PRELIQ,PRENEI,FF,HU,SSI"
7880,18970,"(0, 0, 0)","(0, 1, 1, 12)",1.0550893956622374,0.8579004600032674,0.06316424464509555,1401.980303731465,1430.0419960295633,432,48,"PRELIQ,PRENEI,FF,HU,SSI"
7320,24730,"(0, 0, 0)","(0, 1, 1, 12)",1.3849939089582364,1.055632595704214,0.06016389136399531,1542.9781282441359,1571.039820542234,432,48,"PRELIQ,PRENEI,FF,HU,SSI"
4280,19450,"(0, 0, 0)","(0, 1, 1, 12)",1.3857983245845908,1.1538231787726236,-0.7353622900176443,1463.2663136159454,1491.3280059140436,432,48,"PRELIQ,PRENEI,FF,HU,SSI"
11320,23610,"(0, 0, 0)","(0, 1, 1, 12)",1.6990291829279967,1.3310782916998878,0.37902056713697413,1619.3082888527783,1647.3699811508766,432,48,"PRELIQ,PRENEI,FF,HU,SSI"
760,24010,"(0, 0, 0)","(0, 1, 1, 12)",1.032522910142714,0.8529251909477233,-0.6116115333277016,1243.3770402809769,1271.4387325790751,432,48,"PRELIQ,PRENEI,FF,HU,SSI"
8360,24410,"(0, 0, 0)","(0, 1, 1, 12)",1.3774978704472358,1.0271943701787587,0.29385485262672045,1580.6406634727866,1608.7023557708849,432,48,"PRELIQ,PRENEI,FF,HU,SSI"
5880,23130,"(0, 0, 0)","(0, 1, 1, 12)",1.278287760668922,0.9776453886987247,-0.21398411350628174,1496.3157651315582,1524.3774574296565,432,48,"PRELIQ,PRENEI,FF,HU,SSI"
3240,21050,"(0, 0, 0)","(0, 1, 1, 12)",1.140706512570615,0.9380176050227433,-0.2681609319961981,1440.2064070179754,1468.2680993160736,432,48,"PRELIQ,PRENEI,FF,HU,SSI"
7160,25610,"(0, 0, 0)","(0, 1, 1, 12)",1.4680355887265586,1.1442097413263423,0.017770494843643524,1524.4299173065183,1552.4916096046165,432,48,"PRELIQ,PRENEI,FF,HU,SSI"
5880,18010,"(0, 0, 0)","(0, 1, 1, 12)",1.1364802840828598,0.9411207546386934,-0.5144073561564703,1418.04786190067,1446.1095541987681,432,48,"PRELIQ,PRENEI,FF,HU,SSI"
2280,23450,"(0, 0, 0)","(0, 1, 1, 12)",1.0661105077899062,0.8386811147380504,-0.00047759206720057734,1395.94394116901,1424.0056334671083,432,48,"PRELIQ,PRENEI,FF,HU,SSI"
8040,19930,"(0, 0, 0)","(0, 1, 1, 12)",1.1386252086383308,0.8427711275100531,-0.10917804131227664,1460.299064549507,1488.3607568476052,432,48,"PRELIQ,PRENEI,FF,HU,SSI"
7400,24570,"(0, 0, 0)","(0, 1, 1, 12)",1.3754987842307393,1.0499805321924376,0.057205283331099734,1541.2590315809887,1569.320723879087,432,48,"PRELIQ,PRENEI,FF,HU,SSI"
4680,17690,"(0, 0, 0)","(0, 1, 1, 12)",1.0273156558362044,0.7857270814467604,-0.020562766880031377,1446.9142340491248,1474.975926347223,432,48,"PRELIQ,PRENEI,FF,HU,SSI"
9240,22810,"(0, 0, 0)","(0, 1, 1, 12)",1.3212628550912553,0.993243076120839,0.45356592341109697,1559.231865076212,1587.2935573743102,432,48,"PRELIQ,PRENEI,FF,HU,SSI"
8840,20970,"(0, 0, 0)","(0, 1, 1, 12)",1.1417233261758772,0.9444831451719757,-0.3825910335189815,1517.0091829358912,1545.0708752339895,432,48,"PRELIQ,PRENEI,FF,HU,SSI"
4120,21290,"(0, 0, 0)","(0, 1, 1, 12)",1.3717126559398558,0.9709433225943633,-0.3321129589635063,1471.7361707742384,1499.7978630723367,432,48,"PRELIQ,PRENEI,FF,HU,SSI"
7880,24250,"(0, 0, 0)","(0, 1, 1, 12)",1.3713908396935468,1.0484124193211162,0.2664149551313578,1555.3991077655749,1583.460800063673,432,48,"PRELIQ,PRENEI,FF,HU,SSI"
9000,24010,"(0, 0, 0)","(0, 1, 1, 12)",1.3481315705768036,1.0767689627095287,-0.21264283374975024,1550.8198922885256,1578.8815845866238,432,48,"PRELIQ,PRENEI,FF,HU,SSI"
7560,24330,"(0, 0, 0)","(0, 1, 1, 12)",1.349752942943672,1.0777664110129939,-0.11741207471572564,1528.1602340031786,1556.2219263012769,432,48,"PRELIQ,PRENEI,FF,HU,SSI"
4360,24090,"(0, 0, 0)","(0, 1, 1, 12)",1.2192853193192217,0.9694211945531265,-0.22297370437715144,1437.4761339288398,1465.537826226938,432,48,"PRELIQ,PRENEI,FF,HU,SSI"
8920,23210,"(0, 0, 0)","(0, 1, 1, 12)",1.2167660939398828,0.9880408255666809,0.024795686175953142,1530.568451737392,1558.6301440354903,432,48,"PRELIQ,PRENEI,FF,HU,SSI"
11480,16650,"(0, 0, 0)","(0, 1, 1, 12)",1.3190511769656263,1.1042948571688855,-0.7097265531613585,1284.0797715604353,1312.1414638585336,432,48,"PRELIQ,PRENEI,FF,HU,SSI"
1640,23530,"(0, 0, 0)","(0, 1, 1, 12)",1.0321837106553635,0.8204975078453449,-0.0766174025930472,1331.6785147710293,1359.7402070691276,432,48,"PRELIQ,PRENEI,FF,HU,SSI"
3480,24330,"(0, 0, 0)","(0, 1, 1, 12)",1.4154788782116525,1.1986550288084883,-0.81149212058189,1339.1812346151971,1367.2429269132954,432,48,"PRELIQ,PRENEI,FF,HU,SSI"
3880,21130,"(0, 0, 0)","(0, 1, 1, 12)",1.094305479328553,0.8353355679472602,0.008843087572685352,1463.0323514922577,1491.094043790356,432,48,"PRELIQ,PRENEI,FF,HU,SSI"
6120,22250,"(0, 0, 0)","(0, 1, 1, 12)",1.2698537531453395,0.95811823020215,-0.16260161252429053,1489.881331675385,1517.9430239734832,432,48,"PRELIQ,PRENEI,FF,HU,SSI"
4200,23530,"(0, 0, 0)","(0, 1, 1, 12)",1.2097694736239015,0.893656818202848,-0.3120665311260466,1447.6632653514448,1475.724957649543,432,48,"PRELIQ,PRENEI,FF,HU,SSI"
3080,22570,"(0, 0, 0)","(0, 1, 1, 12)",1.2193069650617088,0.9727928588010704,-0.4277072533180106,1435.4905539865008,1463.552246284599,432,48,"PRELIQ,PRENEI,FF,HU,SSI"
9320,21610,"(0, 0, 0)","(0, 1, 1, 12)",1.2598477449408323,1.0571460310932694,-0.3979612148286756,1547.53403372815,1575.5957260262483,432,48,"PRELIQ,PRENEI,FF,HU,SSI"
4360,17770,"(0, 0, 0)","(0, 1, 1, 12)",1.1509794320678646,0.9297895330834237,-0.3708471054059772,1473.2834718718482,1501.3451641699464,432,48,"PRELIQ,PRENEI,FF,HU,SSI"
3240,23610,"(0, 0, 0)","(0, 1, 1, 12)",1.239305266376779,1.006049549204129,-0.44636215822748687,1427.5683248739704,1455.6300171720686,432,48,"PRELIQ,PRENEI,FF,HU,SSI"
6440,21210,"(0, 0, 0)","(0, 1, 1, 12)",1.1933063793375487,0.8864716514665624,0.04583751281639351,1502.0057686688033,1530.0674609669015,432,48,"PRELIQ,PRENEI,FF,HU,SSI"
9960,24570,"(0, 0, 0)","(0, 1, 1, 12)",1.4331175536869887,1.1513030013938108,-0.17853928153810403,1605.9975495841732,1634.0592418822714,432,48,"PRELIQ,PRENEI,FF,HU,SSI"
3240,20570,"(0, 0, 0)","(0, 1, 1, 12)",1.184552161659867,0.9563746050019445,-0.5499326043430018,1439.552096292381,1467.6137885904793,432,48,"PRELIQ,PRENEI,FF,HU,SSI"
5560,24330,"(0, 0, 0)","(0, 1, 1, 12)",1.4109900882597222,1.0893077147261396,0.23014123657502153,1501.2494309410577,1529.311123239156,432,48,"PRELIQ,PRENEI,FF,HU,SSI"
11320,22330,"(0, 0, 0)","(0, 1, 1, 12)",1.50649647444244,1.1957976382051092,-0.41664535090778115,1579.9152406859362,1607.9769329840344,432,48,"PRELIQ,PRENEI,FF,HU,SSI"
6040,18970,"(0, 0, 0)","(0, 1, 1, 12)",1.4967309359587366,1.140675350836912,-0.20609295015816506,1531.7544547983086,1559.816147096407,432,48,"PRELIQ,PRENEI,FF,HU,SSI"
5160,20810,"(0, 0, 0)","(0, 1, 1, 12)",1.1222748001462255,0.8599797646206544,-0.11362063441237473,1446.2338440730255,1474.2955363711237,432,48,"PRELIQ,PRENEI,FF,HU,SSI"
8520,20730,"(0, 0, 0)","(0, 1, 1, 12)",1.3732132229718927,1.101264991973044,-0.4095779383664797,1534.2417672072265,1562.3034595053248,432,48,"PRELIQ,PRENEI,FF,HU,SSI"
7640,20490,"(0, 0, 0)","(0, 1, 1, 12)",1.5021581893873674,1.199703523676252,-0.9152165278312433,1518.5384765357433,1546.6001688338415,432,48,"PRELIQ,PRENEI,FF,HU,SSI"
4600,18650,"(0, 0, 0)","(0, 1, 1, 12)",1.4375325481630772,1.1033983158584066,-0.6222592303530511,1445.1632202529352,1473.2249125510334,432,48,"PRELIQ,PRENEI,FF,HU,SSI"
7960,19770,"(0, 0, 0)","(0, 1, 1, 12)",1.1252515693232583,0.8402756574205466,-0.07238327971099508,1459.4824202792374,1487.5441125773357,432,48,"PRELIQ,PRENEI,FF,HU,SSI"
7640,22090,"(0, 0, 0)","(0, 1, 1, 12)",1.282928204776539,0.9330261519868531,-0.10128975479805868,1501.564246269449,1529.6259385675473,432,48,"PRELIQ,PRENEI,FF,HU,SSI"
11800,16330,"(0, 0, 0)","(0, 1, 1, 12)",1.1213360167438573,0.9067023022540771,-0.4706785824517931,1262.412972960994,1290.4746652590923,432,48,"PRELIQ,PRENEI,FF,HU,SSI"
5160,25290,"(0, 0, 0)","(0, 1, 1, 12)",1.4725230071148399,1.2201687267473196,-0.6281633188595602,1457.4119309498096,1485.4736232479079,432,48,"PRELIQ,PRENEI,FF,HU,SSI"
5960,25370,"(0, 0, 0)","(0, 1, 1, 12)",1.5203079509932853,1.2661975750629981,-0.3791645555102108,1498.1273690729643,1526.1890613710625,432,48,"PRELIQ,PRENEI,FF,HU,SSI"
9640,18330,"(0, 0, 0)","(0, 1, 1, 12)",1.0741761869037023,0.9147090770632212,-0.6254687240755847,1246.2064628940002,1274.2681551920984,432,48,"PRELIQ,PRENEI,FF,HU,SSI"
6600,18650,"(0, 0, 0)","(0, 1, 1, 12)",1.3660763116204906,1.1160620102098866,-0.2712032584177075,1457.7249219796558,1485.786614277754,432,48,"PRELIQ,PRENEI,FF,HU,SSI"
3960,18170,"(0, 0, 0)","(0, 1, 1, 12)",1.6867098047609448,1.3549361319180016,-0.8921258296966762,1461.495137056711,1489.5568293548092,432,48,"PRELIQ,PRENEI,FF,HU,SSI"
6920,22330,"(0, 0, 0)","(0, 1, 1, 12)",1.271973731802019,0.9462666427312986,-0.00165450030582176,1513.682106948869,1541.7437992469672,432,48,"PRELIQ,PRENEI,FF,HU,SSI"
5640,21450,"(0, 0, 0)","(0, 1, 1, 12)",1.1141836398488838,0.8705332154800054,-0.03755892143513065,1512.565847231957,1540.6275395300552,432,48,"PRELIQ,PRENEI,FF,HU,SSI"
3000,23050,"(0, 0, 0)","(0, 1, 1, 12)",1.1901657565126087,0.9464339527734706,-0.41016846404819157,1431.2447795743042,1459.3064718724024,432,48,"PRELIQ,PRENEI,FF,HU,SSI"
10760,22250,"(0, 0, 0)","(0, 1, 1, 12)",1.3164557624354463,1.0769524297116788,-0.2039703831314719,1560.6795979608678,1588.741290258966,432,48,"PRELIQ,PRENEI,FF,HU,SSI"
6920,24730,"(0, 0, 0)","(0, 1, 1, 12)",1.4808327478607788,1.2261662713795471,0.6607437705082663,1536.7719670021042,1564.8336593002025,432,48,"PRELIQ,PRENEI,FF,HU,SSI"
5800,20650,"(0, 0, 0)","(0, 1, 1, 12)",1.4988433806518575,1.2137747981564544,0.9822880247813929,1495.5518687218412,1523.6135610199394,432,48,"PRELIQ,PRENEI,FF,HU,SSI"
7880,22890,"(0, 0, 0)","(0, 1, 1, 12)",1.304160078330212,1.070532595283272,-0.28679614763780753,1510.3422973162433,1538.4039896143415,432,48,"PRELIQ,PRENEI,FF,HU,SSI"
6440,22250,"(0, 0, 0)","(0, 1, 1, 12)",1.2917942870431376,0.9861518495983516,-0.22181678708233052,1508.326432464439,1536.3881247625372,432,48,"PRELIQ,PRENEI,FF,HU,SSI"
7240,23450,"(0, 0, 0)","(0, 1, 1, 12)",1.3575892874526387,1.0360090304969893,-0.17693128907228547,1527.3817770400874,1555.4434693381857,432,48,"PRELIQ,PRENEI,FF,HU,SSI"
3640,19610,"(0, 0, 0)","(0, 1, 1, 12)",1.4938307409912444,1.0774385588319408,-0.4121681654326821,1466.102767910904,1494.1644602090023,432,48,"PRELIQ,PRENEI,FF,HU,SSI"
11480,16970,"(0, 0, 0)","(0, 1, 1, 12)",1.3469864390552373,1.1094624055108553,-0.5736613254786785,1308.7715665857977,1336.833258883896,432,48,"PRELIQ,PRENEI,FF,HU,SSI"
5000,22490,"(0, 0, 0)","(0, 1, 1, 12)",1.3257843848810302,0.9878031216378416,0.206101909330508,1470.9047647121442,1498.9664570102425,432,48,"PRELIQ,PRENEI,FF,HU,SSI"
9560,22970,"(0, 0, 0)","(0, 1, 1, 12)",1.3671337317501275,1.0867551316549635,-0.04206727713196463,1570.7922235651763,1598.8539158632746,432,48,"PRELIQ,PRENEI,FF,HU,SSI"
3400,21450,"(0, 0, 0)","(0, 1, 1, 12)",1.0961596900729649,0.8400159902639851,0.028751641917430747,1463.068253044882,1491.1299453429804,432,48,"PRELIQ,PRENEI,FF,HU,SSI"
8440,23770,"(0, 0, 0)","(0, 1, 1, 12)",1.2126873139398626,0.9279138473663533,-0.015866860137527482,1529.9145223993596,1557.9762146974579,432,48,"PRELIQ,PRENEI,FF,HU,SSI"
6120,20490,"(0, 0, 0)","(0, 1, 1, 12)",1.8132438128766952,1.500028685121728,1.361142133052321,1489.8596377308277,1517.921330028926,432,48,"PRELIQ,PRENEI,FF,HU,SSI"
4280,23930,"(0, 0, 0)","(0, 1, 1, 12)",1.3093176124544545,1.0741373758779762,-0.2985715907446828,1471.0519322881162,1499.1136245862144,432,48,"PRELIQ,PRENEI,FF,HU,SSI"
3400,19370,"(0, 0, 0)","(0, 1, 1, 12)",1.7170049110568775,1.167252832632579,-0.7509416502805566,1438.9257479065184,1466.9874402046166,432,48,"PRELIQ,PRENEI,FF,HU,SSI"
6600,18330,"(0, 0, 0)","(0, 1, 1, 12)",1.418879368344774,1.2261376487695044,-0.895184242225881,1404.2612774616166,1432.3229697597149,432,48,"PRELIQ,PRENEI,FF,HU,SSI"
9480,22810,"(0, 0, 0)","(0, 1, 1, 12)",1.317739827519843,1.0012463629133608,0.2476271496521716,1574.440613663357,1602.5023059614552,432,48,"PRELIQ,PRENEI,FF,HU,SSI"
6920,25530,"(0, 0, 0)","(0, 1, 1, 12)",1.484306899922129,1.192091175124226,-0.17498171682677235,1494.2561934635246,1522.3178857616228,432,48,"PRELIQ,PRENEI,FF,HU,SSI"
5400,21370,"(0, 0, 0)","(0, 1, 1, 12)",1.1116347894921028,0.8725109856683629,-0.052204607184409425,1517.1565653849236,1545.2182576830219,432,48,"PRELIQ,PRENEI,FF,HU,SSI"
5480,18170,"(0, 0, 0)","(0, 1, 1, 12)",1.3365860299276304,1.0597617627024232,-0.4563247473950391,1454.3437974172289,1482.4054897153271,432,48,"PRELIQ,PRENEI,FF,HU,SSI"
8360,25050,"(0, 0, 0)","(0, 1, 1, 12)",1.4273215058236706,1.0950233544146908,-0.06620621018574717,1559.664576765613,1587.7262690637112,432,48,"PRELIQ,PRENEI,FF,HU,SSI"
4680,22810,"(0, 0, 0)","(0, 1, 1, 12)",1.181705672134376,0.8908737355428702,0.31403002293444054,1478.0170052678936,1506.078697565992,432,48,"PRELIQ,PRENEI,FF,HU,SSI"
4280,24330,"(0, 0, 0)","(0, 1, 1, 12)",1.16845723507387,0.9664233366556462,-0.34175782703902535,1384.5986896407144,1412.6603819388126,432,48,"PRELIQ,PRENEI,FF,HU,SSI"
9400,22010,"(0, 0, 0)","(0, 1, 1, 12)",1.405893027073948,1.0672610527606075,0.5549726606095523,1558.448447609165,1586.5101399072632,432,48,"PRELIQ,PRENEI,FF,HU,SSI"
9080,19290,"(0, 0, 0)","(0, 1, 1, 12)",1.605678961294367,1.20195655953896,1.027753459192719,1465.0831704595169,1493.144862757615,432,48,"PRELIQ,PRENEI,FF,HU,SSI"
3320,20890,"(0, 0, 0)","(0, 1, 1, 12)",1.1422140050650602,0.9382375976088909,-0.27358899209187554,1440.8242747938243,1468.8859670919226,432,48,"PRELIQ,PRENEI,FF,HU,SSI"
5080,19850,"(0, 0, 0)","(0, 1, 1, 12)",1.3175572379058018,1.0559602977817166,-0.4343452899140736,1458.0744552967612,1486.1361475948595,432,48,"PRELIQ,PRENEI,FF,HU,SSI"
2440,22810,"(0, 0, 0)","(0, 1, 1, 12)",1.2038312312088377,1.031977990364805,-0.38197098443988864,1455.4750856255723,1483.5367779236706,432,48,"PRELIQ,PRENEI,FF,HU,SSI"
8120,25450,"(0, 0, 0)","(0, 1, 1, 12)",1.5481115062789692,1.216593618966427,0.08031647791442353,1576.1755145617258,1604.237206859824,432,48,"PRELIQ,PRENEI,FF,HU,SSI"
9800,21290,"(0, 0, 0)","(0, 1, 1, 12)",1.3295131421978859,1.0859853451813666,-0.1318433340564138,1569.5563328287399,1597.6180251268381,432,48,"PRELIQ,PRENEI,FF,HU,SSI"
8680,22170,"(0, 0, 0)","(0, 1, 1, 12)",1.527561114263998,1.2027983440595698,0.5691482023091111,1547.7230638906194,1575.7847561887177,432,48,"PRELIQ,PRENEI,FF,HU,SSI"
6360,25370,"(0, 0, 0)","(0, 1, 1, 12)",1.434744993858404,1.1530085401883337,-0.010013306631308347,1495.2152100442868,1523.276902342385,432,48,"PRELIQ,PRENEI,FF,HU,SSI"
9400,24090,"(0, 0, 0)","(0, 1, 1, 12)",1.3774195232202442,1.0424875110175718,0.035977455833940665,1582.2488592144914,1610.3105515125897,432,48,"PRELIQ,PRENEI,FF,HU,SSI"
10440,22570,"(0, 0, 0)","(0, 1, 1, 12)",1.5011748248780257,1.2214305562059817,0.15936893248581063,1593.7587401358874,1621.8204324339856,432,48,"PRELIQ,PRENEI,FF,HU,SSI"
4040,19930,"(0, 0, 0)","(0, 1, 1, 12)",1.4273209712952681,1.0736448195210027,-0.49092016762003815,1499.410792821844,1527.4724851199423,432,48,"PRELIQ,PRENEI,FF,HU,SSI"
5400,20250,"(0, 0, 0)","(0, 1, 1, 12)",1.3130356865696338,1.008217246168597,-0.3377601671099928,1461.5523805263786,1489.6140728244768,432,48,"PRELIQ,PRENEI,FF,HU,SSI"
9400,21770,"(0, 0, 0)","(0, 1, 1, 12)",1.169436733042377,0.9526255953577345,-0.4517501636272512,1560.5903459254305,1588.6520382235287,432,48,"PRELIQ,PRENEI,FF,HU,SSI"
3560,21290,"(0, 0, 0)","(0, 1, 1, 12)",1.093425054487841,0.8383286747573803,0.018647048811344824,1462.2697177276968,1490.331410025795,432,48,"PRELIQ,PRENEI,FF,HU,SSI"
6840,18810,"(0, 0, 0)","(0, 1, 1, 12)",1.2261422741080843,0.9863650727571359,-0.1692803575158471,1451.315971385848,1479.3776636839461,432,48,"PRELIQ,PRENEI,FF,HU,SSI"
8920,19770,"(0, 0, 0)","(0, 1, 1, 12)",1.1145772783517307,0.8992911394067468,-0.08211152449598068,1448.4551129845945,1476.5168052826928,432,48,"PRELIQ,PRENEI,FF,HU,SSI"
6200,25690,"(0, 0, 0)","(0, 1, 1, 12)",1.4488997320433235,1.174335192961364,-0.46012604650528455,1501.5015071278194,1529.5631994259177,432,48,"PRELIQ,PRENEI,FF,HU,SSI"
6760,20730,"(0, 0, 0)","(0, 1, 1, 12)",1.3540543822463265,1.0286453211242776,-0.4122302787401475,1546.841831568362,1574.9035238664603,432,48,"PRELIQ,PRENEI,FF,HU,SSI"
11000,23530,"(0, 0, 0)","(0, 1, 1, 12)",1.7014738372332743,1.3338114403842969,0.38050079272060705,1619.7356833208719,1647.7973756189701,432,48,"PRELIQ,PRENEI,FF,HU,SSI"
9080,21770,"(0, 0, 0)","(0, 1, 1, 12)",1.165488451832202,0.948187875401938,-0.41319492332904484,1560.2672242507858,1588.328916548884,432,48,"PRELIQ,PRENEI,FF,HU,SSI"
6920,18890,"(0, 0, 0)","(0, 1, 1, 12)",1.1508098934761275,0.8970804461442098,0.058063383469842265,1462.1188061670832,1490.1804984651815,432,48,"PRELIQ,PRENEI,FF,HU,SSI"
7480,23530,"(0, 0, 0)","(0, 1, 1, 12)",1.3800366989134156,1.0527050888746068,-0.20518106765225722,1530.0818548099296,1558.1435471080279,432,48,"PRELIQ,PRENEI,FF,HU,SSI"
2920,21770,"(0, 0, 0)","(0, 1, 1, 12)",1.1666396831553745,0.9734747651398731,-0.4715121802139955,1432.371005581367,1460.4326978794652,432,48,"PRELIQ,PRENEI,FF,HU,SSI"
7640,23050,"(0, 0, 0)","(0, 1, 1, 12)",1.3580954011708792,1.054303326866288,-0.2772017198574441,1533.469207934724,1561.5309002328222,432,48,"PRELIQ,PRENEI,FF,HU,SSI"
2440,23530,"(0, 0, 0)","(0, 1, 1, 12)",1.2132557802537987,0.9579482638580586,-0.0860831930258109,1403.6645867663021,1431.7262790644004,432,48,"PRELIQ,PRENEI,FF,HU,SSI"
4120,18970,"(0, 0, 0)","(0, 1, 1, 12)",1.703375053018878,1.282891572429147,-0.6528299745114526,1501.5632611537949,1529.6249534518931,432,48,"PRELIQ,PRENEI,FF,HU,SSI"
3960,22570,"(0, 0, 0)","(0, 1, 1, 12)",1.2382969960298973,0.9803679472826768,0.0574404240109501,1471.3639013694972,1499.4255936675954,432,48,"PRELIQ,PRENEI,FF,HU,SSI"
8680,20570,"(0, 0, 0)","(0, 1, 1, 12)",1.1581564896102252,0.9131222078100767,0.10138443302211118,1496.2299264429228,1524.291618741021,432,48,"PRELIQ,PRENEI,FF,HU,SSI"
10040,21930,"(0, 0, 0)","(0, 1, 1, 12)",1.4183463044164724,1.199241666440316,-0.42197850913123336,1566.270893856497,1594.3325861545952,432,48,"PRELIQ,PRENEI,FF,HU,SSI"
6360,17770,"(0, 0, 0)","(0, 1, 1, 12)",1.442724097891585,1.2100297363305716,-1.0245321276094403,1380.2714635720654,1408.3331558701636,432,48,"PRELIQ,PRENEI,FF,HU,SSI"
4920,19770,"(0, 0, 0)","(0, 1, 1, 12)",1.2867700810995701,1.034515400113203,-0.4174538959997813,1448.3418299955745,1476.4035222936727,432,48,"PRELIQ,PRENEI,FF,HU,SSI"
1640,24250,"(0, 0, 0)","(0, 1, 1, 12)",1.1278573932014835,0.9416323016127143,-0.4947014257445523,1300.7957664370902,1328.8574587351884,432,48,"PRELIQ,PRENEI,FF,HU,SSI"
3400,18490,"(0, 0, 0)","(0, 1, 1, 12)",1.2514088462257533,1.0069765500932528,-0.5669613974354796,1452.426481684186,1480.4881739822843,432,48,"PRELIQ,PRENEI,FF,HU,SSI"
2600,22490,"(0, 0, 0)","(0, 1, 1, 12)",1.3899000620529969,1.1523742142252391,-0.8037505638041685,1426.8019118245948,1454.863604122693,432,48,"PRELIQ,PRENEI,FF,HU,SSI"
5560,20970,"(0, 0, 0)","(0, 1, 1, 12)",1.2273068982276676,0.9445750368005749,0.3077085164472999,1496.111980230081,1524.1736725281792,432,48,"PRELIQ,PRENEI,FF,HU,SSI"
8920,22410,"(0, 0, 0)","(0, 1, 1, 12)",1.3144771355357174,0.949375363469995,0.3734168172348255,1534.647869918001,1562.7095622160994,432,48,"PRELIQ,PRENEI,FF,HU,SSI"
8040,23210,"(0, 0, 0)","(0, 1, 1, 12)",1.3224764393793096,0.9954445350287502,0.1118248159870795,1507.5466913781272,1535.6083836762255,432,48,"PRELIQ,PRENEI,FF,HU,SSI"
2440,23770,"(0, 0, 0)","(0, 1, 1, 12)",1.1664821326716295,0.9421977136721345,-0.14025977438253925,1361.1069712799338,1389.168663578032,432,48,"PRELIQ,PRENEI,FF,HU,SSI"
5320,22250,"(0, 0, 0)","(0, 1, 1, 12)",1.2751848613055705,0.9458702132214102,-0.01876734716230576,1485.6176745500893,1513.6793668481876,432,48,"PRELIQ,PRENEI,FF,HU,SSI"
7800,21610,"(0, 0, 0)","(0, 1, 1, 12)",1.2978973037122932,0.909875695935353,-0.15726765254092667,1513.8261818576102,1541.8878741557085,432,48,"PRELIQ,PRENEI,FF,HU,SSI"
7080,23370,"(0, 0, 0)","(0, 1, 1, 12)",1.232214943712683,0.9631321547669484,0.08699296241055456,1499.407073230982,1527.4687655290802,432,48,"PRELIQ,PRENEI,FF,HU,SSI"
9080,23530,"(0, 0, 0)","(0, 1, 1, 12)",1.2903067127067458,0.9936185965652276,-0.004195188449961677,1550.784628563919,1578.8463208620171,432,48,"PRELIQ,PRENEI,FF,HU,SSI"
6040,21530,"(0, 0, 0)","(0, 1, 1, 12)",1.213557354013423,0.9404881452191978,0.37956410438936694,1544.091465192286,1572.1531574903843,432,48,"PRELIQ,PRENEI,FF,HU,SSI"
10440,24250,"(0, 0, 0)","(0, 1, 1, 12)",1.4164148169237278,1.096346056869143,0.2816681439570139,1573.2460672589748,1601.307759557073,432,48,"PRELIQ,PRENEI,FF,HU,SSI"
4440,22970,"(0, 0, 0)","(0, 1, 1, 12)",1.1230237638312475,0.8986207399505276,0.3972797355821402,1472.4017321565448,1500.463424454643,432,48,"PRELIQ,PRENEI,FF,HU,SSI"
4680,20330,"(0, 0, 0)","(0, 1, 1, 12)",1.2407815652412526,0.9971116360854558,-0.2255927691079623,1475.7486241631805,1503.8103164612787,432,48,"PRELIQ,PRENEI,FF,HU,SSI"
9480,20810,"(0, 0, 0)","(0, 1, 1, 12)",1.3252330796936773,1.111867354075792,-0.2525470551206344,1552.1523844185158,1580.214076716614,432,48,"PRELIQ,PRENEI,FF,HU,SSI"
5480,20090,"(0, 0, 0)","(0, 1, 1, 12)",1.3160126220860338,0.9882061552328651,-0.1286562405402819,1479.6816226004955,1507.7433148985938,432,48,"PRELIQ,PRENEI,FF,HU,SSI"
